idx,VIS_km,TD_SPREAD,TEMP_C,DEWP_C,WND_KT,WIND_CHILL,SLP_hPa
0,16.093,4.0,-15.0,-19.0,11.079888,-24.284858117162365,986.6
1,16.093,4.0,-15.0,-19.0,11.079888,-24.284858117162365,986.6
2,16.093,4.0,-15.0,-19.0,11.311297523809523,-24.377887795056125,986.5285714285716
3,16.093,4.0,-15.0,-19.0,11.542707047619048,-24.46933226608469,986.4571428571428
4,16.093,4.0,-15.0,-19.0,11.774116571428571,-24.55924952434631,986.3857142857142
5,16.093,4.0,-15.0,-19.0,12.005526095238096,-24.64769435288376,986.3142857142856
6,15.076578947368422,4.0,-15.0,-19.0,12.461037473684213,-24.817686871010324,986.1526315789472
7,13.806052631578948,4.0,-15.0,-19.0,12.972574315789474,-25.002474342106485,985.9684210526316
8,12.535526315789474,4.0,-15.0,-19.0,13.484111157894738,-25.181239170234605,985.7842105263156
9,11.265,4.0,-15.0,-19.0,13.995648,-25.354395323358947,985.6
10,11.265,4.0,-15.0,-19.0,13.509688,-25.19002693343436,985.6
11,11.265,4.0,-15.0,-19.0,13.023728000000002,-25.020614652679065,985.6
12,11.265,4.0,-15.0,-19.0,12.537768000000002,-24.845806536383584,985.6
13,11.265,4.0,-15.0,-19.0,12.051808,-24.665211235992178,985.6
14,12.472,3.75,-15.0,-18.75,12.051808,-24.665211235992178,985.45
15,13.679,3.5,-15.0,-18.5,12.051808,-24.665211235992178,985.3
16,14.886,3.25,-15.0,-18.25,12.051808,-24.665211235992178,985.15
17,16.093,3.0,-15.0,-18.0,12.051808,-24.665211235992178,985.0
18,14.94347619047619,3.238095238095238,-14.761904761904765,-18.0,12.051808,-24.36207318743036,984.8333333333334
19,13.793952380952382,3.4761904761904763,-14.523809523809524,-18.0,12.051808,-24.05893513886854,984.6666666666666
20,12.644428571428572,3.7142857142857135,-14.285714285714286,-18.0,12.051808,-23.75579709030673,984.5
21,11.494904761904763,3.952380952380953,-14.047619047619047,-18.0,12.051808,-23.45265904174491,984.3333333333331
22,12.2306,3.8,-14.0,-17.8,12.246192,-23.463320404306316,984.18
23,13.4376,3.55,-14.0,-17.55,12.489172,-23.55110693151585,984.03
24,14.6446,3.3,-14.0,-17.3,12.732152,-23.637470347803134,983.88
25,15.8516,3.05,-14.0,-17.05,12.975132,-23.722460232615703,983.73
26,16.093,3.210526315789473,-13.789473684210526,-17.0,13.228342736842103,-23.539519918481005,983.7
27,16.093,3.473684210526316,-13.526315789473683,-17.0,13.484111157894738,-23.287562718005887,983.7
28,16.093,3.736842105263158,-13.263157894736842,-17.0,13.739879578947368,-23.03319138763886,983.7
29,16.093,4.0,-13.0,-17.0,13.995648,-22.77647671551003,983.7
30,16.093,4.0,-13.0,-17.0,13.532828952380951,-22.62721032210128,983.5333333333334
31,16.093,4.0,-13.0,-17.0,13.070009904761903,-22.47359242801116,983.3666666666668
32,16.093,4.0,-13.0,-17.0,12.607190857142855,-22.31533512836628,983.2
33,16.093,4.0,-13.0,-17.0,12.144371809523811,-22.15212001675173,983.0333333333332
34,16.093,4.0,-12.789473684210526,-16.789473684210527,12.256422736842106,-21.923700567917606,983.0
35,16.093,4.0,-12.526315789473683,-16.526315789473685,12.512191157894735,-21.677306175732394,983.0
36,16.093,4.0,-12.263157894736842,-16.263157894736842,12.76795957894737,-21.42826583748805,983.0
37,16.093,4.0,-12.0,-16.0,13.023728,-21.176663382035972,983.0
38,16.093,3.75,-12.0,-15.75,12.780748,-21.095912918951278,982.925
39,16.093,3.5,-12.0,-15.5,12.537768,-21.01386244081388,982.85
40,16.093,3.25,-12.0,-15.25,12.294788,-20.930465205262365,982.775
41,16.093,3.0,-12.0,-15.0,12.051808,-20.845671824113285,982.7
42,16.093,3.0,-11.761904761904765,-14.761904761904765,12.283217523809524,-20.622848549431854,982.7714285714286
43,16.093,3.0,-11.523809523809524,-14.523809523809524,12.514627047619047,-20.397825827705812,982.8428571428572
44,16.093,3.0,-11.285714285714286,-14.285714285714286,12.746036571428572,-20.17066801372253,982.9142857142856
45,16.093,3.0,-11.047619047619047,-14.047619047619047,12.977446095238095,-19.941436318756406,982.9857142857144
46,16.093,2.7894736842105265,-11.0,-13.789473684210526,13.023728,-19.89534629182161,982.8736842105264
47,16.093,2.526315789473684,-11.0,-13.526315789473683,13.023728,-19.89534629182161,982.7157894736844
48,16.093,2.263157894736842,-11.0,-13.263157894736842,13.023728,-19.89534629182161,982.557894736842
49,16.093,2.0,-11.0,-13.0,13.023728,-19.89534629182161,982.4
50,16.093,2.238095238095238,-10.761904761904765,-13.0,13.486547047619048,-19.736065363725707,982.304761904762
51,16.093,2.4761904761904763,-10.523809523809524,-13.0,13.949366095238096,-19.57090519393193,982.2095238095238
52,16.093,2.7142857142857144,-10.285714285714286,-13.0,14.412185142857144,-19.400187397029896,982.1142857142858
53,16.093,2.952380952380953,-10.047619047619047,-13.0,14.87500419047619,-19.2242055001291,982.0190476190476
54,16.093,3.0,-10.0,-13.0,14.967568,-19.188401478717417,982.0
55,16.093,3.0,-10.0,-13.0,14.967568,-19.188401478717417,982.0
56,16.093,3.0,-10.0,-13.0,14.967568,-19.188401478717417,982.0
57,16.093,3.0,-10.0,-13.0,14.967568,-19.188401478717417,982.0
58,16.093,3.0,-9.761904761904765,-12.761904761904765,14.273339428571427,-18.68347975757525,982.0
59,16.093,3.0,-9.523809523809524,-12.523809523809524,13.579110857142858,-18.172849544347795,982.0
60,16.093,3.0,-9.285714285714286,-12.285714285714286,12.884882285714289,-17.655884799440752,982.0
61,16.093,3.0,-9.047619047619047,-12.047619047619047,12.190653714285716,-17.13185780126799,982.0
62,16.093,2.7894736842105265,-9.0,-11.789473684210526,12.051808,-17.026132412234393,982.0
63,16.093,2.526315789473684,-9.0,-11.526315789473683,12.051808,-17.026132412234393,982.0
64,16.093,2.263157894736842,-9.0,-11.263157894736842,12.051808,-17.026132412234393,982.0
65,16.093,2.0,-9.0,-11.0,12.051808,-17.026132412234393,982.0
66,16.093,2.0,-9.0,-11.0,11.542707047619048,-16.85716241125487,982.0
67,16.093,2.0,-9.0,-11.0,11.033606095238095,-16.681811849243097,982.0
68,16.093,2.0,-9.0,-11.0,10.524505142857144,-16.49952799313428,982.0
69,16.093,2.0,-9.0,-11.0,10.01540419047619,-16.30968053543196,982.0
70,16.093,2.0,-9.0,-11.0,10.159121684210527,-16.364080096746633,982.0842105263158
71,16.093,2.0,-9.0,-11.0,10.466043789473684,-16.478124501250306,982.1894736842104
72,16.093,2.0,-9.0,-11.0,10.772965894736842,-16.589393361700104,982.2947368421052
73,16.093,2.0,-9.0,-11.0,11.079888,-16.698030488420958,982.4
74,16.093,2.0,-8.5,-10.5,10.059372,-15.699088754855541,982.4
75,16.093,2.0,-8.0,-10.0,9.038856,-14.677747717172288,982.4
76,16.093,2.0,-7.5,-9.5,8.01834,-13.62836232481257,982.4
77,16.093,2.0,-7.0,-9.0,6.9978240000000005,-12.543034692781973,982.4
78,16.093,2.0,-6.761904761904762,-8.761904761904763,6.303595428571429,-11.9018671942868,982.5428571428572
79,16.093,2.0,-6.523809523809524,-8.523809523809524,5.609366857142858,-11.231525567928916,982.6857142857144
80,16.093,2.0,-6.285714285714286,-8.285714285714286,4.915138285714286,-10.524577678087512,982.8285714285714
81,16.093,2.0,-6.047619047619048,-8.047619047619047,4.220909714285714,-9.770349321652018,982.9714285714284
82,16.093,2.0,-6.0,-8.0,4.286678736842105,-9.761839954185591,983.0
83,16.093,2.0,-6.0,-8.0,4.5424471578947365,-9.940262187608122,983.0
84,16.093,2.0,-6.0,-8.0,4.798215578947368,-10.11043594131587,983.0
85,16.093,2.0,-6.0,-8.0,5.053984,-10.27315314087356,983.0
86,16.093,2.0,-5.761904761904762,-7.761904761904762,4.544883047619048,-9.661198611534527,983.0
87,16.093,2.0,-5.523809523809524,-7.523809523809524,4.035782095238095,-9.021460298911878,983.0
88,16.093,2.0,-5.285714285714286,-7.285714285714286,3.526681142857143,-8.346709493698548,983.0
89,16.093,2.0,-5.047619047619048,-7.047619047619048,3.0175801904761905,-7.626488443839353,983.0
90,16.093,2.0,-5.0,-7.0,2.91576,-7.475719202416093,983.0631578947368
91,16.093,2.0,-5.0,-7.0,2.91576,-7.475719202416093,983.142105263158
92,16.093,2.0,-5.0,-7.0,2.91576,-7.475719202416093,983.2210526315788
93,16.093,2.0,-5.0,-7.0,2.91576,-7.475719202416093,983.3
94,16.093,2.0,-4.75,-6.75,3.450316,-7.664394690305107,983.3
95,16.093,2.0,-4.5,-6.5,3.984872,-7.788278740610632,983.3
96,16.093,2.0,-4.25,-6.25,4.519428,-7.862125702240643,983.3
97,16.093,2.0,-4.0,-6.0,5.053984,-7.895985314798011,983.3
98,16.093,2.0,-4.0,-6.0,5.516803047619048,-8.157595432177414,983.3
99,16.093,2.0,-4.0,-6.0,5.979622095238096,-8.401375801035469,983.3
100,16.093,2.0,-4.0,-6.0,6.442441142857144,-8.629789796141397,983.3
101,16.093,2.0,-4.0,-6.0,6.905260190476191,-8.844811941026204,983.3
102,16.093,2.210526315789473,-4.0,-6.2105263157894735,7.2024387368421054,-8.976577754690553,983.3
103,16.093,2.473684210526316,-4.0,-6.473684210526316,7.458207157894737,-9.08637493961339,983.3
104,16.093,2.736842105263158,-4.0,-6.7368421052631575,7.713975578947368,-9.193053508430005,983.3
105,16.093,3.0,-4.0,-7.0,7.969743999999999,-9.296801165270974,983.3
106,16.093,2.761904761904762,-4.238095238095238,-7.0,7.969743999999999,-9.590004473575089,983.3
107,16.093,2.523809523809524,-4.476190476190476,-7.0,7.969743999999999,-9.8832077818792,983.3
108,16.093,2.2857142857142856,-4.714285714285714,-7.0,7.969743999999999,-10.176411090183313,983.3
109,16.093,2.0476190476190474,-4.9523809523809526,-7.0,7.969743999999999,-10.469614398487424,983.3
110,16.093,2.0,-5.2105263157894735,-7.2105263157894735,8.829125894736842,-11.128953769679484,983.3
111,16.093,2.0,-5.473684210526316,-7.473684210526316,9.903353263157896,-11.848245988451191,983.3
112,16.093,2.0,-5.7368421052631575,-7.736842105263157,10.977580631578949,-12.539044512409196,983.3
113,16.093,2.0,-6.0,-8.0,12.051808,-13.206593000355504,983.3
114,16.093,2.0,-6.25,-8.25,11.808828000000002,-13.45083743207038,983.3
115,16.093,2.0,-6.5,-8.5,11.565848,-13.69272137249176,983.3
116,16.093,2.0,-6.75,-8.75,11.322868,-13.932166014637254,983.3
117,16.093,2.0,-7.0,-9.0,11.079888,-14.169087945507156,983.3
118,16.093,2.0,-7.0,-9.0,11.079888,-14.169087945507156,983.3
119,16.093,2.0,-7.0,-9.0,11.079888,-14.169087945507156,983.3
120,16.093,2.0,-7.0,-9.0,11.079888,-14.169087945507156,983.3
121,16.093,2.0,-7.0,-9.0,11.079888,-14.169087945507156,983.3
122,16.093,2.0,-7.2105263157894735,-9.210526315789474,10.425120842105263,-14.211503376972402,983.3
123,16.093,2.0,-7.473684210526316,-9.473684210526317,9.606661894736842,-14.243464548386532,983.3
124,16.093,2.0,-7.736842105263157,-9.736842105263158,8.788202947368422,-14.248674983502157,983.3
125,16.093,2.0,-8.0,-10.0,7.969743999999999,-14.222616744780062,983.3
126,16.093,2.238095238095238,-8.0,-10.238095238095235,8.201153523809523,-14.32529997272872,983.3
127,16.093,2.4761904761904763,-8.0,-10.476190476190476,8.432563047619047,-14.42557756800318,983.3
128,16.093,2.7142857142857144,-8.0,-10.714285714285714,8.663972571428571,-14.523569641348624,983.3
129,16.093,2.952380952380953,-8.0,-10.952380952380953,8.895382095238094,-14.619387291191163,983.3
130,16.093,3.0,-8.0,-11.0,8.53243452631579,-14.468142525174516,983.3
131,16.093,3.0,-8.0,-11.0,8.020897684210526,-14.245528731608182,983.3
132,16.093,3.0,-8.0,-11.0,7.509360842105263,-14.01065184113368,983.3
133,16.093,3.0,-8.0,-11.0,6.9978240000000005,-13.761927503618498,983.3
134,16.093,3.0,-8.0,-11.0,6.511864,-13.511065245244321,983.3
135,16.093,3.0,-8.0,-11.0,6.025904000000001,-13.243951803467228,983.3
136,16.093,3.0,-8.0,-11.0,5.539944,-12.958086710755435,983.3
137,16.093,3.0,-8.0,-11.0,5.053984,-12.65032096694911,983.3
138,16.093,2.761904761904762,-8.0,-10.761904761904765,4.544883047619048,-12.299983781450294,983.395238095238
139,16.093,2.523809523809524,-8.0,-10.523809523809524,4.035782095238095,-11.91497313214559,983.4904761904762
140,16.093,2.2857142857142856,-8.0,-10.285714285714286,3.526681142857143,-11.48675331874486,983.5857142857144
141,16.093,2.0476190476190474,-8.0,-10.047619047619047,3.0175801904761905,-11.003035851112536,983.6809523809524
142,16.093,2.0,-8.0,-10.0,3.570527157894737,-11.525608853642861,983.6157894736842
143,16.093,2.0,-8.0,-10.0,4.388986105263158,-12.186108240846677,983.5105263157894
144,16.093,2.0,-8.0,-10.0,5.207445052631579,-12.750100310479455,983.4052631578948
145,16.093,2.0,-8.0,-10.0,6.025904000000001,-13.243951803467228,983.3
146,16.093,1.761904761904762,-8.0,-9.761904761904765,6.025904000000001,-13.243951803467228,983.0857142857144
147,16.093,1.5238095238095235,-8.0,-9.523809523809524,6.025904000000001,-13.243951803467228,982.8714285714284
148,16.093,1.2857142857142856,-8.0,-9.285714285714286,6.025904000000001,-13.243951803467228,982.6571428571428
149,16.093,1.0476190476190477,-8.0,-9.047619047619047,6.025904000000001,-13.243951803467228,982.4428571428572
150,16.093,1.0,-8.0,-9.0,6.4351334736842105,-13.470027628560489,982.4631578947368
151,16.093,1.0,-8.0,-9.0,6.946670315789474,-13.736222827609865,982.542105263158
152,16.093,1.0,-8.0,-9.0,7.458207157894737,-13.986431334660228,982.621052631579
153,16.093,1.0,-8.0,-9.0,7.969743999999999,-14.222616744780062,982.7
154,16.093,1.0,-8.0,-9.0,8.212724,-14.33036994900695,982.7
155,16.093,1.0,-8.0,-9.0,8.455703999999999,-14.43547772318637,982.7
156,16.093,1.0,-8.0,-9.0,8.698684,-14.538078304068208,982.7
157,16.093,1.0,-8.0,-9.0,8.941664,-14.638299086101679,982.7
158,16.093,1.0,-8.0,-9.0,8.212724,-14.33036994900695,982.625
159,16.093,1.0,-8.0,-9.0,7.483784,-13.998558971071688,982.55
160,16.093,1.0,-8.0,-9.0,6.754844,-13.638391813496542,982.475
161,16.093,1.0,-8.0,-9.0,6.025904000000001,-13.243951803467228,982.4
162,16.093,1.0,-8.0,-9.0,6.025904000000001,-13.243951803467228,982.4
163,16.093,1.0,-8.0,-9.0,6.025904000000001,-13.243951803467228,982.4
164,16.093,1.0,-8.0,-9.0,6.025904000000001,-13.243951803467228,982.4
165,16.093,1.0,-8.0,-9.0,6.025904000000001,-13.243951803467228,982.4
166,14.399105263157894,1.0,-8.0,-9.0,5.61667452631579,-13.004589407176672,982.4
167,12.281736842105264,1.0,-8.0,-9.0,5.105137684210527,-12.683860160465562,982.4
168,10.164368421052632,1.0,-8.0,-9.0,4.593600842105263,-12.334896892449889,982.4
169,8.047,1.0,-8.0,-9.0,4.082064,-11.95160985461511,982.4
170,7.24225,1.0,-8.0,-9.0,4.568024,-12.316606504040081,982.3
171,6.4375,1.0,-8.0,-9.0,5.053984,-12.65032096694911,982.2
172,5.632750000000001,1.0,-8.0,-9.0,5.539944,-12.958086710755435,982.1
173,4.828,1.0,-8.0,-9.0,6.025904000000001,-13.243951803467228,982.0
174,4.828,1.0,-7.761904761904762,-8.761904761904763,5.794494476190477,-12.824357341252117,981.9285714285714
175,4.828,1.0,-7.523809523809524,-8.523809523809524,5.563084952380953,-12.401996898634998,981.8571428571428
176,4.828,1.0,-7.285714285714286,-8.285714285714286,5.331675428571429,-11.976610814812528,981.7857142857144
177,4.828,1.0,-7.047619047619048,-8.047619047619047,5.100265904761905,-11.547905166309082,981.7142857142858
178,4.658526315789474,1.0,-7.0,-8.0,5.463213473684211,-11.715347167545083,981.7
179,4.446684210526316,1.0,-7.0,-8.0,5.974750315789474,-12.010817679131447,981.7
180,4.234842105263158,1.0,-7.0,-8.0,6.486287157894737,-12.285750285066259,981.7
181,4.023,1.0,-7.0,-8.0,6.9978240000000005,-12.543034692781973,981.7
182,4.214666666666666,1.0,-7.0,-8.0,7.692052571428572,-12.86803482216655,981.5333333333334
183,4.406333333333333,1.0,-7.0,-8.0,8.386281142857143,-13.1692625484117,981.3666666666668
184,4.598,1.0,-7.0,-8.0,9.080509714285714,-13.450223851255505,981.2
185,4.789666666666667,1.0,-7.0,-8.0,9.774738285714283,-13.713685460136784,981.0333333333332
186,4.489263157894737,1.0,-7.2105263157894735,-8.210526315789474,9.708969263157895,-13.952786265520373,980.9368421052632
187,4.065842105263158,1.0,-7.473684210526316,-8.473684210526315,9.453200842105264,-14.185004471002934,980.857894736842
188,3.642421052631579,1.0,-7.736842105263157,-8.736842105263158,9.197432421052632,-14.413564035106543,980.7789473684212
189,3.219,1.0,-8.0,-9.0,8.941664,-14.638299086101679,980.7
190,3.42,1.25,-7.75,-9.0,9.47622,-14.538828265636521,980.625
191,3.621,1.5,-7.5,-9.0,10.010776,-14.426742554057835,980.55
192,3.822,1.75,-7.25,-9.0,10.545332,-14.303171285080325,980.475
193,4.023,2.0,-7.0,-9.0,11.079888,-14.169087945507156,980.4
194,5.747285714285714,1.761904761904762,-7.0,-8.761904761904763,10.339377523809524,-13.916614709365792,980.4
195,7.471571428571428,1.5238095238095235,-7.0,-8.523809523809524,9.598867047619049,-13.648466561007114,980.4
196,9.195857142857143,1.2857142857142856,-7.0,-8.285714285714286,8.85835657142857,-13.36234021338213,980.4
197,10.920142857142856,1.0476190476190477,-7.0,-8.047619047619047,8.117846095238095,-13.05536424284147,980.4
198,11.265,1.2105263157894737,-7.0,-8.210526315789474,7.969743999999999,-12.991162849902793,980.4
199,11.265,1.4736842105263157,-7.0,-8.473684210526315,7.969743999999999,-12.991162849902793,980.4
200,11.265,1.736842105263158,-7.0,-8.736842105263158,7.969743999999999,-12.991162849902793,980.4
201,11.265,2.0,-7.0,-9.0,7.969743999999999,-12.991162849902793,980.4
202,11.265,1.761904761904762,-7.0,-8.761904761904763,7.969743999999999,-12.991162849902793,980.2333333333332
203,11.265,1.5238095238095235,-7.0,-8.523809523809524,7.969743999999999,-12.991162849902793,980.0666666666668
204,11.265,1.2857142857142856,-7.0,-8.285714285714286,7.969743999999999,-12.991162849902793,979.9
205,11.265,1.0476190476190477,-7.0,-8.047619047619047,7.969743999999999,-12.991162849902793,979.7333333333332
206,12.28142105263158,1.0,-7.0,-8.0,8.624511157894737,-13.267807868941688,979.5736842105264
207,13.551947368421054,1.0,-7.0,-8.0,9.442970105263155,-13.58981009888458,979.4157894736844
208,14.822473684210529,1.0,-7.0,-8.0,10.26142905263158,-13.889162793788753,979.257894736842
209,16.093,1.0,-7.0,-8.0,11.079888,-14.169087945507156,979.1
210,16.093,1.0,-7.0,-8.0,10.788312,-14.07141935672869,978.925
211,16.093,1.0,-7.0,-8.0,10.496736,-13.971507673365975,978.75
212,16.093,1.0,-7.0,-8.0,10.20516,-13.869236870485386,978.575
213,16.093,1.0,-7.0,-8.0,9.913584,-13.764481391366669,978.4
214,16.093,1.0,-7.0,-8.0,10.191275428571428,-13.864305891634338,978.4
215,16.093,1.0,-7.0,-8.0,10.468966857142858,-13.961871137266202,978.4
216,16.093,1.0,-7.0,-8.0,10.746658285714286,-14.057286200503977,978.4
217,16.093,1.0,-7.0,-8.0,11.024349714285714,-14.150652233261805,978.4
218,16.093,1.2105263157894737,-6.789473684210527,-8.0,10.629735578947368,-13.752057688834782,978.3368421052631
219,16.093,1.4736842105263157,-6.526315789473684,-8.0,10.06704505263158,-13.225609448443343,978.257894736842
220,16.093,1.736842105263158,-6.2631578947368425,-8.0,9.504354526315788,-12.692772065496342,978.1789473684212
221,16.093,2.0,-6.0,-8.0,8.941664,-12.152723431083208,978.1
222,16.093,2.0,-6.0,-8.0,9.173073523809524,-12.24097685780624,978.004761904762
223,16.093,2.0,-6.0,-8.0,9.404483047619047,-12.327379531049178,977.909523809524
224,16.093,2.0,-6.0,-8.0,9.635892571428572,-12.412014401468744,977.8142857142858
225,16.093,2.0,-6.0,-8.0,9.867302095238095,-12.494958817461294,977.7190476190476
226,16.093,1.7894736842105263,-6.0,-7.7894736842105265,9.50435452631579,-12.364118346671713,977.7
227,16.093,1.5263157894736843,-6.0,-7.526315789473684,8.992817684210527,-12.1723958706528,977.7
228,16.093,1.263157894736842,-6.0,-7.263157894736842,8.481280842105264,-11.971282836407784,977.7
229,16.093,1.0,-6.0,-7.0,7.969743999999999,-11.75970895502552,977.7
230,16.093,1.238095238095238,-5.761904761904762,-7.0,8.201153523809523,-11.562922777472334,977.6285714285716
231,16.093,1.4761904761904765,-5.523809523809524,-7.0,8.432563047619047,-11.362560172422924,977.5571428571428
232,16.093,1.7142857142857144,-5.285714285714286,-7.0,8.663972571428571,-11.158779212707449,977.4857142857144
233,16.093,1.9523809523809523,-5.047619047619048,-7.0,8.895382095238094,-10.951726565348277,977.4142857142856
234,16.093,1.7894736842105263,-5.0,-6.789473684210527,8.737049263157894,-10.832584977597513,977.3368421052631
235,16.093,1.5263157894736843,-5.0,-6.526315789473684,8.481280842105262,-10.733727476408097,977.257894736842
236,16.093,1.263157894736842,-5.0,-6.2631578947368425,8.225512421052631,-10.632333203331688,977.1789473684212
237,16.093,1.0,-5.0,-6.0,7.969743999999999,-10.528255060148247,977.1
238,16.093,1.0,-5.0,-6.0,7.969743999999999,-10.528255060148247,977.004761904762
239,16.093,1.0,-5.0,-6.0,7.969743999999999,-10.528255060148247,976.909523809524
240,16.093,1.0,-5.0,-6.0,7.969743999999999,-10.528255060148247,976.8142857142858
241,16.093,1.0,-5.0,-6.0,7.969743999999999,-10.528255060148247,976.7190476190476
242,16.093,1.2105263157894737,-4.789473684210527,-6.0,8.174358736842105,-10.351961876787733,976.6368421052632
243,16.093,1.4736842105263157,-4.526315789473684,-6.0,8.430127157894736,-10.127727977506364,976.5578947368422
244,16.093,1.736842105263158,-4.2631578947368425,-6.0,8.685895578947369,-9.899392151128886,976.478947368421
245,16.093,2.0,-4.0,-6.0,8.941664,-9.667147776064734,976.4
246,16.093,2.0,-4.0,-6.0,9.184644,-9.75442272624931,976.25
247,16.093,2.0,-4.0,-6.0,9.427624,-9.839779309432023,976.1
248,16.093,2.0,-4.0,-6.0,9.670604,-9.923307541951587,975.95
249,16.093,2.0,-4.0,-6.0,9.913584,-10.005091082432333,975.8
250,16.093,2.0,-3.761904761904762,-5.761904761904762,8.525126857142856,-9.218009814139071,975.8
251,16.093,2.0,-3.523809523809524,-5.523809523809524,7.1366697142857145,-8.366494630111116,975.8
252,16.093,2.0,-3.2857142857142856,-5.285714285714286,5.748212571428571,-7.424130380431988,975.8
253,16.093,2.0,-3.0476190476190474,-5.047619047619048,4.359755428571428,-6.343676129434539,975.8
254,16.093,2.0,-2.7894736842105265,-4.789473684210527,4.900522947368421,-6.36935747283557,975.8
255,16.093,2.0,-2.526315789473684,-4.526315789473684,5.923596631578947,-6.5996284579776585,975.8
256,16.093,2.0,-2.263157894736842,-4.2631578947368425,6.946670315789474,-6.747647950936647,975.8
257,16.093,2.0,-2.0,-4.0,7.969743999999999,-6.833893375516429,975.8
258,16.093,2.0,-2.0,-4.0,7.506924952380952,-6.655642851009487,975.8
259,16.093,2.0,-2.0,-4.0,7.044105904761905,-6.467909127278025,975.8
260,16.093,2.0,-2.0,-4.0,6.5812868571428575,-6.269511815447547,975.8
261,16.093,2.0,-2.0,-4.0,6.1184678095238105,-6.059027173812109,975.8
262,16.093,2.0,-2.0,-4.0,6.2305187368421056,-6.111183016053689,975.715789473684
263,16.093,2.0,-2.0,-4.0,6.486287157894737,-6.227344789315394,975.6105263157896
264,16.093,2.0,-2.0,-4.0,6.742055578947369,-6.339720586814018,975.5052631578948
265,16.093,2.0,-2.0,-4.0,6.9978240000000005,-6.448570638599353,975.4
266,16.093,1.761904761904762,-2.238095238095238,-4.0,6.025904000000001,-6.30218317041405,975.4
267,16.093,1.5238095238095235,-2.4761904761904763,-4.0,5.053984,-6.084809828264258,975.4
268,16.093,1.2857142857142856,-2.7142857142857144,-4.0,4.082064,-5.769792779226277,975.4
269,16.093,1.0476190476190477,-2.952380952380953,-4.0,3.110144,-5.310260738537098,975.4
270,15.076578947368422,1.4210526315789471,-2.7894736842105265,-4.2105263157894735,4.184371368421052,-5.9261598476547235,975.4
271,13.806052631578948,1.947368421052632,-2.526315789473684,-4.473684210526316,5.770135578947368,-6.52356544523231,975.4
272,12.535526315789474,2.473684210526316,-2.263157894736842,-4.7368421052631575,7.355899789473684,-6.917499325482605,975.4
273,11.265,3.0,-2.0,-5.0,8.941664,-7.181572121046261,975.4
274,9.732380952380954,3.0,-2.238095238095238,-5.238095238095238,9.682174476190475,-7.723542751634442,975.3285714285714
275,8.199761904761905,3.0,-2.4761904761904763,-5.476190476190476,10.422684952380951,-8.25385356862882,975.2571428571428
276,6.667142857142857,3.0,-2.7142857142857144,-5.714285714285714,11.163195428571427,-8.774129327518521,975.1857142857144
277,5.1345238095238095,3.0,-2.952380952380953,-5.9523809523809526,11.903705904761908,-9.285688726018044,975.1142857142858
278,6.183157894736842,3.0,-3.0,-6.0,11.847193263157896,-9.330574670819507,975.1631578947369
279,7.877105263157896,3.0,-3.0,-6.0,11.591424842105264,-9.258812162640663,975.242105263158
280,9.571052631578947,3.0,-3.0,-6.0,11.335656421052631,-9.185706986818957,975.3210526315788
281,11.265,3.0,-3.0,-6.0,11.079888,-9.111202859679553,975.4
282,11.265,2.761904761904762,-3.0,-5.761904761904762,10.339377523809524,-8.88703703950229,975.4
283,11.265,2.523809523809524,-3.0,-5.523809523809524,9.598867047619049,-8.648953785512624,975.4
284,11.265,2.2857142857142856,-3.0,-5.285714285714286,8.85835657142857,-8.394908056270394,975.4
285,11.265,2.0476190476190474,-3.0,-5.047619047619048,8.117846095238095,-8.122350373473363,975.4
286,10.248578947368422,2.0,-3.0,-5.0,7.56051452631579,-7.903078569794014,975.4842105263158
287,8.978052631578947,2.0,-3.0,-5.0,7.048977684210526,-7.689527924009636,975.5894736842104
288,7.707526315789474,2.0,-3.0,-5.0,6.537440842105264,-7.4625374364876516,975.6947368421052
289,6.437,2.0,-3.0,-5.0,6.025904000000001,-7.220102989660751,975.8
290,5.6325,1.75,-3.25,-5.0,4.519428,-6.68359483095918,975.875
291,4.828,1.5,-3.5,-5.0,3.0129520000000003,-5.852398406650957,975.95
292,4.0235,1.25,-3.75,-5.0,1.506476,0.0,976.025
293,3.219,1.0,-4.0,-5.0,0.0,0.0,976.1
294,2.931619047619048,1.0,-4.714285714285714,-5.714285714285714,2.1289676190476188,0.0,976.1
295,2.644238095238096,1.0,-5.428571428571429,-6.428571428571429,4.2579352380952376,-9.070808494611171,976.1
296,2.3568571428571428,1.0,-6.142857142857142,-7.142857142857142,6.386902857142856,-11.196461274747112,976.1
297,2.0694761904761902,1.0,-6.857142857142858,-7.857142857142858,8.515870476190475,-13.046304396558583,976.1
298,2.012,1.0,-7.2105263157894735,-8.210526315789474,9.391816421052631,-13.833057668619077,976.1631578947369
299,2.012,1.0,-7.473684210526316,-8.473684210526315,9.95450694736842,-14.37312398923413,976.242105263158
300,2.012,1.0,-7.736842105263157,-8.736842105263158,10.517197473684211,-14.906375853121498,976.3210526315788
301,2.012,1.0,-8.0,-9.0,11.079888,-15.433559216964056,976.4
302,2.1077142857142857,1.238095238095238,-8.238095238095237,-9.476190476190476,11.542707047619048,-15.890537667784411,976.4714285714284
303,2.203428571428572,1.4761904761904765,-8.476190476190476,-9.952380952380953,12.005526095238096,-16.34432829433901,976.5428571428572
304,2.2991428571428574,1.7142857142857144,-8.714285714285714,-10.428571428571429,12.468345142857142,-16.79519652632913,976.6142857142858
305,2.394857142857143,1.9523809523809523,-8.952380952380953,-10.904761904761903,12.93116419047619,-17.243378911195077,976.6857142857144
306,2.3293684210526315,1.7894736842105263,-9.210526315789474,-11.0,13.43295747368421,-17.72651365889444,976.784210526316
307,2.2235789473684213,1.5263157894736843,-9.473684210526317,-11.0,13.944494315789472,-18.2162854386932,976.8894736842104
308,2.1177894736842107,1.263157894736842,-9.736842105263158,-11.0,14.456031157894737,-18.703513266121256,976.9947368421052
309,2.012,1.0,-10.0,-11.0,14.967568,-19.188401478717417,977.1
310,2.1077142857142857,1.0,-10.238095238095235,-11.238095238095235,15.198977523809525,-19.56154019097355,977.2428571428572
311,2.203428571428572,1.0,-10.476190476190476,-11.476190476190476,15.430387047619048,-19.934643458222137,977.3857142857144
312,2.2991428571428574,1.0,-10.714285714285714,-11.714285714285714,15.661796571428573,-20.307718991816664,977.5285714285716
313,2.394857142857143,1.0,-10.952380952380953,-11.952380952380953,15.893206095238094,-20.68077409835408,977.6714285714286
314,2.4986315789473683,1.2105263157894737,-11.0,-12.210526315789474,16.389640421052633,-20.87613695927854,977.784210526316
315,2.604421052631579,1.4736842105263157,-11.0,-12.473684210526317,16.95233094736842,-21.023221433067043,977.8894736842104
316,2.710210526315789,1.736842105263158,-11.0,-12.736842105263158,17.51502147368421,-21.166260542480284,977.9947368421052
317,2.816,2.0,-11.0,-13.0,18.077712,-21.305490301183735,978.1
318,2.615,1.75,-11.25,-13.0,17.834732000000002,-21.57466010412341,978.25
319,2.414,1.5,-11.5,-13.0,17.591752,-21.84238248648765,978.4
320,2.213,1.25,-11.75,-13.0,17.348772,-22.108626575817134,978.55
321,2.012,1.0,-12.0,-13.0,17.105792,-22.373360336863684,978.7
322,2.203428571428572,1.0,-12.0,-13.0,16.365281523809525,-22.175548676033124,978.8666666666668
323,2.394857142857143,1.0,-12.0,-13.0,15.62477104761905,-21.970069877788692,979.0333333333332
324,2.5862857142857143,1.0,-12.0,-13.0,14.884260571428571,-21.75624133957916,979.2
325,2.7777142857142856,1.0,-12.0,-13.0,14.143750095238095,-21.533281864837832,979.3666666666668
326,2.731368421052632,1.0,-12.0,-13.0,14.650415157894738,-21.68685959311759,979.5263157894736
327,2.625578947368421,1.0,-12.0,-13.0,15.46887410526316,-21.925771824085004,979.6842105263156
328,2.5197894736842104,1.0,-12.0,-13.0,16.28733305263158,-22.154291500310308,979.842105263158
329,2.414,1.0,-12.0,-13.0,17.105792,-22.373360336863684,980.0
330,2.3182857142857145,1.238095238095238,-12.0,-13.238095238095235,18.031430095238097,-22.610750465975322,980.095238095238
331,2.222571428571429,1.4761904761904765,-12.0,-13.476190476190476,18.9570681904762,-22.83811550386534,980.190476190476
332,2.126857142857143,1.7142857142857144,-12.0,-13.714285714285714,19.882706285714285,-23.05633862387519,980.2857142857142
333,2.031142857142857,1.9523809523809523,-12.0,-13.952380952380953,20.80834438095238,-23.266188373978203,980.3809523809524
334,2.012,2.0,-12.0,-14.0,20.993472,-23.307214252782003,980.5263157894736
335,2.012,2.0,-12.0,-14.0,20.993472,-23.307214252782003,980.6842105263156
336,2.012,2.0,-12.0,-14.0,20.993472,-23.307214252782003,980.842105263158
337,2.012,2.0,-12.0,-14.0,20.993472,-23.307214252782003,981.0
338,2.1077142857142857,2.0,-12.0,-14.0,20.76206247619048,-23.25588401491741,981.095238095238
339,2.203428571428572,2.0,-12.0,-14.0,20.53065295238095,-23.204070928709363,981.190476190476
340,2.2991428571428574,2.0,-12.0,-14.0,20.29924342857143,-23.151764932188257,981.2857142857142
341,2.394857142857143,2.0,-12.0,-14.0,20.067833904761905,-23.09895563603785,981.3809523809524
342,2.3293684210526315,2.210526315789473,-12.421052631578949,-14.63157894736842,21.08554863157895,-23.88927234310667,981.4631578947368
343,2.2235789473684213,2.473684210526316,-12.947368421052632,-15.421052631578949,22.41554442105263,-24.88322420008451,981.542105263158
344,2.1177894736842107,2.736842105263158,-13.473684210526317,-16.210526315789473,23.745540210526315,-25.870178874720967,981.621052631579
345,2.012,3.0,-14.0,-17.0,25.075536,-26.851064657342604,981.7
346,1.91125,2.75,-14.5,-17.25,24.832556,-27.478931778917122,981.875
347,1.8105,2.5,-15.0,-17.5,24.589576,-28.10524705360789,982.05
348,1.70975,2.25,-15.5,-17.75,24.346596,-28.72998876685331,982.225
349,1.609,2.0,-16.0,-18.0,24.103616,-29.35313464174324,982.4
350,1.4175714285714285,2.0,-16.238095238095237,-18.23809523809524,25.02925409523809,-29.87224156380919,982.4714285714284
351,1.2261428571428572,2.0,-16.476190476190474,-18.476190476190474,25.9548921904762,-30.38736198648448,982.5428571428572
352,1.0347142857142857,2.0,-16.714285714285715,-18.714285714285715,26.880530285714286,-30.89879518641856,982.6142857142858
353,0.8432857142857143,2.0,-16.952380952380953,-18.95238095238096,27.806168380952386,-31.406810393566808,982.6857142857144
354,0.7201578947368421,2.0,-17.0,-19.0,27.582066526315792,-31.427852978297764,982.9736842105264
355,0.6141052631578948,2.0,-17.0,-19.0,27.070529684210527,-31.32622062382418,983.3157894736844
356,0.5080526315789474,2.0,-17.0,-19.0,26.558992842105265,-31.222962047557523,983.657894736842
357,0.402,2.0,-17.0,-19.0,26.047456,-31.118019141682392,984.0
358,0.402,2.238095238095238,-17.238095238095237,-19.476190476190474,26.278865523809525,-31.489455590496714,984.0714285714286
359,0.402,2.4761904761904763,-17.476190476190474,-19.95238095238096,26.51027504761905,-31.861034086807813,984.1428571428572
360,0.402,2.7142857142857144,-17.714285714285715,-20.428571428571427,26.74168457142857,-32.23275484684047,984.2142857142856
361,0.402,2.952380952380953,-17.952380952380953,-20.904761904761905,26.973094095238096,-32.60461806349368,984.2857142857142
362,0.402,2.7894736842105265,-18.21052631578948,-21.0,27.019376,-32.96596338261184,984.5736842105264
363,0.402,2.526315789473684,-18.473684210526315,-21.0,27.019376,-33.32465783960884,984.9157894736842
364,0.402,2.263157894736842,-18.73684210526316,-21.0,27.019376,-33.68335229660586,985.257894736842
365,0.402,2.0,-19.0,-21.0,27.019376,-34.04204675360287,985.6
366,0.402,2.238095238095238,-19.0,-21.23809523809524,26.78796647619048,-33.99342545878136,985.8380952380952
367,0.402,2.4761904761904763,-19.0,-21.476190476190474,26.55655695238095,-33.94445005929756,986.0761904761904
368,0.402,2.7142857142857144,-19.0,-21.714285714285715,26.32514742857143,-33.89511485665443,986.3142857142856
369,0.402,2.952380952380953,-19.0,-21.95238095238096,26.093737904761905,-33.84541400956161,986.552380952381
370,0.402,2.7894736842105265,-19.21052631578948,-22.0,26.45668547368421,-34.20963327182628,986.6
371,0.402,2.526315789473684,-19.473684210526315,-22.0,26.968222315789475,-34.6768726259988,986.6
372,0.402,2.263157894736842,-19.73684210526316,-22.0,27.479759157894737,-35.14356992232696,986.6
373,0.402,2.0,-20.0,-22.0,27.991296,-35.609756172523824,986.6
374,0.402,2.0,-20.0,-22.0,27.748316000000003,-35.55915505028976,986.7
375,0.402,2.0,-20.0,-22.0,27.505336,-35.50818035164038,986.8
376,0.402,2.0,-20.0,-22.0,27.262356,-35.45682598156483,986.9
377,0.402,2.0,-20.0,-22.0,27.019376,-35.40508569019153,987.0
378,0.402,2.238095238095238,-20.0,-22.23809523809524,27.482195047619047,-35.50330591410616,987.0714285714286
379,0.402,2.4761904761904763,-20.0,-22.476190476190474,27.945014095238097,-35.60014638682795,987.1428571428572
380,0.402,2.7142857142857144,-20.0,-22.714285714285715,28.407833142857143,-35.69564886713455,987.2142857142856
381,0.402,2.952380952380953,-20.0,-22.95238095238096,28.87065219047619,-35.789853194600866,987.2857142857142
382,0.402,2.7894736842105265,-20.21052631578948,-23.0,28.963216,-36.09724219695684,987.5736842105264
383,0.402,2.526315789473684,-20.473684210526315,-23.0,28.963216,-36.45811786873221,987.9157894736842
384,0.402,2.263157894736842,-20.73684210526316,-23.0,28.963216,-36.81899354050759,988.257894736842
385,0.402,2.0,-21.0,-23.0,28.963216,-37.179869212282966,988.6
386,0.402,2.0,-21.0,-23.0,28.50039695238096,-37.08398979649454,988.7666666666668
387,0.402,2.0,-21.0,-23.0,28.037577904761903,-36.9867934658384,988.9333333333332
388,0.402,2.0,-21.0,-23.0,27.574758857142857,-36.88823993932321,989.1
389,0.402,2.0,-21.0,-23.0,27.11193980952381,-36.788287002051845,989.2666666666668
390,0.402,2.0,-21.0,-23.0,27.019376,-36.76812462678018,989.4263157894736
391,0.402,2.0,-21.0,-23.0,27.019376,-36.76812462678018,989.5842105263156
392,0.402,2.0,-21.0,-23.0,27.019376,-36.76812462678018,989.742105263158
393,0.402,2.0,-21.0,-23.0,27.019376,-36.76812462678018,989.9
394,0.50275,2.0,-21.0,-23.0,26.776396,-36.714920989245336,989.9
395,0.6035,2.0,-21.0,-23.0,26.533416000000003,-36.66131024920893,989.9
396,0.70425,2.0,-21.0,-23.0,26.290436,-36.60728552042497,989.9
397,0.805,2.0,-21.0,-23.0,26.047456,-36.55283973518938,989.9
398,0.805,2.238095238095238,-20.761904761904763,-23.0,25.81604647619048,-36.17733772436168,989.9
399,0.805,2.4761904761904763,-20.52380952380953,-23.0,25.58463695238095,-35.80194545424299,989.9
400,0.805,2.7142857142857144,-20.285714285714285,-23.0,25.35322742857143,-35.42666210053127,989.9
401,0.805,2.952380952380953,-20.047619047619047,-23.0,25.121817904761905,-35.05148679701813,989.9
402,0.805,2.7894736842105265,-20.21052631578948,-23.0,25.48476547368421,-35.35446593044919,989.9842105263158
403,0.805,2.526315789473684,-20.473684210526315,-23.0,25.996302315789475,-35.8263371797444,990.0894736842104
404,0.805,2.263157894736842,-20.73684210526316,-23.0,26.507839157894736,-36.29754446562926,990.1947368421052
405,0.805,2.0,-21.0,-23.0,27.019376,-36.76812462678018,990.3
406,0.805,2.0,-21.0,-23.0,27.482195047619047,-36.868362691046215,990.4428571428572
407,0.805,2.0,-21.0,-23.0,27.945014095238097,-36.96719265845371,990.5857142857144
408,0.805,2.0,-21.0,-23.0,28.407833142857143,-37.06465714567439,990.7285714285714
409,0.805,2.0,-21.0,-23.0,28.87065219047619,-37.16079681074902,990.8714285714284
410,0.8854000000000001,2.2,-21.0,-23.2,27.7580352,-36.92743210029645,990.98
411,0.9859,2.45,-21.0,-23.45,26.2515592,-36.598602676031234,991.08
412,1.0864,2.7,-21.0,-23.7,24.7450832,-36.25352099316848,991.18
413,1.1869,2.95,-21.0,-23.95,23.2386072,-35.89031682043607,991.28
414,1.207,3.0,-21.0,-24.0,23.592079157894737,-35.97727544404336,991.3
415,1.207,3.0,-21.0,-24.0,24.41053810526316,-36.17450130231997,991.3
416,1.207,3.0,-21.0,-24.0,25.22899705263158,-36.36624848958674,991.3
417,1.207,3.0,-21.0,-24.0,26.047456,-36.55283973518938,991.3
418,1.207,3.0,-21.0,-24.0,26.51027504761905,-36.65618298298274,991.3714285714284
419,1.207,3.0,-21.0,-24.0,26.973094095238096,-36.75802167270788,991.4428571428572
420,1.207,3.0,-21.0,-24.0,27.435913142857142,-36.85840296979901,991.5142857142856
421,1.207,3.0,-21.0,-24.0,27.898732190476192,-36.95737179573508,991.5857142857144
422,1.2916315789473685,2.7894736842105265,-21.21052631578948,-24.0,27.78668126315789,-37.22119476118165,991.6631578947369
423,1.397421052631579,2.526315789473684,-21.473684210526315,-24.0,27.530912842105263,-37.52553706467904,991.742105263158
424,1.503210526315789,2.263157894736842,-21.73684210526316,-24.0,27.27514442105264,-37.82886479393137,991.8210526315788
425,1.609,2.0,-22.0,-24.0,27.019376,-38.131163563368816,991.9
426,1.5085,2.25,-22.0,-24.25,27.019376,-38.131163563368816,991.975
427,1.408,2.5,-22.0,-24.5,27.019376,-38.131163563368816,992.05
428,1.3075,2.75,-22.0,-24.75,27.019376,-38.131163563368816,992.125
429,1.207,3.0,-22.0,-25.0,27.019376,-38.131163563368816,992.2
430,1.1112857142857144,3.0,-22.0,-25.0,27.019376,-38.131163563368816,992.295238095238
431,1.0155714285714286,3.0,-22.0,-25.0,27.019376,-38.131163563368816,992.3904761904762
432,0.9198571428571428,3.0,-22.0,-25.0,27.019376,-38.131163563368816,992.4857142857144
433,0.8241428571428572,3.0,-22.0,-25.0,27.019376,-38.131163563368816,992.5809523809525
434,0.9742631578947368,3.0,-22.0,-25.0,27.019376,-38.131163563368816,992.6
435,1.1858421052631578,3.0,-22.0,-25.0,27.019376,-38.131163563368816,992.6
436,1.397421052631579,3.0,-22.0,-25.0,27.019376,-38.131163563368816,992.6
437,1.609,3.0,-22.0,-25.0,27.019376,-38.131163563368816,992.6
438,1.5132857142857143,2.761904761904762,-22.23809523809524,-25.0,27.019376,-38.45569664350898,992.7428571428572
439,1.4175714285714287,2.523809523809524,-22.476190476190474,-25.0,27.019376,-38.78022972364913,992.8857142857144
440,1.3218571428571428,2.2857142857142856,-22.714285714285715,-25.0,27.019376,-39.104762803789285,993.0285714285716
441,1.2261428571428572,2.0476190476190474,-22.95238095238096,-25.0,27.019376,-39.429295883929456,993.1714285714286
442,1.207,2.210526315789473,-23.0,-25.21052631578948,26.61014652631579,-39.40074516871549,993.284210526316
443,1.207,2.473684210526316,-23.0,-25.473684210526315,26.09860968421053,-39.282210555294654,993.3894736842104
444,1.207,2.736842105263158,-23.0,-25.73684210526316,25.587072842105265,-39.16170803798889,993.4947368421052
445,1.207,3.0,-23.0,-26.0,25.075536,-39.039164605911076,993.6
446,1.3075,3.0,-23.0,-26.0,24.832556,-38.98021935447653,993.75
447,1.408,3.0,-23.0,-26.0,24.589576,-38.920787613968464,993.9
448,1.5085,3.0,-23.0,-26.0,24.346596,-38.860860502030505,994.05
449,1.609,3.0,-23.0,-26.0,24.103616,-38.800428883481885,994.2
450,1.609,3.0,-23.0,-26.0,24.103616,-38.800428883481885,994.3666666666668
451,1.609,3.0,-23.0,-26.0,24.103616,-38.800428883481885,994.5333333333332
452,1.609,3.0,-23.0,-26.0,24.103616,-38.800428883481885,994.7
453,1.609,3.0,-23.0,-26.0,24.103616,-38.800428883481885,994.8666666666668
454,1.609,3.0,-23.0,-26.0,24.308230736842106,-38.85135244611912,994.9631578947368
455,1.609,3.0,-23.0,-26.0,24.56399915789473,-38.914502981042375,995.042105263158
456,1.609,3.0,-23.0,-26.0,24.819767578947367,-38.97710357331724,995.121052631579
457,1.609,3.0,-23.0,-26.0,25.075536,-39.039164605911076,995.2
458,1.704952380952381,3.0,-23.23809523809524,-26.23809523809524,25.075536,-39.361601112486966,995.3666666666668
459,1.800904761904762,3.0,-23.476190476190474,-26.476190476190474,25.075536,-39.68403761906285,995.5333333333332
460,1.8968571428571428,3.0,-23.714285714285715,-26.714285714285715,25.075536,-40.00647412563873,995.7
461,1.992809523809524,3.0,-23.95238095238096,-26.95238095238096,25.075536,-40.32891063221463,995.8666666666668
462,2.4353684210526314,3.0,-24.0,-27.0,24.21615410526316,-40.17863789924057,996.0263157894736
463,2.964578947368421,3.0,-24.0,-27.0,23.141926736842105,-39.900995417329085,996.1842105263156
464,3.4937894736842106,3.0,-24.0,-27.0,22.067699368421053,-39.61230751025806,996.342105263158
465,4.023,3.0,-24.0,-27.0,20.993472,-39.31156354685051,996.5
466,4.6265,3.0,-24.0,-27.0,20.750492,-39.24175014650551,996.5
467,5.23,3.0,-24.0,-27.0,20.507512,-39.17124664621167,996.5
468,5.8335,3.0,-24.0,-27.0,20.264532,-39.10003792531164,996.5
469,6.437,3.0,-24.0,-27.0,20.021552,-39.028108345614434,996.5
470,6.437,3.0,-24.0,-27.0,20.252961523809525,-39.09662917922309,996.5
471,6.437,3.0,-24.0,-27.0,20.48437104761905,-39.16449548894651,996.5
472,6.437,3.0,-24.0,-27.0,20.71578057142857,-39.23172081611801,996.5
473,6.437,3.0,-24.0,-27.0,20.947190095238096,-39.29831827446165,996.5
474,6.437,3.0,-24.0,-27.0,20.78885726315789,-39.25281881317068,996.5842105263158
475,6.437,3.0,-24.0,-27.0,20.533088842105265,-39.17870101062273,996.6894736842104
476,6.437,3.0,-24.0,-27.0,20.277320421052632,-39.10380358521559,996.7947368421052
477,6.437,3.0,-24.0,-27.0,20.021552,-39.028108345614434,996.9
478,6.820333333333334,3.0,-24.0,-27.0,19.55873295238096,-38.88904668784316,996.9714285714284
479,7.203666666666667,3.0,-24.0,-27.0,19.095913904761904,-38.74719288030538,997.0428571428572
480,7.587000000000001,3.0,-24.0,-27.0,18.63309485714285,-38.602421105591404,997.1142857142858
481,7.970333333333334,3.0,-24.0,-27.0,18.17027580952381,-38.454596575352625,997.1857142857144
482,8.724473684210526,3.210526315789473,-24.0,-27.21052631578948,18.28232673684211,-38.49067335041998,997.2631578947368
483,9.571315789473685,3.473684210526316,-24.0,-27.473684210526315,18.538095157894737,-38.572331762873056,997.342105263158
484,10.418157894736844,3.736842105263158,-24.0,-27.73684210526316,18.79386357894737,-38.653049223670536,997.421052631579
485,11.265,4.0,-24.0,-28.0,19.049632000000003,-38.732849162300795,997.5
486,11.265,3.75,-24.25,-28.0,18.806652000000003,-38.98737849316793,997.5
487,11.265,3.5,-24.5,-28.0,18.563672000000004,-39.24035356928759,997.5
488,11.265,3.25,-24.75,-28.0,18.320692,-39.491742301518094,997.5
489,11.265,3.0,-25.0,-28.0,18.077712,-39.74151144741079,997.5
490,11.265,3.0,-25.0,-28.0,18.540531047619048,-39.892781770078464,997.5
491,11.265,3.0,-25.0,-28.0,19.003350095238098,-40.04091273967493,997.5
492,11.265,3.0,-25.0,-28.0,19.466169142857144,-40.18604363664265,997.5
493,11.265,3.0,-25.0,-28.0,19.92898819047619,-40.32830442784802,997.5
494,11.265,3.0,-25.0,-28.0,19.61232252631579,-40.23127224567418,997.5842105263158
495,11.265,3.0,-25.0,-28.0,19.10078568421053,-40.07171143414769,997.6894736842104
496,11.265,3.0,-25.0,-28.0,18.589248842105263,-39.90851984309022,997.7947368421052
497,11.265,3.0,-25.0,-28.0,18.077712,-39.74151144741079,997.9
498,12.472,3.0,-25.0,-28.0,17.834732000000002,-39.66078786630385,997.9
499,13.679,3.0,-25.0,-28.0,17.591752,-39.57913512570338,997.9
500,14.886,3.0,-25.0,-28.0,17.348772,-39.496529472581706,997.9
501,16.093,3.0,-25.0,-28.0,17.105792,-39.4129462034537,997.9
502,16.093,3.0,-25.23809523809524,-28.23809523809524,17.105792,-39.72502653068064,997.9
503,16.093,3.0,-25.476190476190474,-28.476190476190474,17.105792,-40.037106857907546,997.9
504,16.093,3.0,-25.714285714285715,-28.714285714285715,17.105792,-40.349187185134475,997.9
505,16.093,3.0,-25.95238095238096,-28.95238095238096,17.105792,-40.661267512361405,997.9
506,16.093,3.0,-26.0,-29.0,16.860254315789476,-40.636608605276926,997.9
507,16.093,3.0,-26.0,-29.0,16.553332210526317,-40.52625428218086,997.9
508,16.093,3.0,-26.0,-29.0,16.24641010526316,-40.41416761801603,997.9
509,16.093,3.0,-26.0,-29.0,15.939488,-40.30028790782757,997.9
510,16.093,3.0,-26.0,-29.0,15.708078476190476,-40.213201879785146,997.9714285714284
511,16.093,3.0,-26.0,-29.0,15.476668952380953,-40.12503142978517,998.0428571428572
512,16.093,3.0,-26.0,-29.0,15.245259428571428,-40.03574653286894,998.1142857142858
513,16.093,3.0,-26.0,-29.0,15.013849904761903,-39.94531586132628,998.1857142857144
514,16.093,3.0,-26.0,-29.0,14.353723789473683,-39.68075754515746,998.2
515,16.093,3.0,-26.0,-29.0,13.58641852631579,-39.36008063949208,998.2
516,16.093,3.0,-26.0,-29.0,12.819113263157895,-39.02381221630246,998.2
517,16.093,3.0,-26.0,-29.0,12.051808,-38.67018907954811,998.2
518,16.093,3.0,-26.0,-29.0,11.808828000000002,-38.554264273311645,998.2
519,16.093,3.0,-26.0,-29.0,11.565848,-38.43631820855358,998.2
520,16.093,3.0,-26.0,-29.0,11.322868,-38.31627204750842,998.2
521,16.093,3.0,-26.0,-29.0,11.079888,-38.19404210318827,998.2
522,16.093,3.0,-26.0,-29.0,10.802196571428572,-38.05156235679762,998.2714285714286
523,16.093,3.0,-26.0,-29.0,10.524505142857144,-37.905971975978716,998.3428571428572
524,16.093,3.0,-26.0,-29.0,10.246813714285716,-37.75711822167585,998.4142857142856
525,16.093,3.0,-26.0,-29.0,9.969122285714286,-37.60483646076796,998.4857142857144
526,16.093,3.0,-26.21052631578948,-29.21052631578948,9.913584,-37.83777021173567,998.5631578947368
527,16.093,3.0,-26.473684210526315,-29.473684210526315,9.913584,-38.16754129146675,998.642105263158
528,16.093,3.0,-26.73684210526316,-29.73684210526316,9.913584,-38.497312371197836,998.7210526315788
529,16.093,3.0,-27.0,-30.0,9.913584,-38.82708345092891,998.8
530,16.093,3.0,-27.0,-30.0,9.21935542857143,-38.4209472759826,998.895238095238
531,16.093,3.0,-27.0,-30.0,8.525126857142858,-37.98825506238606,998.9904761904762
532,16.093,3.0,-27.0,-30.0,7.830898285714285,-37.52487931169278,999.0857142857144
533,16.093,3.0,-27.0,-30.0,7.1366697142857145,-37.02561010681164,999.1809523809524
534,16.093,3.0,-27.0,-30.0,7.2024387368421054,-37.07461772334604,999.2
535,16.093,3.0,-27.0,-30.0,7.458207157894737,-37.26169921113271,999.2
536,16.093,3.0,-27.0,-30.0,7.713975578947368,-37.44346694391375,999.2
537,16.093,3.0,-27.0,-30.0,7.969743999999999,-37.620240747448236,999.2
538,16.093,3.0,-27.0,-30.0,7.969743999999999,-37.620240747448236,999.275
539,16.093,3.0,-27.0,-30.0,7.969743999999999,-37.620240747448236,999.35
540,16.093,3.0,-27.0,-30.0,7.969743999999999,-37.620240747448236,999.425
541,16.093,3.0,-27.0,-30.0,7.969743999999999,-37.620240747448236,999.5
542,16.093,3.238095238095238,-27.0,-30.23809523809524,7.506924952380952,-37.29672110149305,999.5
543,16.093,3.4761904761904763,-27.0,-30.476190476190474,7.044105904761905,-36.955989717933576,999.5
544,16.093,3.7142857142857135,-27.0,-30.714285714285715,6.5812868571428575,-36.595904224444,999.5
545,16.093,3.952380952380953,-27.0,-30.95238095238096,6.1184678095238105,-36.213880570212055,999.5
546,16.093,4.0,-27.0,-31.0,6.025904000000001,-36.134577295931834,999.5631578947368
547,16.093,4.0,-27.0,-31.0,6.025904000000001,-36.134577295931834,999.642105263158
548,16.093,4.0,-27.0,-31.0,6.025904000000001,-36.134577295931834,999.7210526315788
549,16.093,4.0,-27.0,-31.0,6.025904000000001,-36.134577295931834,999.8
550,16.093,4.0,-27.0,-31.0,6.025904000000001,-36.134577295931834,999.8
551,16.093,4.0,-27.0,-31.0,6.025904000000001,-36.134577295931834,999.8
552,16.093,4.0,-27.0,-31.0,6.025904000000001,-36.134577295931834,999.8
553,16.093,4.0,-27.0,-31.0,6.025904000000001,-36.134577295931834,999.8
554,16.093,4.0,-27.0,-31.0,6.025904000000001,-36.134577295931834,999.8
555,16.093,4.0,-27.0,-31.0,6.025904000000001,-36.134577295931834,999.8
556,16.093,4.0,-27.0,-31.0,6.025904000000001,-36.134577295931834,999.8
557,16.093,4.0,-27.0,-31.0,6.025904000000001,-36.134577295931834,999.8
558,16.093,4.0,-27.0,-31.0,6.025904000000001,-36.134577295931834,999.8
559,16.093,4.0,-27.0,-31.0,6.025904000000001,-36.134577295931834,999.8
560,16.093,4.0,-27.0,-31.0,6.025904000000001,-36.134577295931834,999.8
561,16.093,4.0,-27.0,-31.0,6.025904000000001,-36.134577295931834,999.8
562,16.093,4.0,-27.0,-31.0,6.025904000000001,-36.134577295931834,999.895238095238
563,16.093,4.0,-27.0,-31.0,6.025904000000001,-36.134577295931834,999.9904761904762
564,16.093,4.0,-27.0,-31.0,6.025904000000001,-36.134577295931834,1000.0857142857144
565,16.093,4.0,-27.0,-31.0,6.025904000000001,-36.134577295931834,1000.1809523809524
566,16.093,4.0,-27.0,-31.0,6.025904000000001,-36.134577295931834,1000.1157894736842
567,16.093,4.0,-27.0,-31.0,6.025904000000001,-36.134577295931834,1000.0105263157894
568,16.093,4.0,-27.0,-31.0,6.025904000000001,-36.134577295931834,999.9052631578948
569,16.093,4.0,-27.0,-31.0,6.025904000000001,-36.134577295931834,999.8
570,16.093,4.0,-27.0,-31.0,5.794494476190477,-35.93174758107061,999.8
571,16.093,4.0,-27.0,-31.0,5.563084952380953,-35.721995601615546,999.8
572,16.093,4.0,-27.0,-31.0,5.331675428571429,-35.50478185676759,999.8
573,16.093,4.0,-27.0,-31.0,5.100265904761905,-35.27949906363372,999.8
574,16.093,4.0,-27.0,-31.0,5.258598736842106,-35.4345424880111,999.8
575,16.093,4.0,-27.0,-31.0,5.514367157894737,-35.6769057580661,999.8
576,16.093,4.0,-27.0,-31.0,5.770135578947369,-35.91000325760136,999.8
577,16.093,4.0,-27.0,-31.0,6.025904000000001,-36.134577295931834,999.8
578,16.093,3.75,-27.0,-30.75,6.511864,-36.54006916664771,999.8
579,16.093,3.5,-27.0,-30.5,6.997824,-36.92089090951246,999.8
580,16.093,3.25,-27.0,-30.25,7.483784,-37.280109583681266,999.8
581,16.093,3.0,-27.0,-30.0,7.969743999999999,-37.620240747448236,999.8
582,16.093,3.238095238095238,-27.0,-30.23809523809524,7.7383344761904755,-37.46051292018276,999.8
583,16.093,3.4761904761904763,-27.0,-30.476190476190474,7.506924952380952,-37.29672110149305,999.8
584,16.093,3.7142857142857135,-27.0,-30.714285714285715,7.275515428571428,-37.12863169699294,999.8
585,16.093,3.952380952380953,-27.0,-30.95238095238096,7.0441059047619055,-36.955989717933576,999.8
586,16.093,4.0,-27.0,-31.0,7.2024387368421054,-37.07461772334604,999.8
587,16.093,4.0,-27.0,-31.0,7.458207157894737,-37.26169921113271,999.8
588,16.093,4.0,-27.0,-31.0,7.713975578947368,-37.44346694391375,999.8
589,16.093,4.0,-27.0,-31.0,7.969743999999999,-37.620240747448236,999.8
590,16.093,4.0,-27.0,-31.0,7.7383344761904755,-37.46051292018276,999.7285714285714
591,16.093,4.0,-27.0,-31.0,7.506924952380952,-37.29672110149305,999.6571428571428
592,16.093,4.0,-27.0,-31.0,7.275515428571428,-37.12863169699294,999.5857142857144
593,16.093,4.0,-27.0,-31.0,7.0441059047619055,-36.955989717933576,999.5142857142856
594,16.093,3.789473684210527,-27.21052631578948,-31.0,6.793209263157896,-37.01935408677713,999.5
595,16.093,3.526315789473684,-27.473684210526315,-31.0,6.537440842105264,-37.13500369083829,999.5
596,16.093,3.263157894736842,-27.73684210526316,-31.0,6.281672421052632,-37.24187527515146,999.5
597,16.093,3.0,-28.0,-31.0,6.025904000000001,-37.339347058693136,999.5
598,16.093,3.0,-28.0,-31.0,6.025904000000001,-37.339347058693136,999.425
599,16.093,3.0,-28.0,-31.0,6.025904000000001,-37.339347058693136,999.35
600,16.093,3.0,-28.0,-31.0,6.025904000000001,-37.339347058693136,999.275
601,16.093,3.0,-28.0,-31.0,6.025904000000001,-37.339347058693136,999.2
602,16.093,3.0,-28.0,-31.0,6.025904000000001,-37.339347058693136,999.2
603,16.093,3.0,-28.0,-31.0,6.025904000000001,-37.339347058693136,999.2
604,16.093,3.0,-28.0,-31.0,6.025904000000001,-37.339347058693136,999.2
605,16.093,3.0,-28.0,-31.0,6.025904000000001,-37.339347058693136,999.2
606,16.093,3.0,-28.0,-31.0,6.2305187368421056,-37.516436301632694,999.2
607,16.093,3.0,-28.0,-31.0,6.486287157894737,-37.73105336721989,999.2
608,16.093,3.0,-28.0,-31.0,6.742055578947369,-37.93867557567086,999.2
609,16.093,3.0,-28.0,-31.0,6.9978240000000005,-38.13978372034899,999.2
610,16.093,3.0,-28.0,-31.0,6.7664144761904765,-37.9581022487629,999.2
611,16.093,3.0,-28.0,-31.0,6.535004952380953,-37.771124293290875,999.2
612,16.093,3.0,-28.0,-31.0,6.303595428571429,-37.57849942688851,999.2
613,16.093,3.0,-28.0,-31.0,6.072185904761906,-37.37984009717577,999.2
614,16.093,3.0,-28.0,-31.0,5.61667452631579,-36.969456275483026,999.2
615,16.093,3.0,-28.0,-31.0,5.105137684210527,-36.473827914040854,999.2
616,16.093,3.0,-28.0,-31.0,4.593600842105263,-35.93456903913725,999.2
617,16.093,3.0,-28.0,-31.0,4.082064,-35.342269058789086,999.2
618,16.093,3.0,-28.0,-31.0,4.325044,-35.63094491769984,999.275
619,16.093,3.0,-28.0,-31.0,4.568023999999999,-35.90630459075703,999.35
620,16.093,3.0,-28.0,-31.0,4.811004,-36.1696238822613,999.425
621,16.093,3.0,-28.0,-31.0,5.053984,-36.42199922770461,999.5
622,16.093,3.238095238095238,-28.0,-31.23809523809524,5.053984,-36.42199922770461,999.5
623,16.093,3.4761904761904763,-28.0,-31.476190476190474,5.053984,-36.42199922770461,999.5
624,16.093,3.7142857142857135,-28.0,-31.714285714285715,5.053984,-36.42199922770461,999.5
625,16.093,3.952380952380953,-28.0,-31.95238095238096,5.053984,-36.42199922770461,999.5
626,16.093,4.0,-28.0,-32.0,4.849369263157895,-36.21017423971226,999.5
627,16.093,4.0,-28.0,-32.0,4.593600842105263,-35.93456903913725,999.5
628,16.093,4.0,-28.0,-32.0,4.337832421052632,-35.64575749444665,999.5
629,16.093,4.0,-28.0,-32.0,4.082064,-35.342269058789086,999.5
630,16.093,3.761904761904762,-28.23809523809524,-32.0,4.082064,-35.6207292874102,999.5
631,16.093,3.523809523809524,-28.476190476190474,-32.0,4.082064,-35.89918951603131,999.5
632,16.093,3.2857142857142856,-28.714285714285715,-32.0,4.082064,-36.17764974465244,999.5
633,16.093,3.0476190476190474,-28.95238095238096,-32.0,4.082064,-36.45610997327356,999.5
634,16.093,3.0,-29.0,-32.0,3.836526315789474,-36.199620546419,999.5631578947368
635,16.093,3.0,-29.0,-32.0,3.529604210526316,-35.784869962103514,999.642105263158
636,16.093,3.0,-29.0,-32.0,3.222682105263158,-35.338632142101616,999.7210526315788
637,16.093,3.0,-29.0,-32.0,2.91576,-34.85514507249223,999.8
638,16.093,3.0,-29.0,-32.0,3.207336,-35.315396956738205,999.8
639,16.093,3.0,-29.0,-32.0,3.498912,-35.74174681866012,999.8
640,16.093,3.0,-29.0,-32.0,3.790488,-36.13922690055444,999.8
641,16.093,3.0,-29.0,-32.0,4.082064,-36.51180201899778,999.8
642,16.093,3.0,-29.0,-32.0,4.082064,-36.51180201899778,999.9
643,16.093,3.0,-29.0,-32.0,4.082064,-36.51180201899778,1000.0
644,16.093,3.0,-29.0,-32.0,4.082064,-36.51180201899778,1000.1
645,16.093,3.0,-29.0,-32.0,4.082064,-36.51180201899778,1000.2
646,16.093,3.0,-29.0,-32.0,3.790488,-36.13922690055444,1000.2
647,16.093,3.0,-29.0,-32.0,3.498912,-35.74174681866012,1000.2
648,16.093,3.0,-29.0,-32.0,3.207336,-35.315396956738205,1000.2
649,16.093,3.0,-29.0,-32.0,2.91576,-34.85514507249223,1000.2
650,16.093,3.25,-28.75,-32.0,2.18682,0.0,1000.2
651,16.093,3.5,-28.5,-32.0,1.45788,0.0,1000.2
652,16.093,3.75,-28.25,-32.0,0.7289400000000001,0.0,1000.2
653,16.093,4.0,-28.0,-32.0,0.0,0.0,1000.2
654,16.093,3.75,-28.0,-31.75,1.506476,0.0,1000.2
655,16.093,3.5,-28.0,-31.5,3.0129520000000003,-33.86915439589742,1000.2
656,16.093,3.25,-28.0,-31.25,4.519428,-35.8522338951754,1000.2
657,16.093,3.0,-28.0,-31.0,6.025904000000001,-37.339347058693136,1000.2
658,16.093,3.25,-27.75,-31.0,5.782924,-36.82213465638041,1000.2
659,16.093,3.5,-27.5,-31.0,5.539944,-36.299107163642475,1000.2
660,16.093,3.75,-27.25,-31.0,5.296964,-35.76973479522724,1000.2
661,16.093,4.0,-27.0,-31.0,5.053984,-35.23341531466683,1000.2
662,16.093,4.0,-27.0,-31.0,5.285393523809524,-35.46039157516262,1000.2714285714286
663,16.093,4.0,-27.0,-31.0,5.516803047619048,-35.67916818177157,1000.3428571428572
664,16.093,4.0,-27.0,-31.0,5.748212571428572,-35.89036733937836,1000.4142857142856
665,16.093,4.0,-27.0,-31.0,5.979622095238096,-36.0945412546896,1000.4857142857144
666,16.093,4.0,-27.0,-31.0,6.4351334736842105,-36.477771964948914,1000.5
667,16.093,4.0,-27.0,-31.0,6.946670315789474,-36.88186989622484,1000.5
668,16.093,4.0,-27.0,-31.0,7.458207157894737,-37.26169921113271,1000.5
669,16.093,4.0,-27.0,-31.0,7.969743999999999,-37.620240747448236,1000.5
670,16.093,3.75,-27.0,-30.75,7.969743999999999,-37.620240747448236,1000.5
671,16.093,3.5,-27.0,-30.5,7.969743999999999,-37.620240747448236,1000.5
672,16.093,3.25,-27.0,-30.25,7.969743999999999,-37.620240747448236,1000.5
673,16.093,3.0,-27.0,-30.0,7.969743999999999,-37.620240747448236,1000.5
674,16.093,3.0,-27.0,-30.0,7.969743999999999,-37.620240747448236,1000.5
675,16.093,3.0,-27.0,-30.0,7.969743999999999,-37.620240747448236,1000.5
676,16.093,3.0,-27.0,-30.0,7.969743999999999,-37.620240747448236,1000.5
677,16.093,3.0,-27.0,-30.0,7.969743999999999,-37.620240747448236,1000.5
678,16.093,3.0,-27.0,-30.0,7.969743999999999,-37.620240747448236,1000.4368421052632
679,16.093,3.0,-27.0,-30.0,7.969743999999999,-37.620240747448236,1000.357894736842
680,16.093,3.0,-27.0,-30.0,7.969743999999999,-37.620240747448236,1000.2789473684212
681,16.093,3.0,-27.0,-30.0,7.969743999999999,-37.620240747448236,1000.2
682,16.093,3.25,-26.75,-30.0,8.212724,-37.47521765493794,1000.2
683,16.093,3.5,-26.5,-30.0,8.455703999999999,-37.324745737833794,1000.2
684,16.093,3.75,-26.25,-30.0,8.698684,-37.169086117163076,1000.2
685,16.093,4.0,-26.0,-30.0,8.941664,-37.00847998126794,1000.2
686,16.093,4.0,-26.0,-30.0,8.698684,-36.85907231150425,1000.1
687,16.093,4.0,-26.0,-30.0,8.455703999999999,-36.70611687257306,1000.0
688,16.093,4.0,-26.0,-30.0,8.212724,-36.54942374670071,999.9
689,16.093,4.0,-26.0,-30.0,7.969743999999999,-36.388786852570966,999.8
690,16.093,3.75,-26.0,-29.75,7.969743999999999,-36.388786852570966,999.8
691,16.093,3.5,-26.0,-29.5,7.969743999999999,-36.388786852570966,999.8
692,16.093,3.25,-26.0,-29.25,7.969743999999999,-36.388786852570966,999.8
693,16.093,3.0,-26.0,-29.0,7.969743999999999,-36.388786852570966,999.8
694,16.093,3.0,-26.0,-29.0,7.969743999999999,-36.388786852570966,999.8
695,16.093,3.0,-26.0,-29.0,7.969743999999999,-36.388786852570966,999.8
696,16.093,3.0,-26.0,-29.0,7.969743999999999,-36.388786852570966,999.8
697,16.093,3.0,-26.0,-29.0,7.969743999999999,-36.388786852570966,999.8
698,16.093,3.0,-26.0,-29.0,8.174358736842105,-36.52432774391785,999.7368421052632
699,16.093,3.0,-26.0,-29.0,8.430127157894736,-36.68980230866013,999.657894736842
700,16.093,3.0,-26.0,-29.0,8.685895578947369,-36.851112070660434,999.578947368421
701,16.093,3.0,-26.0,-29.0,8.941664,-37.00847998126794,999.5
702,16.093,3.25,-25.75,-29.0,9.7192,-37.151922261605904,999.5
703,16.093,3.5,-25.5,-29.0,10.496736,-37.2617695348101,999.5
704,16.093,3.75,-25.25,-29.0,11.274272,-37.34230631987812,999.5
705,16.093,4.0,-25.0,-29.0,12.051808,-37.39700927558847,999.5
706,16.093,4.25,-24.75,-29.0,12.537768000000002,-37.29962484698511,999.575
707,16.093,4.5,-24.5,-29.0,13.023728000000002,-37.193127009715525,999.65
708,16.093,4.75,-24.25,-29.0,13.509688,-37.07808937210837,999.725
709,16.093,5.0,-24.0,-29.0,13.995648,-36.95502905867908,999.8
710,16.093,5.0,-24.0,-29.0,13.995648,-36.95502905867908,999.8
711,16.093,5.0,-24.0,-29.0,13.995648,-36.95502905867908,999.8
712,16.093,5.0,-24.0,-29.0,13.995648,-36.95502905867908,999.8
713,16.093,5.0,-24.0,-29.0,13.995648,-36.95502905867908,999.8
714,16.093,5.0,-24.0,-29.0,13.764238476190476,-36.86136320028548,999.8
715,16.093,5.0,-24.0,-29.0,13.532828952380951,-36.766365081388685,999.8
716,16.093,5.0,-24.0,-29.0,13.301419428571428,-36.66999247746399,999.8
717,16.093,5.0,-24.0,-29.0,13.070009904761903,-36.572201062146576,999.8
718,16.093,5.0,-24.0,-29.0,13.023728,-36.55246846460834,999.8
719,16.093,5.0,-24.0,-29.0,13.023728,-36.55246846460834,999.8
720,16.093,5.0,-24.0,-29.0,13.023728,-36.55246846460834,999.8
721,16.093,5.0,-24.0,-29.0,13.023728,-36.55246846460834,999.8
722,16.093,5.0,-24.0,-29.0,12.780748,-36.44789541326986,999.9
723,16.093,5.0,-24.0,-29.0,12.537768,-36.34163882309268,1000.0
724,16.093,5.0,-24.0,-29.0,12.294788,-36.233638162023176,1000.1
725,16.093,5.0,-24.0,-29.0,12.051808,-36.12382947162885,1000.2
726,16.093,5.0,-24.0,-29.0,12.746036571428572,-36.43282035047367,1000.2
727,16.093,5.0,-24.0,-29.0,13.440265142857143,-36.727983411725084,1000.2
728,16.093,5.0,-24.0,-29.0,14.134493714285714,-37.010605913045225,1000.2
729,16.093,5.0,-24.0,-29.0,14.828722285714283,-37.28179901977542,1000.2
730,16.093,5.0,-24.0,-29.0,14.55833852631579,-37.17747073288455,1000.2
731,16.093,5.0,-24.0,-29.0,14.046801684210529,-36.97555840227098,1000.2
732,16.093,5.0,-24.0,-29.0,13.535264842105263,-36.76737214371527,1000.2
733,16.093,5.0,-24.0,-29.0,13.023728,-36.55246846460834,1000.2
734,16.093,5.0,-24.0,-29.0,12.780748,-36.44789541326986,1000.275
735,16.093,5.0,-24.0,-29.0,12.537768,-36.34163882309268,1000.35
736,16.093,5.0,-24.0,-29.0,12.294788,-36.233638162023176,1000.425
737,16.093,5.0,-24.0,-29.0,12.051808,-36.12382947162885,1000.5
738,16.093,5.0,-24.0,-29.0,12.537768000000002,-36.34163882309268,1000.5
739,16.093,5.0,-24.0,-29.0,13.023728000000002,-36.55246846460834,1000.5
740,16.093,5.0,-24.0,-29.0,13.509688,-36.756790387279345,1000.5
741,16.093,5.0,-24.0,-29.0,13.995648,-36.95502905867908,1000.5
742,16.093,5.0,-24.0,-29.0,14.238628,-37.05198838583297,1000.5
743,16.093,5.0,-24.0,-29.0,14.481608,-37.14756767191675,1000.5
744,16.093,5.0,-24.0,-29.0,14.724588,-37.24180922736271,1000.5
745,16.093,5.0,-24.0,-29.0,14.967568,-37.334753393185,1000.5
746,16.093,4.761904761904762,-24.23809523809524,-29.0,14.041929904761904,-37.28058497468846,1000.5
747,16.093,4.523809523809524,-24.476190476190474,-29.0,13.11629180952381,-37.20238228307177,1000.5
748,16.093,4.285714285714286,-24.714285714285715,-29.0,12.190653714285714,-37.09707060395724,1000.5
749,16.093,4.047619047619048,-24.95238095238096,-29.0,11.26501561904762,-36.96089857561819,1000.5
750,16.093,3.789473684210527,-25.21052631578948,-29.0,10.629735578947368,-36.96660921812344,1000.5
751,16.093,3.526315789473684,-25.473684210526315,-29.0,10.06704505263158,-36.99857771595418,1000.5
752,16.093,3.263157894736842,-25.73684210526316,-29.0,9.504354526315788,-37.0131472585189,1000.5
753,16.093,3.0,-26.0,-29.0,8.941664,-37.00847998126794,1000.5
754,16.093,3.25,-26.0,-29.25,8.455703999999999,-36.70611687257306,1000.5
755,16.093,3.5,-26.0,-29.5,7.969744,-36.388786852570966,1000.5
756,16.093,3.75,-26.0,-29.75,7.483784,-36.05476481459656,1000.5
757,16.093,4.0,-26.0,-30.0,6.9978240000000005,-35.701998098675936,1000.5
758,16.093,3.75,-26.0,-29.75,7.726764,-36.2239820276536,1000.5
759,16.093,3.5,-26.0,-29.5,8.455704,-36.70611687257306,1000.5
760,16.093,3.25,-26.0,-29.25,9.184644,-37.15451530428827,1000.5
761,16.093,3.0,-26.0,-29.0,9.913584,-37.573953347950805,1000.5
762,16.093,3.0,-26.0,-29.0,9.913584,-37.573953347950805,1000.425
763,16.093,3.0,-26.0,-29.0,9.913584,-37.573953347950805,1000.35
764,16.093,3.0,-26.0,-29.0,9.913584,-37.573953347950805,1000.275
765,16.093,3.0,-26.0,-29.0,9.913584,-37.573953347950805,1000.2
766,16.093,3.238095238095238,-26.0,-29.23809523809524,9.21935542857143,-37.175111820616834,1000.2714285714286
767,16.093,3.4761904761904763,-26.0,-29.476190476190474,8.525126857142858,-36.75019122998199,1000.3428571428572
768,16.093,3.7142857142857135,-26.0,-29.714285714285715,7.830898285714285,-36.295138211962936,1000.4142857142856
769,16.093,3.952380952380953,-26.0,-29.95238095238096,7.1366697142857145,-35.80483642524834,1000.4857142857144
770,16.093,4.0,-26.0,-30.0,7.40705347368421,-36.00036890716308,1000.5
771,16.093,4.0,-26.0,-30.0,7.918590315789474,-36.35444534238801,1000.5
772,16.093,4.0,-26.0,-30.0,8.430127157894736,-36.68980230866013,1000.5
773,16.093,4.0,-26.0,-30.0,8.941664,-37.00847998126794,1000.5
774,16.093,4.0,-26.25,-30.25,8.455703999999999,-37.01543130520342,1000.425
775,16.093,4.0,-26.5,-30.5,7.969744,-37.004513800009605,1000.35
776,16.093,4.0,-26.75,-30.75,7.483784,-36.97377339141009,1000.275
777,16.093,4.0,-27.0,-31.0,6.9978240000000005,-36.92089090951246,1000.2
778,16.093,4.0,-27.0,-31.0,7.692052571428572,-37.42808686272933,1000.2
779,16.093,4.0,-27.0,-31.0,8.386281142857143,-37.8981835486524,1000.2
780,16.093,4.0,-27.0,-31.0,9.080509714285714,-38.33665240736566,1000.2
781,16.093,4.0,-27.0,-31.0,9.774738285714283,-38.747811203227144,1000.2
782,16.093,4.0,-26.789473684210527,-30.789473684210527,9.50435452631579,-38.32776213381741,1000.2
783,16.093,4.0,-26.526315789473685,-30.526315789473685,8.992817684210527,-37.69389632602906,1000.2
784,16.093,4.0,-26.26315789473684,-30.26315789473684,8.481280842105264,-37.048062499559315,1000.2
785,16.093,4.0,-26.0,-30.0,7.969743999999999,-36.388786852570966,1000.2
786,16.093,4.238095238095238,-26.0,-30.23809523809524,8.201153523809523,-36.54186550053541,1000.2
787,16.093,4.476190476190476,-26.0,-30.476190476190474,8.432563047619047,-36.691357866644275,1000.2
788,16.093,4.714285714285714,-26.0,-30.714285714285715,8.663972571428571,-36.83744301023222,1000.2
789,16.093,4.9523809523809526,-26.0,-30.95238095238096,8.895382095238094,-36.98028655520102,1000.2
790,16.093,5.0,-26.0,-31.0,8.737049263157894,-36.88289419429594,1000.2
791,16.093,5.0,-26.0,-31.0,8.481280842105262,-36.72239003640151,1000.2
792,16.093,5.0,-26.0,-31.0,8.225512421052631,-36.55776719827956,1000.2
793,16.093,5.0,-26.0,-31.0,7.969743999999999,-36.388786852570966,1000.2
794,16.093,5.0,-26.0,-31.0,7.969743999999999,-36.388786852570966,1000.2
795,16.093,5.0,-26.0,-31.0,7.969743999999999,-36.388786852570966,1000.2
796,16.093,5.0,-26.0,-31.0,7.969743999999999,-36.388786852570966,1000.2
797,16.093,5.0,-26.0,-31.0,7.969743999999999,-36.388786852570966,1000.2
798,16.093,4.75,-26.25,-31.0,7.969743999999999,-36.69665032629028,1000.2
799,16.093,4.5,-26.5,-31.0,7.969743999999999,-37.004513800009605,1000.2
800,16.093,4.25,-26.75,-31.0,7.969743999999999,-37.31237727372892,1000.2
801,16.093,4.0,-27.0,-31.0,7.969743999999999,-37.620240747448236,1000.2
802,16.093,4.0,-27.0,-31.0,7.969743999999999,-37.620240747448236,1000.1
803,16.093,4.0,-27.0,-31.0,7.969743999999999,-37.620240747448236,1000.0
804,16.093,4.0,-27.0,-31.0,7.969743999999999,-37.620240747448236,999.9
805,16.093,4.0,-27.0,-31.0,7.969743999999999,-37.620240747448236,999.8
806,16.093,4.0,-27.0,-31.0,8.201153523809523,-37.776119140969115,999.8
807,16.093,4.0,-27.0,-31.0,8.432563047619047,-37.92834566101322,999.8
808,16.093,4.0,-27.0,-31.0,8.663972571428571,-38.07710264183686,999.8
809,16.093,4.0,-27.0,-31.0,8.895382095238094,-38.2225587365349,999.8
810,16.093,4.0,-27.0,-31.0,8.941664,-38.25126780877717,999.7368421052632
811,16.093,4.0,-27.0,-31.0,8.941664,-38.25126780877717,999.657894736842
812,16.093,4.0,-27.0,-31.0,8.941664,-38.25126780877717,999.578947368421
813,16.093,4.0,-27.0,-31.0,8.941664,-38.25126780877717,999.5
814,16.093,4.0,-27.0,-31.0,8.941664,-38.25126780877717,999.5
815,16.093,4.0,-27.0,-31.0,8.941664,-38.25126780877717,999.5
816,16.093,4.0,-27.0,-31.0,8.941664,-38.25126780877717,999.5
817,16.093,4.0,-27.0,-31.0,8.941664,-38.25126780877717,999.5
818,16.093,4.0,-27.0,-31.0,8.455703999999999,-37.94337460309454,999.5
819,16.093,4.0,-27.0,-31.0,7.969744,-37.620240747448236,999.5
820,16.093,4.0,-27.0,-31.0,7.483784,-37.280109583681266,999.5
821,16.093,4.0,-27.0,-31.0,6.9978240000000005,-36.92089090951246,999.5
822,16.093,4.0,-27.0,-31.0,7.229233523809524,-37.094476072738644,999.4285714285714
823,16.093,4.0,-27.0,-31.0,7.460643047619047,-37.263454862888736,999.3571428571428
824,16.093,4.0,-27.0,-31.0,7.6920525714285715,-37.42808686272933,999.2857142857144
825,16.093,4.0,-27.0,-31.0,7.9234620952380945,-37.5886097457106,999.2142857142858
826,16.093,3.789473684210527,-27.0,-30.789473684210527,7.7651292631578945,-37.4792115140404,999.2
827,16.093,3.526315789473684,-27.0,-30.526315789473685,7.509360842105263,-37.29846717913262,999.2
828,16.093,3.263157894736842,-27.0,-30.26315789473684,7.253592421052632,-37.11247553804172,999.2
829,16.093,3.0,-27.0,-30.0,6.9978240000000005,-36.92089090951246,999.2
830,16.093,3.238095238095238,-26.761904761904763,-30.0,6.7664144761904765,-36.45296572737226,999.2
831,16.093,3.4761904761904763,-26.52380952380953,-30.0,6.535004952380953,-35.98140850040792,999.2
832,16.093,3.7142857142857135,-26.285714285714285,-30.0,6.303595428571429,-35.505946152508095,999.2
833,16.093,3.952380952380953,-26.047619047619047,-30.0,6.072185904761906,-35.02627564969459,999.2
834,16.093,4.0,-26.0,-30.0,6.2305187368421056,-35.10064758735739,999.2
835,16.093,4.0,-26.0,-30.0,6.486287157894737,-35.30769116891955,999.2
836,16.093,4.0,-26.0,-30.0,6.742055578947369,-35.50798673037418,999.2
837,16.093,4.0,-26.0,-30.0,6.9978240000000005,-35.701998098675936,999.2
838,16.093,4.0,-26.0,-30.0,7.240804000000001,-35.880867894756136,999.2
839,16.093,4.0,-26.0,-30.0,7.483784,-36.05476481459656,999.2
840,16.093,4.0,-26.0,-30.0,7.726763999999999,-36.2239820276536,999.2
841,16.093,4.0,-26.0,-30.0,7.969743999999999,-36.388786852570966,999.2
842,16.093,4.0,-26.0,-30.0,8.212724,-36.54942374670071,999.1
843,16.093,4.0,-26.0,-30.0,8.455703999999999,-36.70611687257306,999.0
844,16.093,4.0,-26.0,-30.0,8.698684,-36.85907231150425,998.9
845,16.093,4.0,-26.0,-30.0,8.941664,-37.00847998126794,998.8
846,16.093,3.75,-26.0,-29.75,8.455703999999999,-36.70611687257306,998.8
847,16.093,3.5,-26.0,-29.5,7.969744,-36.388786852570966,998.8
848,16.093,3.25,-26.0,-29.25,7.483784,-36.05476481459656,998.8
849,16.093,3.0,-26.0,-29.0,6.9978240000000005,-35.701998098675936,998.8
850,16.093,3.238095238095238,-26.0,-29.23809523809524,6.9978240000000005,-35.701998098675936,998.8
851,16.093,3.4761904761904763,-26.0,-29.476190476190474,6.9978240000000005,-35.701998098675936,998.8
852,16.093,3.7142857142857135,-26.0,-29.714285714285715,6.9978240000000005,-35.701998098675936,998.8
853,16.093,3.952380952380953,-26.0,-29.95238095238096,6.9978240000000005,-35.701998098675936,998.8
854,16.093,3.789473684210527,-26.0,-29.789473684210527,6.9978240000000005,-35.701998098675936,998.7368421052632
855,16.093,3.526315789473684,-26.0,-29.526315789473685,6.9978240000000005,-35.701998098675936,998.657894736842
856,16.093,3.263157894736842,-26.0,-29.26315789473684,6.9978240000000005,-35.701998098675936,998.578947368421
857,16.093,3.0,-26.0,-29.0,6.9978240000000005,-35.701998098675936,998.5
858,16.093,3.0,-26.0,-29.0,6.9978240000000005,-35.701998098675936,998.5
859,16.093,3.0,-26.0,-29.0,6.9978240000000005,-35.701998098675936,998.5
860,16.093,3.0,-26.0,-29.0,6.9978240000000005,-35.701998098675936,998.5
861,16.093,3.0,-26.0,-29.0,6.9978240000000005,-35.701998098675936,998.5
862,16.093,3.210526315789473,-26.21052631578948,-29.42105263157895,6.9978240000000005,-35.95860711148363,998.5
863,16.093,3.473684210526316,-26.473684210526315,-29.94736842105263,6.9978240000000005,-36.27936837749324,998.5
864,16.093,3.736842105263158,-26.73684210526316,-30.473684210526315,6.9978240000000005,-36.60012964350285,998.5
865,16.093,4.0,-27.0,-31.0,6.9978240000000005,-36.92089090951246,998.5
866,16.093,4.0,-27.0,-31.0,6.7664144761904765,-36.742415058408916,998.4285714285714
867,16.093,4.0,-27.0,-31.0,6.535004952380953,-36.55873617553145,998.3571428571428
868,16.093,4.0,-27.0,-31.0,6.303595428571429,-36.36951001683327,998.2857142857144
869,16.093,4.0,-27.0,-31.0,6.072185904761906,-36.174355867978086,998.2142857142858
870,16.093,4.0,-27.0,-31.0,6.025904000000001,-36.134577295931834,998.1368421052632
871,16.093,4.0,-27.0,-31.0,6.025904000000001,-36.134577295931834,998.0578947368422
872,16.093,4.0,-27.0,-31.0,6.025904000000001,-36.134577295931834,997.978947368421
873,16.093,4.0,-27.0,-31.0,6.025904000000001,-36.134577295931834,997.9
874,16.093,4.0,-27.0,-31.0,6.025904000000001,-36.134577295931834,997.8
875,16.093,4.0,-27.0,-31.0,6.025904000000001,-36.134577295931834,997.7
876,16.093,4.0,-27.0,-31.0,6.025904000000001,-36.134577295931834,997.6
877,16.093,4.0,-27.0,-31.0,6.025904000000001,-36.134577295931834,997.5
878,16.093,3.761904761904762,-27.0,-30.761904761904763,6.025904000000001,-36.134577295931834,997.4285714285714
879,16.093,3.523809523809524,-27.0,-30.52380952380953,6.025904000000001,-36.134577295931834,997.3571428571428
880,16.093,3.2857142857142856,-27.0,-30.285714285714285,6.025904000000001,-36.134577295931834,997.2857142857144
881,16.093,3.0476190476190474,-27.0,-30.047619047619047,6.025904000000001,-36.134577295931834,997.2142857142858
882,16.093,3.0,-27.0,-30.0,6.2305187368421056,-36.30854194449505,997.1368421052632
883,16.093,3.0,-27.0,-30.0,6.486287157894737,-36.519372268069716,997.0578947368422
884,16.093,3.0,-27.0,-30.0,6.742055578947369,-36.723331153022514,996.978947368421
885,16.093,3.0,-27.0,-30.0,6.9978240000000005,-36.92089090951246,996.9
886,16.093,3.0,-27.0,-30.0,7.229233523809524,-37.094476072738644,996.9
887,16.093,3.0,-27.0,-30.0,7.460643047619047,-37.263454862888736,996.9
888,16.093,3.0,-27.0,-30.0,7.6920525714285715,-37.42808686272933,996.9
889,16.093,3.0,-27.0,-30.0,7.9234620952380945,-37.5886097457106,996.9
890,16.093,3.0,-27.0,-30.0,7.7651292631578945,-37.4792115140404,996.9
891,16.093,3.0,-27.0,-30.0,7.509360842105263,-37.29846717913262,996.9
892,16.093,3.0,-27.0,-30.0,7.253592421052632,-37.11247553804172,996.9
893,16.093,3.0,-27.0,-30.0,6.9978240000000005,-36.92089090951246,996.9
894,16.093,3.0,-26.75,-29.75,6.9978240000000005,-36.616167706803324,996.8
895,16.093,3.0,-26.5,-29.5,6.9978240000000005,-36.3114445040942,996.7
896,16.093,3.0,-26.25,-29.25,6.9978240000000005,-36.00672130138506,996.6
897,16.093,3.0,-26.0,-29.0,6.9978240000000005,-35.701998098675936,996.5
898,16.093,3.238095238095238,-26.0,-29.23809523809524,6.7664144761904765,-35.52672786805495,996.4285714285714
899,16.093,3.4761904761904763,-26.0,-29.476190476190474,6.535004952380953,-35.346348057772026,996.3571428571428
900,16.093,3.7142857142857135,-26.0,-29.714285714285715,6.303595428571429,-35.160520606778036,996.2857142857144
901,16.093,3.952380952380953,-26.0,-29.95238095238096,6.072185904761906,-34.96887163878041,996.2142857142858
902,16.093,3.789473684210527,-26.0,-29.789473684210527,6.2305187368421056,-35.10064758735739,996.1368421052632
903,16.093,3.526315789473684,-26.0,-29.526315789473685,6.486287157894737,-35.30769116891955,996.0578947368422
904,16.093,3.263157894736842,-26.0,-29.26315789473684,6.742055578947369,-35.50798673037418,995.978947368421
905,16.093,3.0,-26.0,-29.0,6.9978240000000005,-35.701998098675936,995.9
906,16.093,3.0,-26.0,-29.0,6.9978240000000005,-35.701998098675936,995.725
907,16.093,3.0,-26.0,-29.0,6.9978240000000005,-35.701998098675936,995.55
908,16.093,3.0,-26.0,-29.0,6.9978240000000005,-35.701998098675936,995.375
909,16.093,3.0,-26.0,-29.0,6.9978240000000005,-35.701998098675936,995.2
910,16.093,3.0,-26.23809523809524,-29.23809523809524,6.7664144761904765,-35.81617719909161,995.1285714285716
911,16.093,3.0,-26.476190476190474,-29.476190476190474,6.535004952380953,-35.92367573289556,995.0571428571428
912,16.093,3.0,-26.714285714285715,-29.714285714285715,6.303595428571429,-36.0240844711032,994.9857142857144
913,16.093,3.0,-26.95238095238096,-29.95238095238096,6.072185904761906,-36.116951857063924,994.9142857142856
914,16.093,3.210526315789473,-27.0,-30.21052631578948,6.4351334736842105,-36.477771964948914,994.8368421052631
915,16.093,3.473684210526316,-27.0,-30.473684210526315,6.946670315789474,-36.88186989622484,994.757894736842
916,16.093,3.736842105263158,-27.0,-30.73684210526316,7.458207157894737,-37.26169921113271,994.6789473684212
917,16.093,4.0,-27.0,-31.0,7.969743999999999,-37.620240747448236,994.6
918,16.093,3.5,-27.0,-30.5,8.455703999999999,-37.94337460309454,994.675
919,16.093,3.0,-27.0,-30.0,8.941664,-38.25126780877717,994.75
920,16.093,2.5,-27.0,-29.5,9.427624,-38.54541163517804,994.825
921,16.093,2.0,-27.0,-29.0,9.913584,-38.82708345092891,994.9
922,16.093,2.25,-26.75,-29.0,10.20516,-38.67654849101221,994.825
923,16.093,2.5,-26.5,-29.0,10.496736,-38.52070260840166,994.75
924,16.093,2.75,-26.25,-29.0,10.788312,-38.359791341999724,994.675
925,16.093,3.0,-26.0,-29.0,11.079888,-38.19404210318827,994.6
926,16.093,3.25,-25.75,-29.0,11.079888,-37.87792428532405,994.675
927,16.093,3.5,-25.5,-29.0,11.079888,-37.56180646745982,994.75
928,16.093,3.75,-25.25,-29.0,11.079888,-37.24568864959559,994.825
929,16.093,4.0,-25.0,-29.0,11.079888,-36.92957083173137,994.9
930,16.093,3.761904761904762,-25.0,-28.761904761904763,10.802196571428572,-36.789696981343475,994.9
931,16.093,3.523809523809524,-25.0,-28.52380952380953,10.524505142857144,-36.646769388752574,994.9
932,16.093,3.2857142857142856,-25.0,-28.285714285714285,10.246813714285716,-36.500638108437485,994.9
933,16.093,3.0476190476190474,-25.0,-28.047619047619047,9.969122285714286,-36.35114151834929,994.9
934,16.093,3.0,-25.0,-28.0,10.159121684210527,-36.453800224855925,994.9631578947368
935,16.093,3.0,-25.0,-28.0,10.466043789473684,-36.61627637968066,995.042105263158
936,16.093,3.0,-25.0,-28.0,10.772965894736842,-36.77479828767162,995.121052631579
937,16.093,3.0,-25.0,-28.0,11.079888,-36.92957083173137,995.2
938,16.093,3.25,-24.75,-28.0,10.788312,-36.46719092756301,995.275
939,16.093,3.5,-24.5,-28.0,10.496736,-36.00283646121852,995.35
940,16.093,3.75,-24.25,-28.0,10.20516,-35.536382463097425,995.425
941,16.093,4.0,-24.0,-28.0,9.913584,-35.067693141994575,995.5
942,16.093,4.0,-24.0,-28.0,9.450764952380952,-34.814147657392816,995.4285714285714
943,16.093,4.0,-24.0,-28.0,8.987945904761904,-34.54994861934585,995.3571428571428
944,16.093,4.0,-24.0,-28.0,8.525126857142856,-34.27406356517385,995.2857142857144
945,16.093,4.0,-24.0,-28.0,8.062307809523809,-33.98529695883349,995.2142857142858
946,16.093,4.0,-23.789473684210527,-27.789473684210527,7.7651292631578945,-33.5337287645662,995.1368421052632
947,16.093,4.0,-23.526315789473685,-27.526315789473685,7.509360842105263,-33.0408610508558,995.0578947368422
948,16.093,4.0,-23.26315789473684,-27.26315789473684,7.253592421052632,-32.544806831463745,994.978947368421
949,16.093,4.0,-23.0,-27.0,6.9978240000000005,-32.045319666166364,994.9
950,16.093,4.0,-23.0,-27.0,6.754844,-31.871259390911664,994.9
951,16.093,4.0,-23.0,-27.0,6.511864000000001,-31.69185781477332,994.9
952,16.093,4.0,-23.0,-27.0,6.268884000000001,-31.506742240829283,994.9
953,16.093,4.0,-23.0,-27.0,6.025904000000001,-31.31549824488666,994.9
954,16.093,4.0,-23.0,-27.0,6.511864,-31.691857814773314,994.975
955,16.093,4.0,-23.0,-27.0,6.997824,-32.045319666166364,995.05
956,16.093,4.0,-23.0,-27.0,7.483784,-32.37873050734241,995.125
957,16.093,4.0,-23.0,-27.0,7.969743999999999,-32.69442516793915,995.2
958,16.093,4.0,-22.75,-26.75,7.726763999999999,-32.23155305997127,995.05
959,16.093,4.0,-22.5,-26.5,7.483784,-31.766058122800054,994.9
960,16.093,4.0,-22.25,-26.25,7.240804000000001,-31.297751897661456,994.75
961,16.093,4.0,-22.0,-26.0,6.9978240000000005,-30.826426855329842,994.6
962,16.093,4.0,-22.0,-26.0,7.460643047619047,-31.138226702001017,994.504761904762
963,16.093,4.0,-22.0,-26.0,7.923462095238095,-31.43418090736622,994.409523809524
964,16.093,4.0,-22.0,-26.0,8.386281142857143,-31.715953298592225,994.3142857142858
965,16.093,4.0,-22.0,-26.0,8.84910019047619,-31.984952534372006,994.2190476190476
966,16.093,4.0,-22.0,-26.0,9.391816421052631,-32.28573005034464,994.0736842105264
967,16.093,4.0,-22.0,-26.0,9.95450694736842,-32.582537136512826,993.9157894736844
968,16.093,4.0,-22.0,-26.0,10.517197473684211,-32.86557039364759,993.757894736842
969,16.093,4.0,-22.0,-26.0,11.079888,-33.13615701736067,993.6
970,16.093,4.25,-21.75,-26.0,10.788312,-32.68199009868961,993.425
971,16.093,4.5,-21.5,-26.0,10.496736,-32.2260372404438,993.25
972,16.093,4.75,-21.25,-26.0,10.20516,-31.768183229599682,993.075
973,16.093,5.0,-21.0,-26.0,9.913584,-31.30830283306024,992.9
974,16.093,4.761904761904762,-21.0,-25.761904761904763,10.422684952380951,-31.56072246250578,992.9
975,16.093,4.523809523809524,-21.0,-25.52380952380953,10.931785904761906,-31.802989240426157,992.9
976,16.093,4.285714285714286,-21.0,-25.285714285714285,11.44088685714286,-32.035956986432524,992.9
977,16.093,4.047619047619048,-21.0,-25.047619047619047,11.949987809523812,-32.2603735177058,992.9
978,16.093,3.789473684210527,-21.0,-24.789473684210527,12.256422736842106,-32.39160910521912,992.9
979,16.093,3.526315789473684,-21.0,-24.526315789473685,12.512191157894735,-32.499052167759196,992.9
980,16.093,3.263157894736842,-21.0,-24.26315789473684,12.76795957894737,-32.60466590673779,992.9
981,16.093,3.0,-21.0,-24.0,13.023728,-32.70851719396525,992.9
982,16.093,3.0,-21.0,-24.0,12.246192,-32.38727234462617,992.725
983,16.093,3.0,-21.0,-24.0,11.468656,-32.048412045764245,992.55
984,16.093,3.0,-21.0,-24.0,10.69112,-31.689671586181106,992.375
985,16.093,3.0,-21.0,-24.0,9.913584,-31.30830283306024,992.2
986,16.093,3.238095238095238,-20.761904761904763,-24.0,10.191275428571428,-31.14827010257654,992.2
987,16.093,3.4761904761904763,-20.52380952380953,-24.0,10.468966857142858,-30.98378926799598,992.2
988,16.093,3.7142857142857135,-20.285714285714285,-24.0,10.746658285714286,-30.815055253766587,992.2
989,16.093,3.952380952380953,-20.047619047619047,-24.0,11.024349714285714,-30.642249255615525,992.2
990,16.093,3.789473684210527,-20.0,-23.789473684210527,10.834350315789472,-30.495196620711106,992.1368421052632
991,16.093,3.526315789473684,-20.0,-23.526315789473685,10.527428210526317,-30.352135689334563,992.0578947368422
992,16.093,3.263157894736842,-20.0,-23.26315789473684,10.22050610526316,-30.205527249606856,991.978947368421
993,16.093,3.0,-20.0,-23.0,9.913584,-30.055172730082127,991.9
994,16.093,3.25,-19.75,-23.0,9.427624,-29.496897097714616,991.9
995,16.093,3.5,-19.5,-23.0,8.941664,-28.9303591024579,991.9
996,16.093,3.75,-19.25,-23.0,8.455703999999999,-28.354627191553046,991.9
997,16.093,4.0,-19.0,-23.0,7.969743999999999,-27.76860958843006,991.9
998,16.093,4.0,-19.0,-23.0,8.432563047619047,-28.032443306061623,991.9
999,16.093,4.0,-19.0,-23.0,8.895382095238094,-28.284381285863855,991.9
1000,16.093,4.0,-19.0,-23.0,9.358201142857142,-28.525538830496906,991.9
1001,16.093,4.0,-19.0,-23.0,9.82102019047619,-28.75687763625391,991.9
1002,16.093,4.0,-19.0,-23.0,9.708969263157895,-28.70172331190445,991.9
1003,16.093,4.0,-19.0,-23.0,9.453200842105264,-28.573795953242815,991.9
1004,16.093,4.0,-19.0,-23.0,9.197432421052632,-28.44292734830914,991.9
1005,16.093,4.0,-19.0,-23.0,8.941664,-28.308965188703283,991.9
1006,16.093,4.0,-19.0,-23.0,8.710254476190476,-28.184958426473628,991.9
1007,16.093,4.0,-19.0,-23.0,8.478844952380951,-28.05815266076194,991.9
1008,16.093,4.0,-19.0,-23.0,8.247435428571428,-27.92840567129838,991.9
1009,16.093,4.0,-19.0,-23.0,8.016025904761904,-27.795563766436537,991.9
1010,16.093,4.0,-19.0,-23.0,7.969743999999999,-27.76860958843006,991.9631578947368
1011,16.093,4.0,-19.0,-23.0,7.969743999999999,-27.76860958843006,992.042105263158
1012,16.093,4.0,-19.0,-23.0,7.969743999999999,-27.76860958843006,992.121052631579
1013,16.093,4.0,-19.0,-23.0,7.969743999999999,-27.76860958843006,992.2
1014,16.093,4.0,-19.0,-23.0,8.201153523809523,-27.902090017499475,992.2
1015,16.093,4.0,-19.0,-23.0,8.432563047619047,-28.032443306061623,992.2
1016,16.093,4.0,-19.0,-23.0,8.663972571428571,-28.15982558899971,992.2
1017,16.093,4.0,-19.0,-23.0,8.895382095238094,-28.284381285863855,992.2
1018,16.093,4.2105263157894735,-18.789473684210527,-23.0,8.941664,-28.047325646069762,992.2
1019,16.093,4.473684210526316,-18.526315789473685,-23.0,8.941664,-27.720276217777858,992.2
1020,16.093,4.7368421052631575,-18.26315789473684,-23.0,8.941664,-27.393226789485947,992.2
1021,16.093,5.0,-18.0,-23.0,8.941664,-27.066177361194047,992.2
1022,16.093,4.75,-18.0,-22.75,8.455703999999999,-26.808055028401196,992.2
1023,16.093,4.5,-18.0,-22.5,7.969744,-26.53715569355279,992.2
1024,16.093,4.25,-18.0,-22.25,7.483784,-26.252006661918838,992.2
1025,16.093,4.0,-18.0,-22.0,6.9978240000000005,-25.95085561198374,992.2
1026,16.093,3.761904761904762,-18.23809523809524,-22.0,6.7664144761904765,-26.090679676259825,992.2
1027,16.093,3.523809523809524,-18.476190476190474,-22.0,6.535004952380953,-26.224570790820145,992.2
1028,16.093,3.2857142857142856,-18.714285714285715,-22.0,6.303595428571429,-26.352169190661307,992.2
1029,16.093,3.0476190476190474,-18.95238095238096,-22.0,6.072185904761906,-26.473078023482508,992.2
1030,16.093,3.210526315789473,-19.0,-22.21052631578948,6.2305187368421056,-26.64538708739381,992.2
1031,16.093,3.473684210526316,-19.0,-22.473684210526315,6.486287157894737,-26.825923474868333,992.2
1032,16.093,3.736842105263158,-19.0,-22.73684210526316,6.742055578947369,-27.000575771835795,992.2
1033,16.093,4.0,-19.0,-23.0,6.9978240000000005,-27.169748422820263,992.2
1034,16.093,3.761904761904762,-19.23809523809524,-23.0,6.7664144761904765,-27.306366866613796,992.295238095238
1035,16.093,3.523809523809524,-19.476190476190474,-23.0,6.535004952380953,-27.436958908579573,992.3904761904762
1036,16.093,3.2857142857142856,-19.714285714285715,-23.0,6.303595428571429,-27.561158600716546,992.4857142857144
1037,16.093,3.0476190476190474,-19.95238095238096,-23.0,6.072185904761906,-27.678562252680187,992.5809523809525
1038,16.093,2.7894736842105265,-20.21052631578948,-23.0,6.2305187368421056,-28.107574993402558,992.6
1039,16.093,2.526315789473684,-20.473684210526315,-23.0,6.486287157894737,-28.611558778879115,992.6
1040,16.093,2.263157894736842,-20.73684210526316,-23.0,6.742055578947369,-29.11143713748818,992.6
1041,16.093,2.0,-21.0,-23.0,6.9978240000000005,-29.607534044493313,992.6
1042,16.093,2.25,-20.75,-23.0,6.9978240000000005,-29.30281084178418,992.675
1043,16.093,2.5,-20.5,-23.0,6.9978240000000005,-28.998087639075052,992.75
1044,16.093,2.75,-20.25,-23.0,6.9978240000000005,-28.69336443636592,992.825
1045,16.093,3.0,-20.0,-23.0,6.9978240000000005,-28.38864123365679,992.9
1046,16.093,3.0,-20.0,-23.0,7.229233523809524,-28.54040194803542,992.9
1047,16.093,3.0,-20.0,-23.0,7.460643047619047,-28.688135437645926,992.9
1048,16.093,3.0,-20.0,-23.0,7.6920525714285715,-28.832068648532356,992.9
1049,16.093,3.0,-20.0,-23.0,7.9234620952380945,-28.972409372028473,992.9
1050,16.093,2.7894736842105265,-20.21052631578948,-23.0,7.969743999999999,-29.25931693486045,992.9631578947368
1051,16.093,2.526315789473684,-20.473684210526315,-23.0,7.969743999999999,-29.58338374930183,993.042105263158
1052,16.093,2.263157894736842,-20.73684210526316,-23.0,7.969743999999999,-29.90745056374322,993.121052631579
1053,16.093,2.0,-21.0,-23.0,7.969743999999999,-30.231517378184606,993.2
1054,16.093,2.238095238095238,-21.0,-23.23809523809524,8.201153523809523,-30.37059729836689,993.2
1055,16.093,2.4761904761904763,-21.0,-23.476190476190474,8.432563047619047,-30.506418894799523,993.2
1056,16.093,2.7142857142857144,-21.0,-23.714285714285715,8.663972571428571,-30.639144852209,993.2
1057,16.093,2.952380952380953,-21.0,-23.95238095238096,8.895382095238094,-30.768925648531617,993.2
1058,16.093,3.0,-21.0,-24.0,8.737049263157894,-30.680439618891555,993.2
1059,16.093,3.0,-21.0,-24.0,8.481280842105262,-30.534613236403075,993.2
1060,16.093,3.0,-21.0,-24.0,8.225512421052631,-30.385044818530062,993.2
1061,16.093,3.0,-21.0,-24.0,7.969743999999999,-30.231517378184606,993.2
1062,16.093,3.0,-21.0,-24.0,7.969743999999999,-30.231517378184606,993.3
1063,16.093,3.0,-21.0,-24.0,7.969743999999999,-30.231517378184606,993.4
1064,16.093,3.0,-21.0,-24.0,7.969743999999999,-30.231517378184606,993.5
1065,16.093,3.0,-21.0,-24.0,7.969743999999999,-30.231517378184606,993.6
1066,16.093,3.0,-21.0,-24.0,8.201153523809523,-30.37059729836689,993.6
1067,16.093,3.0,-21.0,-24.0,8.432563047619047,-30.506418894799523,993.6
1068,16.093,3.0,-21.0,-24.0,8.663972571428571,-30.639144852209,993.6
1069,16.093,3.0,-21.0,-24.0,8.895382095238094,-30.768925648531617,993.6
1070,16.093,2.7894736842105265,-21.21052631578948,-24.0,8.737049263157894,-30.941595601013848,993.6
1071,16.093,2.526315789473684,-21.473684210526315,-24.0,8.481280842105262,-31.12082367008714,993.6
1072,16.093,2.263157894736842,-21.73684210526316,-24.0,8.225512421052631,-31.29470916922999,993.6
1073,16.093,2.0,-22.0,-24.0,7.969743999999999,-31.462971273061882,993.6
1074,16.093,2.238095238095238,-22.0,-24.23809523809524,8.201153523809523,-31.604850938800595,993.6714285714286
1075,16.093,2.4761904761904763,-22.0,-24.476190476190474,8.432563047619047,-31.743406689168474,993.7428571428572
1076,16.093,2.7142857142857144,-22.0,-24.714285714285715,8.663972571428571,-31.87880448381364,993.8142857142856
1077,16.093,2.952380952380953,-22.0,-24.95238095238096,8.895382095238094,-32.0111978298655,993.8857142857142
1078,16.093,3.0,-22.21052631578948,-25.21052631578948,9.146278736842104,-32.413624397451564,993.9
1079,16.093,3.0,-22.473684210526315,-25.473684210526315,9.402047157894737,-32.88232081403496,993.9
1080,16.093,3.0,-22.73684210526316,-25.73684210526316,9.657815578947368,-33.34926502190366,993.9
1081,16.093,3.0,-23.0,-26.0,9.913584,-33.81456303901646,993.9
1082,16.093,3.0,-22.5,-25.5,9.670604,-33.05991136621065,993.975
1083,16.093,3.0,-22.0,-25.0,9.427624,-32.305056781754985,994.05
1084,16.093,3.0,-21.5,-24.5,9.184644,-31.549950913325755,994.125
1085,16.093,3.0,-21.0,-24.0,8.941664,-30.79454084372176,994.2
1086,16.093,3.238095238095238,-21.23809523809524,-24.476190476190474,8.710254476190476,-30.960614579230807,994.2
1087,16.093,3.4761904761904763,-21.476190476190474,-24.95238095238096,8.478844952380951,-31.12250534818211,994.2
1088,16.093,3.7142857142857135,-21.714285714285715,-25.428571428571427,8.247435428571428,-31.28002089844624,994.2
1089,16.093,3.952380952380953,-21.95238095238096,-25.904761904761905,8.016025904761904,-31.432953955127502,994.2
1090,16.093,3.789473684210527,-22.21052631578948,-26.0,7.969743999999999,-31.722224724614996,994.2
1091,16.093,3.526315789473684,-22.473684210526315,-26.0,7.969743999999999,-32.04629153905637,994.2
1092,16.093,3.263157894736842,-22.73684210526316,-26.0,7.969743999999999,-32.370358353497764,994.2
1093,16.093,3.0,-23.0,-26.0,7.969743999999999,-32.69442516793915,994.2
1094,16.093,3.0,-23.0,-26.0,7.7383344761904755,-32.54617288297364,994.1285714285716
1095,16.093,3.0,-23.0,-26.0,7.506924952380952,-32.39414858141568,994.0571428571428
1096,16.093,3.0,-23.0,-26.0,7.275515428571428,-32.23813545131648,993.9857142857144
1097,16.093,3.0,-23.0,-26.0,7.0441059047619055,-32.07789682342869,993.9142857142856
1098,16.093,3.0,-23.0,-26.0,6.9978240000000005,-32.045319666166364,993.9
1099,16.093,3.0,-23.0,-26.0,6.9978240000000005,-32.045319666166364,993.9
1100,16.093,3.0,-23.0,-26.0,6.9978240000000005,-32.045319666166364,993.9
1101,16.093,3.0,-23.0,-26.0,6.9978240000000005,-32.045319666166364,993.9
1102,16.093,3.0,-23.0,-26.0,6.9978240000000005,-32.045319666166364,993.9
1103,16.093,3.0,-23.0,-26.0,6.9978240000000005,-32.045319666166364,993.9
1104,16.093,3.0,-23.0,-26.0,6.9978240000000005,-32.045319666166364,993.9
1105,16.093,3.0,-23.0,-26.0,6.9978240000000005,-32.045319666166364,993.9
1106,16.093,3.238095238095238,-23.0,-26.23809523809524,6.9978240000000005,-32.045319666166364,993.9
1107,16.093,3.4761904761904763,-23.0,-26.476190476190474,6.9978240000000005,-32.045319666166364,993.9
1108,16.093,3.7142857142857135,-23.0,-26.714285714285715,6.9978240000000005,-32.045319666166364,993.9
1109,16.093,3.952380952380953,-23.0,-26.95238095238096,6.9978240000000005,-32.045319666166364,993.9
1110,16.093,3.789473684210527,-23.0,-26.789473684210527,6.793209263157896,-31.89908865639411,993.9
1111,16.093,3.526315789473684,-23.0,-26.526315789473685,6.537440842105264,-31.711004483053767,993.9
1112,16.093,3.263157894736842,-23.0,-26.26315789473684,6.281672421052632,-31.51663413352714,993.9
1113,16.093,3.0,-23.0,-26.0,6.025904000000001,-31.31549824488666,993.9
1114,16.093,3.238095238095238,-22.761904761904763,-26.0,6.720132571428572,-31.556671832192404,993.8285714285714
1115,16.093,3.4761904761904763,-22.52380952380953,-26.0,7.4143611428571425,-31.74916571828986,993.7571428571428
1116,16.093,3.7142857142857135,-22.285714285714285,-26.0,8.108589714285714,-31.900833915576587,993.6857142857144
1117,16.093,3.952380952380953,-22.047619047619047,-26.0,8.802818285714284,-32.01769806618782,993.6142857142858
1118,16.093,4.0,-22.0,-26.0,8.941664,-32.037328671230995,993.6
1119,16.093,4.0,-22.0,-26.0,8.941664,-32.037328671230995,993.6
1120,16.093,4.0,-22.0,-26.0,8.941664,-32.037328671230995,993.6
1121,16.093,4.0,-22.0,-26.0,8.941664,-32.037328671230995,993.6
1122,16.093,4.25,-21.5,-25.75,8.455703999999999,-31.138457085226385,993.5
1123,16.093,4.5,-21.0,-25.5,7.969744,-30.231517378184606,993.4
1124,16.093,4.75,-20.5,-25.25,7.483784,-29.315368584630622,993.3
1125,16.093,5.0,-20.0,-25.0,6.9978240000000005,-28.38864123365679,993.2
1126,16.093,4.761904761904762,-20.476190476190474,-25.23809523809524,7.229233523809524,-29.122311752437,993.2
1127,16.093,4.523809523809524,-20.95238095238096,-25.476190476190474,7.460643047619047,-29.85484556352931,993.2
1128,16.093,4.285714285714286,-21.428571428571427,-25.714285714285715,7.6920525714285715,-30.586358080001123,993.2
1129,16.093,4.047619047619048,-21.904761904761905,-25.95238095238096,7.9234620952380945,-31.316953691397764,993.2
1130,16.093,4.0,-22.0,-26.0,7.7651292631578945,-31.334607232072376,993.2
1131,16.093,4.0,-22.0,-26.0,7.509360842105263,-31.170094721764478,993.2
1132,16.093,4.0,-22.0,-26.0,7.253592421052632,-31.000806141916257,993.2
1133,16.093,4.0,-22.0,-26.0,6.9978240000000005,-30.826426855329842,993.2
1134,16.093,4.25,-21.75,-26.0,6.511864,-30.176791767312565,993.3
1135,16.093,4.5,-21.5,-26.0,6.025904000000001,-29.508343600744716,993.4
1136,16.093,4.75,-21.25,-26.0,5.539944,-28.81801086464022,993.5
1137,16.093,5.0,-21.0,-26.0,5.053984,-28.101911836440184,993.6
1138,16.093,4.75,-21.25,-26.0,5.782924,-29.016015682258555,993.5
1139,16.093,4.5,-21.5,-26.0,6.511863999999999,-29.873778557820415,993.4
1140,16.093,4.25,-21.75,-26.0,7.240803999999999,-30.686669764715493,993.3
1141,16.093,4.0,-22.0,-26.0,7.969743999999999,-31.462971273061882,993.2
1142,16.093,4.25,-21.75,-26.0,7.483784,-30.847049545986515,993.2
1143,16.093,4.5,-21.5,-26.0,6.997824,-30.216980449911578,993.2
1144,16.093,4.75,-21.25,-26.0,6.511864,-29.570765348328266,993.2
1145,16.093,5.0,-21.0,-26.0,6.025904000000001,-28.905958719364065,993.2
1146,16.093,4.761904761904762,-21.476190476190474,-26.23809523809524,5.563084952380953,-29.108010639401016,993.2
1147,16.093,4.523809523809524,-21.95238095238096,-26.476190476190474,5.100265904761905,-29.275802278153037,993.2
1148,16.093,4.285714285714286,-22.428571428571427,-26.714285714285715,4.637446857142857,-29.403788867840987,993.2
1149,16.093,4.047619047619048,-22.904761904761905,-26.95238095238096,4.174627809523809,-29.48481609346084,993.2
1150,16.093,4.0,-23.0,-27.0,4.491293473684211,-29.930833240961597,993.284210526316
1151,16.093,4.0,-23.0,-27.0,5.002830315789474,-30.431419852439383,993.3894736842104
1152,16.093,4.0,-23.0,-27.0,5.514367157894737,-30.890707822241637,993.4947368421052
1153,16.093,4.0,-23.0,-27.0,6.025904000000001,-31.31549824488666,993.6
1154,16.093,4.0,-22.75,-26.75,6.268884000000001,-31.20462459156394,993.6
1155,16.093,4.0,-22.5,-26.5,6.511864000000001,-31.08583139578902,993.6
1156,16.093,4.0,-22.25,-26.25,6.754844,-30.95961601204091,993.6
1157,16.093,4.0,-22.0,-26.0,6.9978240000000005,-30.826426855329842,993.6
1158,16.093,4.0,-22.0,-26.0,6.535004952380953,-30.49679558673432,993.6
1159,16.093,4.0,-22.0,-26.0,6.072185904761905,-30.14693472198971,993.6
1160,16.093,4.0,-22.0,-26.0,5.609366857142858,-29.773908683373598,993.6
1161,16.093,4.0,-22.0,-26.0,5.14654780952381,-29.374067586648096,993.6
1162,16.093,4.0,-22.0,-26.0,5.463213473684211,-29.650736675089846,993.6631578947369
1163,16.093,4.0,-22.0,-26.0,5.974750315789474,-30.07043827554969,993.742105263158
1164,16.093,4.0,-22.0,-26.0,6.486287157894737,-30.460966772318855,993.8210526315788
1165,16.093,4.0,-22.0,-26.0,6.9978240000000005,-30.826426855329842,993.9
1166,16.093,4.0,-22.0,-26.0,7.229233523809524,-30.98442312652206,993.9
1167,16.093,4.0,-22.0,-26.0,7.460643047619047,-31.138226702001017,993.9
1168,16.093,4.0,-22.0,-26.0,7.6920525714285715,-31.28807385258863,993.9
1169,16.093,4.0,-22.0,-26.0,7.9234620952380945,-31.43418090736622,993.9
1170,16.093,4.0,-21.789473684210527,-25.789473684210527,7.969743999999999,-31.203717821508768,993.9
1171,16.093,4.0,-21.526315789473685,-25.526315789473685,7.969743999999999,-30.87965100706738,993.9
1172,16.093,4.0,-21.26315789473684,-25.26315789473684,7.969743999999999,-30.55558419262599,993.9
1173,16.093,4.0,-21.0,-25.0,7.969743999999999,-30.231517378184606,993.9
1174,16.093,4.0,-20.75,-24.75,8.74728,-30.376046006067632,993.825
1175,16.093,4.0,-20.5,-24.5,9.524816,-30.483555891297392,993.75
1176,16.093,4.0,-20.25,-24.25,10.302352,-30.559237999982262,993.675
1177,16.093,4.0,-20.0,-24.0,11.079888,-30.607214474446867,993.6
1178,16.093,4.0,-20.0,-24.0,11.311297523809523,-30.710894150113077,993.6
1179,16.093,4.0,-20.0,-24.0,11.542707047619048,-30.812807145109545,993.6
1180,16.093,4.0,-20.0,-24.0,11.774116571428571,-30.913018092674104,993.6
1181,16.093,4.0,-20.0,-24.0,12.005526095238096,-31.011588047388862,993.6
1182,16.093,4.0,-20.0,-24.0,11.847193263157896,-30.944319928883836,993.6631578947369
1183,16.093,4.0,-20.0,-24.0,11.591424842105264,-30.834043531905316,993.742105263158
1184,16.093,4.0,-20.0,-24.0,11.335656421052631,-30.721703877193036,993.8210526315788
1185,16.093,4.0,-20.0,-24.0,11.079888,-30.607214474446867,993.9
1186,16.093,3.75,-20.25,-24.0,10.788312,-30.789389684252903,993.825
1187,16.093,3.5,-20.5,-24.0,10.496736,-30.967104166852224,993.75
1188,16.093,3.25,-20.75,-24.0,10.20516,-31.140150024016727,993.675
1189,16.093,3.0,-21.0,-24.0,9.913584,-31.30830283306024,993.6
1190,16.093,3.0,-21.0,-24.0,9.670604,-31.18397051559505,993.6
1191,16.093,3.0,-21.0,-24.0,9.427624,-31.056985811070383,993.6
1192,16.093,3.0,-21.0,-24.0,9.184644,-30.927221536552146,993.6
1193,16.093,3.0,-21.0,-24.0,8.941664,-30.79454084372176,993.6
1194,16.093,3.0,-21.0,-24.0,8.455703999999999,-30.519828219965646,993.5
1195,16.093,3.0,-21.0,-24.0,7.969744,-30.231517378184606,993.4
1196,16.093,3.0,-21.0,-24.0,7.483784,-29.928040969172983,993.3
1197,16.093,3.0,-21.0,-24.0,6.9978240000000005,-29.607534044493313,993.2
1198,16.093,3.0,-21.0,-24.0,6.9978240000000005,-29.607534044493313,993.2
1199,16.093,3.0,-21.0,-24.0,6.9978240000000005,-29.607534044493313,993.2
1200,16.093,3.0,-21.0,-24.0,6.9978240000000005,-29.607534044493313,993.2
1201,16.093,3.0,-21.0,-24.0,6.9978240000000005,-29.607534044493313,993.2
1202,16.093,3.210526315789473,-20.789473684210527,-24.0,7.2024387368421054,-29.48750395606607,993.2
1203,16.093,3.473684210526316,-20.526315789473685,-24.0,7.458207157894737,-29.33134478230691,993.2
1204,16.093,3.736842105263158,-20.26315789473684,-24.0,7.713975578947368,-29.168746303772053,993.2
1205,16.093,4.0,-20.0,-24.0,7.969743999999999,-29.000063483307336,993.2
1206,16.093,4.0,-20.0,-24.0,7.506924952380952,-28.717219191357653,993.2
1207,16.093,4.0,-20.0,-24.0,7.044105904761905,-28.41932715255002,993.2
1208,16.093,4.0,-20.0,-24.0,6.5812868571428575,-28.10451434992499,993.2
1209,16.093,4.0,-20.0,-24.0,6.1184678095238105,-27.770521619220073,993.2
1210,16.093,3.789473684210527,-20.0,-23.789473684210527,6.4351334736842105,-28.001234577858444,993.284210526316
1211,16.093,3.526315789473684,-20.0,-23.526315789473685,6.946670315789474,-28.35452623936669,993.3894736842104
1212,16.093,3.263157894736842,-20.0,-23.26315789473684,7.458207157894737,-28.68660051980075,993.4947368421052
1213,16.093,3.0,-20.0,-23.0,7.969743999999999,-29.000063483307336,993.6
1214,16.093,3.25,-19.75,-23.0,8.455703999999999,-28.97325605681379,993.675
1215,16.093,3.5,-19.5,-23.0,8.941664,-28.9303591024579,993.75
1216,16.093,3.75,-19.25,-23.0,9.427624,-28.87286161237231,993.825
1217,16.093,4.0,-19.0,-23.0,9.913584,-28.802042627104015,993.9
1218,16.093,4.0,-19.0,-23.0,10.654094476190476,-29.151143384566083,993.9714285714284
1219,16.093,4.0,-19.0,-23.0,11.394604952380952,-29.480423779835355,994.0428571428572
1220,16.093,4.0,-19.0,-23.0,12.135115428571428,-29.792193614338363,994.1142857142858
1221,16.093,4.0,-19.0,-23.0,12.875625904761904,-30.088371833587907,994.1857142857144
1222,14.399105263157894,3.789473684210527,-19.0,-22.789473684210527,13.023728,-30.14588301353652,994.1368421052632
1223,12.281736842105264,3.526315789473684,-19.0,-22.526315789473685,13.023728,-30.14588301353652,994.0578947368422
1224,10.164368421052632,3.263157894736842,-19.0,-22.26315789473684,13.023728,-30.14588301353652,993.978947368421
1225,8.047,3.0,-19.0,-22.0,13.023728,-30.14588301353652,993.9
1226,8.813190476190476,3.0,-19.0,-22.0,13.255137523809523,-30.23465388186646,993.9714285714284
1227,9.579380952380951,3.0,-19.0,-22.0,13.486547047619048,-30.322132349105658,994.0428571428572
1228,10.345571428571429,3.0,-19.0,-22.0,13.717956571428571,-30.408358929914144,994.1142857142858
1229,11.111761904761906,3.0,-19.0,-22.0,13.949366095238096,-30.49337221141568,994.1857142857144
1230,12.28142105263158,3.210526315789473,-18.789473684210527,-22.0,13.995648,-30.238872685599006,994.284210526316
1231,13.551947368421054,3.473684210526316,-18.526315789473685,-22.0,13.995648,-29.899672868776776,994.3894736842104
1232,14.822473684210529,3.736842105263158,-18.26315789473684,-22.0,13.995648,-29.560473051954546,994.4947368421052
1233,16.093,4.0,-18.0,-22.0,13.995648,-29.221273235132326,994.6
1234,16.093,4.0,-18.0,-22.0,14.238628,-29.307188502183802,994.6
1235,16.093,4.0,-18.0,-22.0,14.481608,-29.391880920432985,994.6
1236,16.093,4.0,-18.0,-22.0,14.724588,-29.475387980982553,994.6
1237,16.093,4.0,-18.0,-22.0,14.967568,-29.557745429841752,994.6
1238,16.093,4.0,-18.0,-22.0,15.708078476190476,-29.801994888564217,994.6714285714286
1239,16.093,4.0,-18.0,-22.0,16.448588952380952,-30.036756347575547,994.7428571428572
1240,16.093,4.0,-18.0,-22.0,17.18909942857143,-30.26280160369801,994.8142857142856
1241,16.093,4.0,-18.0,-22.0,17.929609904761907,-30.48080963845087,994.8857142857142
1242,16.093,4.0,-18.0,-22.0,17.422944842105263,-30.33248462852415,994.9631578947368
1243,16.093,4.0,-18.0,-22.0,16.604485894736843,-30.085045106039104,995.042105263158
1244,16.093,4.0,-18.0,-22.0,15.786026947368422,-29.8271391924126,995.121052631579
1245,16.093,4.0,-18.0,-22.0,14.967568,-29.557745429841752,995.2
1246,14.177285714285714,4.0,-18.0,-22.0,16.170897523809522,-29.949781490473043,995.2
1247,12.261571428571427,4.0,-18.0,-22.0,17.374227047619048,-30.318032399228937,995.2
1248,10.345857142857142,4.0,-18.0,-22.0,18.57755657142857,-30.66544751704514,995.2
1249,8.430142857142858,4.0,-18.0,-22.0,19.78088609523809,-30.994447158475936,995.2
1250,9.740894736842106,4.0,-18.0,-22.0,19.407707789473683,-30.894259016256875,995.2
1251,11.858263157894736,4.0,-18.0,-22.0,18.64040252631579,-30.68306684845537,995.2
1252,13.975631578947368,4.0,-18.0,-22.0,17.873097263157895,-30.464441455109924,995.2
1253,16.093,4.0,-18.0,-22.0,17.105792,-30.23778458298215,995.2
1254,16.093,4.0,-17.761904761904763,-21.761904761904763,16.82810057142857,-29.841997486924512,995.2
1255,16.093,4.0,-17.523809523809526,-21.52380952380953,16.55040914285714,-29.445906295115975,995.2
1256,16.093,4.0,-17.285714285714285,-21.285714285714285,16.272717714285715,-29.04949302097516,995.2
1257,16.093,4.0,-17.047619047619047,-21.047619047619047,15.995026285714284,-28.65273867663454,995.2
1258,16.093,4.0,-17.0,-21.0,16.594255157894736,-28.774490465983916,995.2
1259,16.093,4.0,-17.0,-21.0,17.41271410526316,-29.016751181450072,995.2
1260,16.093,4.0,-17.0,-21.0,18.23117305263158,-29.249628283089088,995.2
1261,16.093,4.0,-17.0,-21.0,19.049632000000003,-29.47388297203144,995.2
1262,16.093,4.0,-16.75,-20.75,18.563672000000004,-29.011777844553507,995.2
1263,16.093,4.0,-16.5,-20.5,18.077712,-28.54821289434436,995.2
1264,16.093,4.0,-16.25,-20.25,17.591752,-28.083091748433922,995.2
1265,16.093,4.0,-16.0,-20.0,17.105792,-27.616309834275995,995.2
1266,16.093,4.0,-16.0,-20.0,17.105792,-27.616309834275995,995.35
1267,16.093,4.0,-16.0,-20.0,17.105792,-27.616309834275995,995.5
1268,16.093,3.8484848484848486,-16.0,-19.848484848484848,17.105792,-27.616309834275995,995.5
1269,16.093,3.696969696969697,-16.0,-19.69696969696969,17.105792,-27.616309834275995,995.5
1270,16.093,3.5454545454545454,-16.0,-19.545454545454547,17.105792,-27.616309834275995,995.5
1271,16.093,3.393939393939394,-16.0,-19.393939393939394,17.105792,-27.616309834275995,995.5
1272,16.093,3.242424242424242,-16.0,-19.24242424242424,17.105792,-27.616309834275995,995.5
1273,16.093,3.090909090909091,-16.0,-19.09090909090909,17.105792,-27.616309834275995,995.5
1274,15.525,3.117647058823529,-16.0,-19.11764705882353,16.968579764705883,-27.5766564927622,995.5470588235294
1275,14.105,3.411764705882353,-16.0,-19.41176470588235,16.62554917647059,-27.476331807246062,995.6647058823528
1276,12.685,3.7058823529411766,-16.0,-19.705882352941178,16.282518588235295,-27.374253010990326,995.7823529411764
1277,11.265,4.0,-16.0,-20.0,15.939488,-27.27035149219325,995.9
1278,11.265,4.0,-16.0,-20.0,16.217179428571427,-27.354604940820632,995.9
1279,11.265,4.0,-16.0,-20.0,16.494870857142857,-27.437655115698856,995.9
1280,11.265,4.0,-16.0,-20.0,16.772562285714287,-27.519539031141775,995.9
1281,11.265,4.0,-16.0,-20.0,17.050253714285716,-27.60029197289605,995.9
1282,12.28142105263158,4.0,-16.0,-20.0,17.310406736842108,-27.674948565420014,995.9631578947368
1283,13.551947368421054,4.0,-16.0,-20.0,17.566175157894737,-27.747433706374053,996.042105263158
1284,14.822473684210529,4.0,-16.0,-20.0,17.82194357894737,-27.81903766352748,996.121052631579
1285,16.093,4.0,-16.0,-20.0,18.077712,-27.889783567693396,996.2
1286,14.177285714285714,4.0,-16.238095238095237,-20.23809523809524,18.771940571428573,-28.392194854887215,996.2714285714286
1287,12.261571428571427,4.0,-16.476190476190474,-20.476190476190474,19.466169142857144,-28.890798978791057,996.3428571428572
1288,10.345857142857142,4.0,-16.714285714285715,-20.714285714285715,20.160397714285715,-29.385881752837122,996.4142857142856
1289,8.430142857142858,4.0,-16.952380952380953,-20.95238095238096,20.85462628571429,-29.877700295439887,996.4857142857144
1290,8.724473684210526,4.0,-17.0,-21.0,19.92947536842105,-29.706104205571002,996.6473684210526
1291,9.571315789473685,4.0,-17.0,-21.0,18.599479578947367,-29.35156790808172,996.8315789473684
1292,10.418157894736844,4.0,-17.0,-21.0,17.269483789473682,-28.97505602182407,997.0157894736842
1293,11.265,4.0,-17.0,-21.0,15.939488,-28.57334513375668,997.2
1294,12.472,4.0,-17.0,-21.0,17.202984,-28.95559873730343,997.275
1295,13.679,4.0,-17.0,-21.0,18.46648,-29.31495359964326,997.35
1296,14.886,4.0,-17.0,-21.0,19.729976,-29.654215664058796,997.425
1297,16.093,4.0,-17.0,-21.0,20.993472,-29.97569312531055,997.5
1298,16.093,3.761904761904762,-17.238095238095237,-21.0,20.530652952380954,-30.17681399476325,997.6666666666666
1299,16.093,3.523809523809524,-17.476190476190474,-21.0,20.067833904761905,-30.374489917188157,997.8333333333334
1300,16.093,3.2857142857142856,-17.714285714285715,-21.0,19.60501485714286,-30.568589879324083,998.0
1301,16.093,3.0476190476190474,-17.952380952380953,-21.0,19.14219580952381,-30.758974327549716,998.1666666666669
1302,16.093,3.210526315789473,-17.789473684210527,-21.0,19.049632000000003,-30.518127279204677,998.2631578947368
1303,16.093,3.473684210526316,-17.526315789473685,-21.0,19.049632000000003,-30.170045843480267,998.342105263158
1304,16.093,3.736842105263158,-17.263157894736842,-21.0,19.049632000000003,-29.82196440775585,998.421052631579
1305,16.093,4.0,-17.0,-21.0,19.049632000000003,-29.47388297203144,998.5
1306,16.093,4.0,-17.25,-21.25,19.292612,-29.869932791343736,998.675
1307,16.093,4.0,-17.5,-21.5,19.535592,-30.266002604045187,998.85
1308,16.093,4.0,-17.75,-21.75,19.778572,-30.66209700915441,999.025
1309,16.093,4.0,-18.0,-22.0,20.021552,-31.058220394153324,999.2
1310,12.740380952380953,4.0,-18.0,-22.0,21.22488152380952,-31.367747844000252,999.2714285714286
1311,9.387761904761906,4.0,-18.0,-22.0,22.428211047619047,-31.662869389824138,999.3428571428572
1312,6.035142857142857,4.0,-18.0,-22.0,23.63154057142857,-31.944976957858827,999.4142857142856
1313,2.682523809523809,4.0,-18.0,-22.0,24.83487009523809,-32.2152652003664,999.4857142857144
1314,3.96,4.0,-18.21052631578948,-22.21052631578948,24.420768842105264,-32.407967551988214,999.6473684210526
1315,6.395,4.0,-18.473684210526315,-22.473684210526315,23.60230989473684,-32.57640142749099,999.8315789473684
1316,8.83,4.0,-18.73684210526316,-22.73684210526316,22.78385094736842,-32.7371829794221,1000.0157894736842
1317,11.265,4.0,-19.0,-23.0,21.965392,-32.88984399839123,1000.2
1318,11.265,4.238095238095238,-19.0,-23.23809523809524,21.50257295238095,-32.77350861988539,1000.2714285714286
1319,11.265,4.476190476190476,-19.0,-23.476190476190474,21.039753904761906,-32.65505052535842,1000.3428571428572
1320,11.265,4.714285714285714,-19.0,-23.714285714285715,20.576934857142856,-32.53438298488796,1000.4142857142856
1321,11.265,4.9523809523809526,-19.0,-23.95238095238096,20.11411580952381,-32.41141367457614,1000.4857142857144
1322,12.28142105263158,4.789473684210527,-19.21052631578948,-24.0,19.816937263157897,-32.610596332839734,1000.5631578947368
1323,13.551947368421054,4.526315789473684,-19.473684210526315,-24.0,19.561168842105264,-32.88929990852531,1000.642105263158
1324,14.822473684210529,4.2631578947368425,-19.73684210526316,-24.0,19.305400421052635,-33.16644893883146,1000.7210526315788
1325,16.093,4.0,-20.0,-24.0,19.049632000000003,-33.442011339289735,1000.8
1326,16.093,4.0,-20.0,-24.0,18.806652000000003,-33.37197806389722,1000.9
1327,16.093,4.0,-20.0,-24.0,18.563672000000004,-33.30118056782909,1001.0
1328,16.093,4.0,-20.0,-24.0,18.320692,-33.22960034316058,1001.1
1329,16.093,4.0,-20.0,-24.0,18.077712,-33.157218180901125,1001.2
1330,16.093,3.761904761904762,-20.23809523809524,-24.0,17.846302476190477,-33.400715826362486,1001.2714285714286
1331,16.093,3.523809523809524,-20.476190476190474,-24.0,17.614892952380952,-33.6427607934856,1001.3428571428572
1332,16.093,3.2857142857142856,-20.714285714285715,-24.0,17.38348342857143,-33.88332305304863,1001.4142857142856
1333,16.093,3.0476190476190474,-20.95238095238096,-24.0,17.152073904761906,-34.12237149348426,1001.4857142857144
1334,16.093,3.0,-21.0,-24.0,16.451024842105266,-33.95685393444954,1001.6263157894736
1335,16.093,3.0,-21.0,-24.0,15.632565894736842,-33.680166784929064,1001.7842105263156
1336,16.093,3.0,-21.0,-24.0,14.814106947368424,-33.39103139015654,1001.942105263158
1337,16.093,3.0,-21.0,-24.0,13.995648,-33.0881511469057,1002.1
1338,16.093,3.238095238095238,-21.0,-24.23809523809524,14.227057523809524,-33.17526412200958,1002.195238095238
1339,16.093,3.4761904761904763,-21.0,-24.476190476190474,14.458467047619049,-33.261194894858875,1002.2904761904762
1340,16.093,3.7142857142857135,-21.0,-24.714285714285715,14.689876571428572,-33.34597805059452,1002.3857142857142
1341,16.093,3.952380952380953,-21.0,-24.95238095238096,14.921286095238097,-33.42964663709712,1002.4809523809524
1342,16.093,4.0,-21.0,-25.0,15.172182736842103,-33.519138364452886,1002.5631578947368
1343,16.093,4.0,-21.0,-25.0,15.427951157894736,-33.60909725717591,1002.642105263158
1344,16.093,4.0,-21.0,-25.0,15.683719578947368,-33.69781200866082,1002.7210526315788
1345,16.093,4.0,-21.0,-25.0,15.939488,-33.78531970001041,1002.8
1346,16.093,3.761904761904762,-21.23809523809524,-25.0,15.245259428571428,-33.85405468267322,1002.9666666666666
1347,16.093,3.523809523809524,-21.476190476190474,-25.0,14.551030857142855,-33.911019311963095,1003.1333333333332
1348,16.093,3.2857142857142856,-21.714285714285715,-25.0,13.856802285714286,-33.95522619614893,1003.3
1349,16.093,3.0476190476190474,-21.95238095238096,-25.0,13.162573714285712,-33.985547216437894,1003.4666666666668
1350,16.093,3.102564102564102,-22.0,-25.21052631578948,12.819113263157895,-33.905222513130916,1003.6263157894736
1351,16.093,3.230769230769231,-22.0,-25.473684210526315,12.563344842105264,-33.797847637496325,1003.7842105263156
1352,16.093,3.358974358974359,-22.0,-25.73684210526316,12.307576421052632,-33.68862057288352,1003.942105263158
1353,16.093,3.4871794871794872,-22.0,-26.0,12.051808,-33.57746986370959,1004.1
1354,16.093,3.615384615384616,-22.0,-26.0,11.808828000000002,-33.470025925718474,1004.2
1355,16.093,3.743589743589744,-22.0,-26.0,11.565848,-33.36070860115629,1004.3
1356,16.093,3.871794871794872,-22.0,-26.0,11.322868,-33.24944481989883,1004.4
1357,16.093,4.0,-22.0,-26.0,11.079888,-33.13615701736067,1004.5
1358,16.093,4.0,-22.0,-26.0,11.542707047619048,-33.35019709671949,1004.6428571428572
1359,16.093,4.0,-22.0,-26.0,12.005526095238096,-33.557145525190904,1004.7857142857144
1360,16.093,4.0,-22.0,-26.0,12.468345142857142,-33.75749752231689,1004.9285714285714
1361,16.093,4.0,-22.0,-26.0,12.93116419047619,-33.951696876326146,1005.0714285714286
1362,16.093,3.789473684210527,-22.21052631578948,-26.0,12.819113263157895,-34.174621971192586,1005.1631578947369
1363,16.093,3.526315789473684,-22.473684210526315,-26.0,12.563344842105264,-34.40299275033846,1005.242105263158
1364,16.093,3.263157894736842,-22.73684210526316,-26.0,12.307576421052632,-34.628369222714646,1005.3210526315788
1365,16.093,3.0,-23.0,-26.0,12.051808,-34.85064966766922,1005.4
1366,16.093,3.0,-23.0,-26.0,12.514627047619047,-35.05430828844251,1005.5666666666666
1367,16.093,3.0,-23.0,-26.0,12.977446095238095,-35.251735509092285,1005.7333333333332
1368,16.093,3.0,-23.0,-26.0,13.440265142857143,-35.44333434427564,1005.9
1369,16.093,3.0,-23.0,-26.0,13.903084190476193,-35.62946893977898,1006.0666666666668
1370,16.093,3.2,-23.0,-26.2,13.412496,-35.43199596096931,1006.16
1371,16.093,3.45,-23.0,-26.45,12.683556,-35.12706921553273,1006.235
1372,16.093,3.7,-23.0,-26.7,11.954616,-34.80704865930077,1006.31
1373,16.093,3.95,-23.0,-26.95,11.225676,-34.47019455899976,1006.385
1374,16.093,4.0,-23.0,-27.0,10.834350315789472,-34.281706536790686,1006.4842105263158
1375,16.093,4.0,-23.0,-27.0,10.527428210526317,-34.12982845630158,1006.5894736842104
1376,16.093,4.0,-23.0,-27.0,10.22050610526316,-33.97418422698547,1006.6947368421052
1377,16.093,4.0,-23.0,-27.0,9.913584,-33.81456303901646,1006.8
1378,16.093,3.761904761904762,-23.23809523809524,-27.0,10.191275428571428,-34.25818753845542,1006.8714285714284
1379,16.093,3.523809523809524,-23.476190476190474,-27.0,10.468966857142858,-34.69984181766233,1006.9428571428572
1380,16.093,3.2857142857142856,-23.714285714285715,-27.0,10.746658285714286,-35.13964081589888,1007.0142857142856
1381,16.093,3.0476190476190474,-23.95238095238096,-27.0,11.024349714285714,-35.57769070026154,1007.0857142857144
1382,16.093,3.0,-24.0,-27.0,11.48911747368421,-35.86221308708614,1007.1631578947369
1383,16.093,3.0,-24.0,-27.0,12.000654315789474,-36.10047518647837,1007.242105263158
1384,16.093,3.0,-24.0,-27.0,12.512191157894735,-36.33035354381837,1007.3210526315788
1385,16.093,3.0,-24.0,-27.0,13.023728,-36.55246846460834,1007.4
1386,16.093,3.25,-23.75,-27.0,12.780748,-36.12806244463823,1007.4
1387,16.093,3.5,-23.5,-27.0,12.537768,-35.702981473831066,1007.4
1388,16.093,3.75,-23.25,-27.0,12.294788,-35.277189852225625,1007.4
1389,16.093,4.0,-23.0,-27.0,12.051808,-34.85064966766922,1007.4
1390,16.093,4.0,-23.0,-27.0,12.514627047619047,-35.05430828844251,1007.4714285714284
1391,16.093,4.0,-23.0,-27.0,12.977446095238095,-35.251735509092285,1007.5428571428572
1392,16.093,4.0,-23.0,-27.0,13.440265142857143,-35.44333434427564,1007.6142857142858
1393,16.093,4.0,-23.0,-27.0,13.903084190476193,-35.62946893977898,1007.6857142857144
1394,16.093,4.0,-23.0,-27.0,13.995648,-35.666069754754616,1007.784210526316
1395,16.093,4.0,-23.0,-27.0,13.995648,-35.666069754754616,1007.8894736842104
1396,16.093,4.0,-23.0,-27.0,13.995648,-35.666069754754616,1007.9947368421052
1397,16.093,4.0,-23.0,-27.0,13.995648,-35.666069754754616,1008.1
1398,16.093,4.0,-23.0,-27.0,13.023728,-35.27115137439398,1008.1714285714286
1399,16.093,4.0,-23.0,-27.0,12.051808,-34.85064966766922,1008.2428571428572
1400,16.093,4.0,-23.0,-27.0,11.079888,-34.400628288817565,1008.3142857142856
1401,16.093,4.0,-23.0,-27.0,10.107968,-33.91612994354159,1008.3857142857142
1402,16.093,4.0,-23.0,-27.0,9.913584,-33.81456303901646,1008.4631578947368
1403,16.093,4.0,-23.0,-27.0,9.913584,-33.81456303901646,1008.542105263158
1404,16.093,4.0,-23.0,-27.0,9.913584,-33.81456303901646,1008.621052631579
1405,16.093,4.0,-23.0,-27.0,9.913584,-33.81456303901646,1008.7
1406,16.093,4.0,-23.0,-27.0,9.913584,-33.81456303901646,1008.7
