idx,VIS_km,TD_SPREAD,TEMP_C,DEWP_C,WND_KT,WIND_CHILL,SLP_hPa
0,16.093,7.800000000000001,-12.2,-20.0,4.082064,-16.863648287491642,1026.5
1,16.093,7.800000000000001,-12.2,-20.0,4.082064,-16.863648287491642,1026.5
2,16.093,7.800000000000001,-12.2,-20.0,4.082064,-16.863648287491642,1026.5
3,16.093,7.800000000000001,-12.2,-20.0,4.082064,-16.863648287491642,1026.5
4,16.093,7.800000000000001,-12.2,-20.0,4.082064,-16.863648287491642,1026.5
5,16.093,7.800000000000001,-12.2,-20.0,4.082064,-16.863648287491642,1026.5
6,16.093,7.800000000000001,-12.2,-20.0,4.082064,-16.863648287491642,1026.5
7,16.093,7.800000000000001,-12.2,-20.0,4.082064,-16.863648287491642,1026.5
8,16.093,7.800000000000001,-12.2,-20.0,4.082064,-16.863648287491642,1026.5
9,16.093,7.800000000000001,-12.2,-20.0,4.082064,-16.863648287491642,1026.5
10,16.093,7.800000000000001,-12.2,-20.0,4.082064,-16.863648287491642,1026.5
11,16.093,7.771666666666667,-12.228333333333332,-20.0,4.0626256,-16.879671271057813,1026.4883333333332
12,16.093,7.630000000000001,-12.37,-20.0,3.9654336,-16.9583807698374,1026.43
13,16.093,7.488333333333334,-12.511666666666668,-20.0,3.8682416,-17.03467583168561,1026.371666666667
14,16.093,7.346666666666668,-12.653333333333332,-20.0,3.7710496,-17.10845264734109,1026.3133333333333
15,16.093,7.205,-12.795,-20.0,3.6738576,-17.179599921680662,1026.255
16,16.093,7.0633333333333335,-12.936666666666666,-20.0,3.5766656,-17.247998114192196,1026.1966666666667
17,16.093,6.921666666666667,-13.078333333333331,-20.0,3.4794736,-17.31351857911985,1026.138333333333
18,16.093,6.78,-13.22,-20.0,3.3822816,-17.37602258879533,1026.08
19,16.093,6.638333333333334,-13.361666666666666,-20.0,3.2850896,-17.435360220398998,1026.0216666666663
20,16.093,6.496666666666666,-13.503333333333334,-20.0,3.1878976000000003,-17.49136908235774,1025.9633333333334
21,16.093,6.355,-13.645,-20.0,3.0907056,-17.5438728515739,1025.905
22,16.093,6.213333333333333,-13.786666666666669,-20.0,2.9935136,-17.592679586417454,1025.8466666666666
23,16.093,6.081666666666666,-13.9,-19.981666666666666,2.8671640000000003,-17.56954577713929,1025.7966666666666
24,16.093,5.989999999999999,-13.9,-19.89,2.624184,-17.259322429379633,1025.78
25,16.093,5.8983333333333325,-13.9,-19.79833333333333,2.3812040000000003,0.0,1025.763333333333
26,16.093,5.806666666666666,-13.9,-19.706666666666667,2.138224,0.0,1025.746666666667
27,16.093,5.714999999999999,-13.9,-19.615,1.895244,0.0,1025.73
28,16.093,5.623333333333332,-13.9,-19.523333333333333,1.652264,0.0,1025.7133333333334
29,16.093,5.531666666666665,-13.9,-19.431666666666665,1.409284,0.0,1025.6966666666665
30,16.093,5.439999999999999,-13.9,-19.34,1.166304,0.0,1025.6799999999998
31,16.093,5.348333333333332,-13.9,-19.24833333333333,0.923324,0.0,1025.6633333333332
32,16.093,5.256666666666665,-13.9,-19.156666666666663,0.6803439999999998,0.0,1025.6466666666663
33,16.093,5.164999999999998,-13.9,-19.065,0.4373640000000001,0.0,1025.63
34,16.093,5.073333333333332,-13.9,-18.973333333333333,0.1943839999999999,0.0,1025.6133333333332
35,16.093,5.008333333333332,-13.881666666666668,-18.89,0.048596,0.0,1025.5949999999998
36,16.093,5.049999999999998,-13.79,-18.84,0.291576,0.0,1025.57
37,16.093,5.091666666666665,-13.698333333333334,-18.79,0.534556,0.0,1025.5449999999998
38,16.093,5.133333333333332,-13.606666666666667,-18.74,0.7775360000000001,0.0,1025.52
39,16.093,5.174999999999999,-13.515,-18.69,1.0205160000000002,0.0,1025.495
40,16.093,5.216666666666666,-13.423333333333334,-18.64,1.2634960000000002,0.0,1025.47
41,16.093,5.258333333333333,-13.331666666666669,-18.59,1.506476,0.0,1025.445
42,16.093,5.299999999999999,-13.24,-18.54,1.749456,0.0,1025.4199999999998
43,16.093,5.341666666666666,-13.148333333333332,-18.49,1.992436,0.0,1025.395
44,16.093,5.383333333333333,-13.056666666666668,-18.44,2.2354160000000003,0.0,1025.37
45,16.093,5.425,-12.965,-18.39,2.478396,0.0,1025.345
46,16.093,5.466666666666667,-12.873333333333337,-18.34,2.721376,-16.22081725064811,1025.32
47,16.093,5.51,-12.79,-18.3,2.9675957333333334,-16.423423339398717,1025.3
48,16.093,5.5600000000000005,-12.74,-18.3,3.2267744,-16.65720437345769,1025.3
49,16.093,5.61,-12.69,-18.3,3.4859530666666667,-16.87129869893665,1025.3
50,16.093,5.66,-12.64,-18.3,3.745131733333333,-17.068294447525897,1025.3
51,16.093,5.710000000000001,-12.59,-18.3,4.0043104000000005,-17.250286082811016,1025.3
52,16.093,5.760000000000001,-12.54,-18.3,4.263489066666667,-17.418993924764337,1025.3
53,16.093,5.8100000000000005,-12.49,-18.3,4.522667733333334,-17.57584933284042,1025.3
54,16.093,5.860000000000001,-12.44,-18.3,4.7818464,-17.72205679224617,1025.3
55,16.093,5.910000000000001,-12.39,-18.3,5.041025066666667,-17.858640062908854,1025.3
56,16.093,5.960000000000001,-12.34,-18.3,5.300203733333333,-17.986477081383782,1025.3
57,16.093,6.010000000000002,-12.29,-18.3,5.5593824000000005,-18.10632676624633,1025.3
58,16.093,6.060000000000001,-12.239999999999998,-18.3,5.818561066666668,-18.218849890793315,1025.3
59,16.093,6.108333333333335,-12.191666666666666,-18.3,6.042102666666668,-18.304185900318927,1025.2949999999998
60,16.093,6.150000000000001,-12.15,-18.3,6.123096,-18.304785772864953,1025.27
61,16.093,6.191666666666668,-12.108333333333333,-18.3,6.204089333333334,-18.304721064241555,1025.245
62,16.093,6.233333333333335,-12.066666666666666,-18.3,6.285082666666668,-18.30400687953989,1025.22
63,16.093,6.275000000000001,-12.025,-18.3,6.3660760000000005,-18.302657782294986,1025.195
64,16.093,6.316666666666668,-11.983333333333333,-18.3,6.447069333333334,-18.300687820611124,1025.17
65,16.093,6.358333333333334,-11.941666666666666,-18.3,6.528062666666667,-18.298110551713805,1025.145
66,16.093,6.400000000000001,-11.9,-18.3,6.609056000000001,-18.294939065041312,1025.12
67,16.093,6.441666666666668,-11.858333333333333,-18.3,6.6900493333333335,-18.291186003979647,1025.095
68,16.093,6.483333333333334,-11.816666666666666,-18.3,6.771042666666667,-18.286863586335915,1025.07
69,16.093,6.525000000000001,-11.775,-18.3,6.852036,-18.281983623637682,1025.045
70,16.093,6.566666666666668,-11.733333333333333,-18.3,6.933029333333334,-18.27655753933862,1025.02
71,16.093,6.610000000000001,-11.69,-18.3,6.9978240000000005,-18.259641975605273,1024.99
72,16.093,6.660000000000001,-11.64,-18.3,6.9978240000000005,-18.198697335063446,1024.94
73,16.093,6.710000000000002,-11.59,-18.3,6.9978240000000005,-18.13775269452162,1024.89
74,16.093,6.760000000000002,-11.54,-18.3,6.9978240000000005,-18.076808053979793,1024.84
75,16.093,6.810000000000001,-11.49,-18.3,6.9978240000000005,-18.01586341343797,1024.79
76,16.093,6.860000000000001,-11.44,-18.3,6.9978240000000005,-17.95491877289614,1024.74
77,16.093,6.910000000000001,-11.39,-18.3,6.9978240000000005,-17.893974132354316,1024.69
78,16.093,6.960000000000001,-11.34,-18.3,6.9978240000000005,-17.83302949181249,1024.64
79,16.093,7.010000000000002,-11.29,-18.3,6.9978240000000005,-17.772084851270662,1024.59
80,16.093,7.060000000000001,-11.24,-18.3,6.9978240000000005,-17.711140210728836,1024.54
81,16.093,7.110000000000001,-11.19,-18.3,6.9978240000000005,-17.65019557018701,1024.49
82,16.093,7.160000000000001,-11.14,-18.3,6.9978240000000005,-17.589250929645186,1024.44
83,16.093,7.210000000000001,-11.081666666666669,-18.291666666666668,7.014022666666667,-17.52693693590181,1024.378333333333
84,16.093,7.260000000000001,-10.99,-18.25,7.095016,-17.45877049818722,1024.27
85,16.093,7.310000000000001,-10.898333333333332,-18.208333333333336,7.176009333333334,-17.389987611519146,1024.1616666666666
86,16.093,7.360000000000001,-10.806666666666668,-18.166666666666668,7.257002666666667,-17.320599717962008,1024.0533333333335
87,16.093,7.410000000000001,-10.715,-18.125,7.337996,-17.250617910715345,1023.945
88,16.093,7.460000000000001,-10.623333333333331,-18.083333333333336,7.418989333333333,-17.180052948587516,1023.8366666666668
89,16.093,7.510000000000001,-10.531666666666666,-18.041666666666668,7.499982666666667,-17.108915269715567,1023.7283333333334
90,16.093,7.56,-10.44,-18.0,7.580976,-17.037215004578407,1023.62
91,16.093,7.610000000000001,-10.348333333333333,-17.958333333333336,7.661969333333333,-16.964961988346808,1023.5116666666668
92,16.093,7.660000000000001,-10.256666666666666,-17.916666666666668,7.742962666666666,-16.892165772610813,1023.4033333333334
93,16.093,7.710000000000001,-10.165,-17.875,7.823956,-16.818835636522078,1023.295
94,16.093,7.760000000000001,-10.073333333333334,-17.833333333333336,7.904949333333333,-16.744980597386107,1023.1866666666668
95,16.093,7.800000000000001,-9.99,-17.79,8.021579733333333,-16.69768635858857,1023.0716666666668
96,16.093,7.800000000000001,-9.94,-17.740000000000002,8.2807584,-16.75635138041745,1022.93
97,16.093,7.800000000000001,-9.89,-17.69,8.539937066666667,-16.81158747222159,1022.7883333333332
98,16.093,7.8,-9.84,-17.64,8.799115733333332,-16.863578475766083,1022.6466666666666
99,16.093,7.8,-9.79,-17.59,9.0582944,-16.91249316595054,1022.505
100,16.093,7.8,-9.74,-17.54,9.317473066666668,-16.958486880498974,1022.3633333333332
101,16.093,7.8,-9.69,-17.49,9.576651733333334,-17.001702933201543,1022.2216666666668
102,16.093,7.8,-9.64,-17.44,9.8358304,-17.042273844496947,1022.08
103,16.093,7.8,-9.59,-17.39,10.095009066666666,-17.08032241716438,1021.9383333333332
104,16.093,7.799999999999999,-9.54,-17.34,10.354187733333331,-17.115962680072613,1021.7966666666666
105,16.093,7.799999999999999,-9.49,-17.29,10.6133664,-17.1493007190484,1021.655
106,16.093,7.799999999999999,-9.44,-17.24,10.872545066666667,-17.180435410776873,1021.5133333333332
107,15.9589,7.763333333333332,-9.4,-17.163333333333334,11.0604496,-17.19694186645126,1021.3766666666668
108,15.2884,7.579999999999999,-9.4,-16.98,10.9632576,-17.162403151933592,1021.26
109,14.6179,7.396666666666666,-9.4,-16.796666666666667,10.8660656,-17.12760626934961,1021.1433333333332
110,13.9474,7.213333333333333,-9.4,-16.613333333333333,10.7688736,-17.092546953663685,1021.0266666666666
111,13.2769,7.029999999999999,-9.4,-16.43,10.6716816,-17.0572208301005,1020.91
112,12.6064,6.846666666666666,-9.4,-16.246666666666666,10.5744896,-17.0216234102923,1020.7933333333332
113,11.9359,6.663333333333332,-9.4,-16.063333333333333,10.4772976,-16.98575008825402,1020.6766666666666
114,11.2654,6.48,-9.4,-15.88,10.3801056,-16.949596136177043,1020.56
115,10.5949,6.296666666666666,-9.4,-15.696666666666664,10.2829136,-16.913156700031564,1020.4433333333332
116,9.9244,6.113333333333333,-9.4,-15.513333333333334,10.1857216,-16.876426794966946,1020.3266666666668
117,9.253900000000002,5.93,-9.4,-15.33,10.0885296,-16.83940130049877,1020.21
118,8.583400000000001,5.746666666666666,-9.4,-15.146666666666668,9.9913376,-16.80207495547063,1020.0933333333334
119,7.953116666666667,5.571666666666666,-9.4,-14.971666666666666,9.913584,-16.77199363851414,1019.99
120,7.483700000000001,5.43,-9.4,-14.83,9.913584,-16.77199363851414,1019.94
121,7.014283333333333,5.288333333333333,-9.4,-14.688333333333333,9.913584,-16.77199363851414,1019.89
122,6.544866666666668,5.1466666666666665,-9.4,-14.546666666666669,9.913584,-16.77199363851414,1019.84
123,6.07545,5.005,-9.4,-14.405,9.913584,-16.77199363851414,1019.79
124,5.606033333333333,4.863333333333333,-9.4,-14.263333333333334,9.913584,-16.77199363851414,1019.74
125,5.136616666666667,4.721666666666667,-9.4,-14.121666666666666,9.913584,-16.77199363851414,1019.69
126,4.6672,4.58,-9.4,-13.98,9.913584,-16.77199363851414,1019.64
127,4.197783333333334,4.4383333333333335,-9.4,-13.838333333333331,9.913584,-16.77199363851414,1019.59
128,3.728366666666666,4.296666666666667,-9.4,-13.696666666666667,9.913584,-16.77199363851414,1019.54
129,3.25895,4.155,-9.4,-13.555,9.913584,-16.77199363851414,1019.49
130,2.789533333333333,4.013333333333334,-9.4,-13.413333333333334,9.913584,-16.77199363851414,1019.44
131,2.48105,3.91,-9.4,-13.31,9.9330224,-16.779532497064533,1019.3883333333332
132,2.8163,3.96,-9.4,-13.36,10.0302144,-16.81704193827137,1019.33
133,3.1515500000000003,4.010000000000001,-9.4,-13.41,10.1274064,-16.85424730251711,1019.2716666666666
134,3.4868,4.0600000000000005,-9.4,-13.46,10.2245984,-16.89115393787829,1019.2133333333334
135,3.82205,4.11,-9.4,-13.51,10.3217904,-16.92776704862299,1019.155
136,4.1573,4.16,-9.4,-13.56,10.4189824,-16.96409170039042,1019.0966666666668
137,4.49255,4.21,-9.4,-13.61,10.5161744,-17.000132825137534,1019.0383333333332
138,4.8278,4.26,-9.4,-13.66,10.6133664,-17.03589522586527,1018.98
139,5.16305,4.3100000000000005,-9.4,-13.71,10.7105584,-17.071383581136057,1018.9216666666669
140,5.4983,4.36,-9.4,-13.76,10.8077504,-17.10660244939364,1018.8633333333332
141,5.83355,4.41,-9.4,-13.81,10.9049424,-17.141556273095684,1018.805
142,6.1688,4.46,-9.4,-13.86,11.0021344,-17.17624938266861,1018.7466666666668
143,6.4906500000000005,4.5,-9.4,-13.9,11.044250933333334,-17.191203164581932,1018.69
144,6.758900000000001,4.5,-9.4,-13.9,10.8660656,-17.12760626934961,1018.64
145,7.027150000000001,4.5,-9.4,-13.9,10.687880266666667,-17.063127234730604,1018.59
146,7.295400000000001,4.5,-9.4,-13.9,10.509694933333334,-16.997738807356082,1018.54
147,7.563650000000001,4.5,-9.4,-13.9,10.3315096,-16.931412412044587,1018.49
148,7.8319,4.5,-9.4,-13.9,10.153324266666669,-16.864118063610704,1018.44
149,8.100150000000001,4.5,-9.4,-13.9,9.975138933333334,-16.795824271125866,1018.39
150,8.368400000000001,4.5,-9.4,-13.9,9.7969536,-16.72649793383789,1018.34
151,8.63665,4.5,-9.4,-13.9,9.618768266666669,-16.65610422785615,1018.29
152,8.904900000000001,4.5,-9.4,-13.9,9.440582933333332,-16.58460648259539,1018.24
153,9.17315,4.5,-9.4,-13.9,9.2623976,-16.511966045840026,1018.19
154,9.441400000000002,4.5,-9.4,-13.9,9.084212266666666,-16.438142136139692,1018.14
155,9.763283333333334,4.508333333333334,-9.4,-13.908333333333331,8.977301066666666,-16.393261905681552,1018.0916666666668
156,10.2997,4.55,-9.4,-13.95,9.1554864,-16.46781642010044,1018.05
157,10.836116666666667,4.591666666666667,-9.4,-13.991666666666667,9.333671733333333,-16.5411619040252,1018.0083333333332
158,11.372533333333331,4.633333333333334,-9.4,-14.033333333333331,9.511857066666666,-16.6133404931095,1017.9666666666668
159,11.90895,4.675,-9.4,-14.075,9.6900424,-16.684392098527802,1017.925
160,12.445366666666668,4.716666666666667,-9.4,-14.116666666666667,9.868227733333333,-16.75435456287127,1017.8833333333332
161,12.981783333333334,4.758333333333333,-9.4,-14.158333333333331,10.046413066666666,-16.823263802519424,1017.8416666666668
162,13.5182,4.8,-9.4,-14.2,10.2245984,-16.89115393787829,1017.8
163,14.054616666666668,4.841666666666667,-9.4,-14.241666666666667,10.402783733333331,-16.958057412711202,1017.7583333333332
164,14.591033333333334,4.883333333333333,-9.4,-14.283333333333331,10.580969066666666,-17.0240051036458,1017.7166666666668
165,15.12745,4.925,-9.4,-14.325,10.7591544,-17.089026420816662,1017.675
166,15.663866666666667,4.966666666666667,-9.4,-14.366666666666667,10.937339733333332,-17.153149400495323,1017.6333333333332
167,16.093,5.0,-9.4,-14.4,11.096086666666666,-17.209542201641874,1017.59
168,16.093,5.0,-9.4,-14.4,11.17708,-17.23805339062073,1017.54
169,16.093,5.0,-9.4,-14.4,11.258073333333334,-17.26639155820275,1017.49
170,16.093,5.0,-9.4,-14.4,11.339066666666668,-17.29455898787592,1017.44
171,16.093,5.0,-9.4,-14.4,11.42006,-17.32255791694373,1017.39
172,16.093,5.0,-9.4,-14.4,11.501053333333337,-17.350390537779237,1017.34
173,16.093,5.0,-9.4,-14.4,11.582046666666669,-17.37805899903654,1017.29
174,16.093,5.0,-9.4,-14.4,11.66304,-17.40556540682135,1017.24
175,16.093,5.0,-9.4,-14.4,11.744033333333334,-17.43291182582235,1017.19
176,16.093,5.0,-9.4,-14.4,11.825026666666668,-17.460100280404884,1017.14
177,16.093,5.0,-9.4,-14.4,11.906020000000002,-17.4871327556685,1017.09
178,16.093,5.0,-9.4,-14.4,11.987013333333335,-17.514011198469767,1017.04
179,16.093,5.01,-9.4,-14.41,11.999972266666669,-17.51829758321164,1016.9866666666668
180,16.093,5.06,-9.4,-14.46,11.740793600000002,-17.43182101532387,1016.92
181,16.093,5.11,-9.4,-14.51,11.481614933333336,-17.343725760413637,1016.8533333333334
182,16.093,5.16,-9.4,-14.56,11.222436266666667,-17.253943933333826,1016.7866666666666
183,16.093,5.21,-9.4,-14.61,10.9632576,-17.162403151933592,1016.72
184,16.093,5.26,-9.4,-14.66,10.704078933333331,-17.06902612462029,1016.6533333333332
185,16.093,5.31,-9.4,-14.71,10.444900266666666,-16.973730189075184,1016.5866666666668
186,16.093,5.359999999999999,-9.4,-14.76,10.1857216,-16.876426794966946,1016.52
187,16.093,5.41,-9.4,-14.81,9.926542933333334,-16.777020922247807,1016.4533333333334
188,16.093,5.46,-9.4,-14.86,9.667364266666668,-16.675410425096786,1016.3866666666668
189,16.093,5.51,-9.4,-14.91,9.4081856,-16.57148528973064,1016.32
190,16.093,5.56,-9.4,-14.96,9.149006933333332,-16.465126792056836,1016.2533333333332
191,16.093,5.59,-9.41,-15.0,8.957862666666665,-16.397483352155298,1016.1883333333334
192,16.093,5.54,-9.46,-15.0,9.038856,-16.493788322040523,1016.13
193,16.093,5.489999999999999,-9.51,-15.0,9.119849333333333,-16.58992638923708,1016.0716666666668
194,16.093,5.44,-9.56,-15.0,9.200842666666668,-16.685900727236074,1016.0133333333332
195,16.093,5.39,-9.61,-15.0,9.281836,-16.781714427120157,1015.955
196,16.093,5.34,-9.66,-15.0,9.362829333333334,-16.877370500368716,1015.8966666666666
197,16.093,5.29,-9.71,-15.0,9.443822666666666,-16.972871881544563,1015.8383333333334
198,16.093,5.24,-9.76,-15.0,9.524816,-17.068221430868395,1015.78
199,16.093,5.19,-9.81,-15.0,9.605809333333331,-17.16342193668634,1015.7216666666668
200,16.093,5.14,-9.86,-15.0,9.686802666666669,-17.258476117836064,1015.6633333333332
201,16.093,5.09,-9.91,-15.0,9.767796,-17.353386625916293,1015.605
202,16.093,5.04,-9.96,-15.0,9.848789333333334,-17.44815604746453,1015.5466666666666
203,16.093,5.0,-9.99,-14.99,9.949221066666668,-17.52536619772476,1015.485
204,16.093,5.0,-9.94,-14.94,10.1274064,-17.532104095539736,1015.41
205,16.093,5.0,-9.89,-14.89,10.305591733333332,-17.53764516364324,1015.335
206,16.093,5.0,-9.84,-14.84,10.483777066666669,-17.542025442847414,1015.26
207,16.093,5.0,-9.79,-14.79,10.6619624,-17.545279271442155,1015.185
208,16.093,5.0,-9.74,-14.74,10.840147733333334,-17.54743939294363,1015.11
209,16.093,5.0,-9.69,-14.69,11.018333066666669,-17.548537055363433,1015.035
210,16.093,5.0,-9.64,-14.64,11.1965184,-17.548602102791754,1014.96
211,16.093,5.0,-9.59,-14.59,11.374703733333334,-17.547663060002325,1014.885
212,16.093,5.0,-9.54,-14.54,11.552889066666667,-17.545747210711536,1014.81
213,16.093,5.0,-9.49,-14.49,11.7310744,-17.542880670058302,1014.735
214,16.093,5.0,-9.44,-14.44,11.909259733333334,-17.5390884518124,1014.66
215,16.093,5.0,-9.4,-14.4,12.051808,-17.535404333818246,1014.59
216,16.093,5.0,-9.4,-14.4,12.051808,-17.535404333818246,1014.54
217,16.093,5.0,-9.4,-14.4,12.051808,-17.535404333818246,1014.49
218,16.093,5.0,-9.4,-14.4,12.051808,-17.535404333818246,1014.44
219,16.093,5.0,-9.4,-14.4,12.051808,-17.535404333818246,1014.39
220,16.093,5.0,-9.4,-14.4,12.051808,-17.535404333818246,1014.34
221,16.093,5.0,-9.4,-14.4,12.051808,-17.535404333818246,1014.29
222,16.093,5.0,-9.4,-14.4,12.051808,-17.535404333818246,1014.24
223,16.093,5.0,-9.4,-14.4,12.051808,-17.535404333818246,1014.19
224,16.093,5.0,-9.4,-14.4,12.051808,-17.535404333818246,1014.14
225,16.093,5.0,-9.4,-14.4,12.051808,-17.535404333818246,1014.09
226,16.093,5.0,-9.4,-14.4,12.051808,-17.535404333818246,1014.04
227,16.093,4.991666666666666,-9.4,-14.391666666666667,12.084205333333337,-17.546064693136294,1013.985
228,16.093,4.95,-9.4,-14.35,12.246192,-17.599009129238986,1013.91
229,16.093,4.908333333333333,-9.4,-14.308333333333334,12.408178666666668,-17.651368525841033,1013.835
230,16.093,4.866666666666666,-9.4,-14.266666666666667,12.570165333333335,-17.703156860131614,1013.76
231,16.093,4.825,-9.4,-14.225,12.732152,-17.75438760048571,1013.685
232,16.093,4.783333333333333,-9.4,-14.183333333333334,12.894138666666668,-17.805073731191975,1013.61
233,16.093,4.741666666666667,-9.4,-14.141666666666667,13.056125333333334,-17.855227775684817,1013.535
234,16.093,4.7,-9.4,-14.1,13.218112,-17.904861818388518,1013.46
235,16.093,4.658333333333333,-9.4,-14.058333333333334,13.380098666666669,-17.95398752527219,1013.385
236,16.093,4.616666666666667,-9.4,-14.016666666666667,13.542085333333334,-18.002616163206312,1013.31
237,16.093,4.575,-9.4,-13.975,13.704072,-18.050758618204156,1013.235
238,16.093,4.533333333333333,-9.4,-13.933333333333334,13.866058666666667,-18.098425412624625,1013.16
239,16.093,4.508333333333334,-9.391666666666667,-13.9,13.947052,-18.111345397005525,1013.0816666666668
240,16.093,4.55,-9.35,-13.9,13.704072,-17.98642288222798,1012.99
241,16.093,4.591666666666667,-9.308333333333334,-13.9,13.461092,-17.860588729142677,1012.8983333333332
242,16.093,4.633333333333334,-9.266666666666667,-13.9,13.218112,-17.73381075373821,1012.8066666666668
243,16.093,4.675,-9.225,-13.9,12.975132,-17.606055052504693,1012.715
244,16.093,4.716666666666667,-9.183333333333334,-13.9,12.732152,-17.477285876880178,1012.6233333333332
245,16.093,4.758333333333333,-9.141666666666667,-13.9,12.489172,-17.347465495954648,1012.5316666666666
246,16.093,4.8,-9.1,-13.9,12.246192,-17.216554046082422,1012.44
247,16.093,4.841666666666667,-9.058333333333334,-13.9,12.003212,-17.084509365868783,1012.3483333333334
248,16.093,4.883333333333333,-9.016666666666667,-13.9,11.760232,-16.951286814781735,1012.2566666666668
249,16.093,4.925,-8.975,-13.9,11.517252,-16.8168390733901,1012.165
250,16.093,4.966666666666667,-8.933333333333334,-13.9,11.274272,-16.681115922937437,1012.0733333333334
251,16.093,4.991666666666666,-8.908333333333333,-13.9,11.0604496,-16.57533229432989,1011.9766666666668
252,16.093,4.95,-8.950000000000001,-13.9,10.9632576,-16.5938805527335,1011.86
253,16.093,4.908333333333333,-8.991666666666667,-13.9,10.8660656,-16.61209781993214,1011.7433333333332
254,16.093,4.866666666666666,-9.033333333333331,-13.9,10.7688736,-16.629979024418102,1011.6266666666668
255,16.093,4.825,-9.075,-13.9,10.6716816,-16.647518967211678,1011.51
256,16.093,4.783333333333333,-9.116666666666667,-13.9,10.5744896,-16.66471231743664,1011.3933333333332
257,16.093,4.741666666666667,-9.158333333333331,-13.9,10.4772976,-16.681553607699367,1011.2766666666666
258,16.093,4.7,-9.2,-13.9,10.3801056,-16.698037229261217,1011.16
259,16.093,4.658333333333333,-9.241666666666667,-13.9,10.2829136,-16.714157426992546,1011.0433333333332
260,16.093,4.616666666666667,-9.283333333333331,-13.9,10.1857216,-16.729908294096543,1010.9266666666668
261,16.093,4.575,-9.325,-13.9,10.0885296,-16.745283766590035,1010.81
262,16.093,4.533333333333333,-9.366666666666667,-13.9,9.9913376,-16.760277617527485,1010.6933333333334
263,16.093,4.5,-9.4,-13.9,9.9330224,-16.779532497064533,1010.5883333333334
264,16.093,4.5,-9.4,-13.9,10.0302144,-16.81704193827137,1010.53
265,16.093,4.5,-9.4,-13.9,10.1274064,-16.85424730251711,1010.4716666666668
266,16.093,4.5,-9.4,-13.9,10.2245984,-16.89115393787829,1010.4133333333332
267,16.093,4.5,-9.4,-13.9,10.3217904,-16.92776704862299,1010.355
268,16.093,4.5,-9.4,-13.9,10.4189824,-16.96409170039042,1010.2966666666666
269,16.093,4.5,-9.4,-13.9,10.5161744,-17.000132825137534,1010.2383333333332
270,16.093,4.5,-9.4,-13.9,10.6133664,-17.03589522586527,1010.18
271,16.093,4.5,-9.4,-13.9,10.7105584,-17.071383581136057,1010.1216666666668
272,16.093,4.5,-9.4,-13.9,10.8077504,-17.10660244939364,1010.0633333333332
273,16.093,4.5,-9.4,-13.9,10.9049424,-17.141556273095684,1010.005
274,16.093,4.5,-9.4,-13.9,11.0021344,-17.17624938266861,1009.9466666666666
275,16.093,4.5,-9.4,-13.9,11.144682666666666,-17.226669807053334,1009.8933333333332
276,16.093,4.5,-9.4,-13.9,11.468656,-17.339277307953566,1009.86
277,16.093,4.5,-9.4,-13.9,11.792629333333334,-17.449243726388232,1009.8266666666666
278,16.093,4.5,-9.4,-13.9,12.116602666666669,-17.556701072182094,1009.7933333333332
279,16.093,4.5,-9.4,-13.9,12.440576,-17.66177143953043,1009.76
280,16.093,4.5,-9.4,-13.9,12.764549333333331,-17.76456798815496,1009.7266666666668
281,16.093,4.5,-9.4,-13.9,13.088522666666666,-17.865195805157988,1009.6933333333332
282,16.093,4.5,-9.4,-13.9,13.412496,-17.963752664650176,1009.66
283,16.093,4.5,-9.4,-13.9,13.736469333333334,-18.060329699433264,1009.6266666666668
284,16.093,4.5,-9.4,-13.9,14.060442666666669,-18.155011996736874,1009.5933333333334
285,16.093,4.5,-9.4,-13.9,14.384416,-18.247879128134496,1009.56
286,16.093,4.5,-9.4,-13.9,14.708389333333333,-18.33900562221822,1009.5266666666666
287,16.093,4.5,-9.4,-13.9,14.951369333333334,-18.406250416569108,1009.495
288,16.093,4.5,-9.4,-13.9,14.870376,-18.383938146464736,1009.47
289,16.093,4.5,-9.4,-13.9,14.789382666666668,-18.36152355948073,1009.445
290,16.093,4.5,-9.4,-13.9,14.708389333333333,-18.33900562221822,1009.42
291,16.093,4.5,-9.4,-13.9,14.627396,-18.31638328507959,1009.395
292,16.093,4.5,-9.4,-13.9,14.546402666666667,-18.293655481923274,1009.37
293,16.093,4.5,-9.4,-13.9,14.465409333333334,-18.270821129709173,1009.345
294,16.093,4.5,-9.4,-13.9,14.384416,-18.247879128134496,1009.32
295,16.093,4.5,-9.4,-13.9,14.303422666666668,-18.224828359259593,1009.295
296,16.093,4.5,-9.4,-13.9,14.222429333333334,-18.201667687123546,1009.27
297,16.093,4.5,-9.4,-13.9,14.141436,-18.178395957349153,1009.245
298,16.093,4.5,-9.4,-13.9,14.060442666666669,-18.155011996736874,1009.22
299,16.093,4.508333333333334,-9.4,-13.908333333333331,13.911414933333337,-18.11168827069853,1009.19
300,16.093,4.55,-9.4,-13.95,13.4902496,-17.987108409438044,1009.14
301,16.093,4.591666666666667,-9.4,-13.991666666666667,13.069084266666668,-17.859217478007917,1009.09
302,16.093,4.633333333333334,-9.4,-14.033333333333331,12.647918933333331,-17.727816392759177,1009.04
303,16.093,4.675,-9.4,-14.075,12.2267536,-17.59268696799469,1008.99
304,16.093,4.716666666666667,-9.4,-14.116666666666667,11.805588266666668,-17.453589350807484,1008.94
305,16.093,4.758333333333333,-9.4,-14.158333333333331,11.384422933333331,-17.31025900595456,1008.89
306,16.093,4.8,-9.4,-14.2,10.9632576,-17.162403151933592,1008.84
307,16.093,4.841666666666667,-9.4,-14.241666666666667,10.542092266666668,-17.009696523006866,1008.79
308,16.093,4.883333333333333,-9.4,-14.283333333333331,10.120926933333331,-16.851776297066625,1008.74
309,16.093,4.925,-9.4,-14.325,9.6997616,-16.68823598279789,1008.69
310,16.093,4.966666666666667,-9.4,-14.366666666666667,9.278596266666668,-16.518617997032116,1008.64
311,16.093,5.0,-9.4,-14.4,8.977301066666666,-16.393261905681552,1008.5916666666668
312,16.093,5.0,-9.4,-14.4,9.1554864,-16.46781642010044,1008.55
313,16.093,5.0,-9.4,-14.4,9.333671733333333,-16.5411619040252,1008.5083333333332
314,16.093,5.0,-9.4,-14.4,9.511857066666666,-16.6133404931095,1008.4666666666668
315,16.093,5.0,-9.4,-14.4,9.6900424,-16.684392098527802,1008.425
316,16.093,5.0,-9.4,-14.4,9.868227733333333,-16.75435456287127,1008.3833333333332
317,16.093,5.0,-9.4,-14.4,10.046413066666666,-16.823263802519424,1008.3416666666668
318,16.093,5.0,-9.4,-14.4,10.2245984,-16.89115393787829,1008.3
319,16.093,5.0,-9.4,-14.4,10.402783733333331,-16.958057412711202,1008.2583333333332
320,16.093,5.0,-9.4,-14.4,10.580969066666666,-17.0240051036458,1008.2166666666668
321,16.093,5.0,-9.4,-14.4,10.7591544,-17.089026420816662,1008.175
322,16.093,5.0,-9.4,-14.4,10.937339733333332,-17.153149400495323,1008.1333333333332
323,16.093,5.0,-9.4,-14.4,11.0604496,-17.19694186645126,1008.0966666666668
324,16.093,5.0,-9.4,-14.4,10.9632576,-17.162403151933592,1008.08
325,16.093,5.0,-9.4,-14.4,10.8660656,-17.12760626934961,1008.0633333333334
326,16.093,5.0,-9.4,-14.4,10.7688736,-17.092546953663685,1008.0466666666666
327,16.093,5.0,-9.4,-14.4,10.6716816,-17.0572208301005,1008.03
328,16.093,5.0,-9.4,-14.4,10.5744896,-17.0216234102923,1008.0133333333332
329,16.093,5.0,-9.4,-14.4,10.4772976,-16.98575008825402,1007.9966666666668
330,16.093,5.0,-9.4,-14.4,10.3801056,-16.949596136177043,1007.98
331,16.093,5.0,-9.4,-14.4,10.2829136,-16.913156700031564,1007.9633333333334
332,16.093,5.0,-9.4,-14.4,10.1857216,-16.876426794966946,1007.9466666666666
333,16.093,5.0,-9.4,-14.4,10.0885296,-16.83940130049877,1007.93
334,16.093,5.0,-9.4,-14.4,9.9913376,-16.80207495547063,1007.9133333333332
335,16.093,5.0,-9.4,-14.4,9.913584,-16.77199363851414,1007.9016666666666
336,16.093,5.0,-9.4,-14.4,9.913584,-16.77199363851414,1007.91
337,16.093,5.0,-9.4,-14.4,9.913584,-16.77199363851414,1007.9183333333332
338,16.093,5.0,-9.4,-14.4,9.913584,-16.77199363851414,1007.9266666666666
339,16.093,5.0,-9.4,-14.4,9.913584,-16.77199363851414,1007.935
340,16.093,5.0,-9.4,-14.4,9.913584,-16.77199363851414,1007.9433333333332
341,16.093,5.0,-9.4,-14.4,9.913584,-16.77199363851414,1007.9516666666668
342,16.093,5.0,-9.4,-14.4,9.913584,-16.77199363851414,1007.96
343,16.093,5.0,-9.4,-14.4,9.913584,-16.77199363851414,1007.9683333333334
344,16.093,5.0,-9.4,-14.4,9.913584,-16.77199363851414,1007.9766666666668
345,16.093,5.0,-9.4,-14.4,9.913584,-16.77199363851414,1007.985
346,16.093,5.0,-9.4,-14.4,9.913584,-16.77199363851414,1007.9933333333332
347,16.093,5.008333333333334,-9.391666666666667,-14.4,9.913584,-16.761550887655986,1007.995
348,16.093,5.05,-9.35,-14.4,9.913584,-16.70933713336523,1007.97
349,16.093,5.091666666666667,-9.308333333333334,-14.4,9.913584,-16.657123379074477,1007.945
350,16.093,5.133333333333334,-9.266666666666667,-14.4,9.913584,-16.604909624783723,1007.92
351,16.093,5.175,-9.225,-14.4,9.913584,-16.55269587049297,1007.895
352,16.093,5.216666666666667,-9.183333333333334,-14.4,9.913584,-16.500482116202214,1007.87
353,16.093,5.258333333333333,-9.141666666666667,-14.4,9.913584,-16.44826836191146,1007.845
354,16.093,5.3,-9.1,-14.4,9.913584,-16.396054607620705,1007.82
355,16.093,5.341666666666667,-9.058333333333334,-14.4,9.913584,-16.343840853329947,1007.795
356,16.093,5.383333333333333,-9.016666666666667,-14.4,9.913584,-16.291627099039196,1007.77
357,16.093,5.425,-8.975,-14.4,9.913584,-16.23941334474844,1007.745
358,16.093,5.466666666666667,-8.933333333333334,-14.4,9.913584,-16.187199590457684,1007.72
359,16.093,5.51,-8.881666666666668,-14.391666666666667,9.913584,-16.12245453513715,1007.7016666666668
360,16.093,5.5600000000000005,-8.790000000000001,-14.35,9.913584,-16.00758427569749,1007.71
361,16.093,5.61,-8.698333333333334,-14.308333333333334,9.913584,-15.89271401625783,1007.7183333333334
362,16.093,5.66,-8.606666666666667,-14.266666666666667,9.913584,-15.77784375681817,1007.7266666666668
363,16.093,5.71,-8.515,-14.225,9.913584,-15.662973497378509,1007.735
364,16.093,5.76,-8.423333333333334,-14.183333333333334,9.913584,-15.548103237938848,1007.7433333333332
365,16.093,5.8100000000000005,-8.331666666666667,-14.141666666666667,9.913584,-15.433232978499188,1007.7516666666668
366,16.093,5.86,-8.24,-14.1,9.913584,-15.318362719059529,1007.76
367,16.093,5.91,-8.148333333333333,-14.058333333333334,9.913584,-15.203492459619866,1007.7683333333332
368,16.093,5.960000000000001,-8.056666666666667,-14.016666666666667,9.913584,-15.088622200180206,1007.7766666666666
369,16.093,6.010000000000001,-7.965,-13.975,9.913584,-14.973751940740549,1007.785
370,16.093,6.0600000000000005,-7.873333333333333,-13.933333333333334,9.913584,-14.858881681300886,1007.7933333333332
371,16.093,6.11,-7.79,-13.9,9.848789333333334,-14.730301020745099,1007.805
372,16.093,6.16,-7.74,-13.9,9.524816,-14.545039344270018,1007.83
373,16.093,6.210000000000001,-7.689999999999999,-13.9,9.200842666666668,-14.356563845191445,1007.855
374,16.093,6.260000000000001,-7.64,-13.9,8.876869333333334,-14.164655919058857,1007.88
375,16.093,6.3100000000000005,-7.59,-13.9,8.552896,-13.969073715281095,1007.905
376,16.093,6.36,-7.54,-13.9,8.228922666666667,-13.769548683099558,1007.93
377,16.093,6.41,-7.49,-13.9,7.904949333333334,-13.565781445963125,1007.955
378,16.093,6.46,-7.44,-13.9,7.580976000000001,-13.357436840287324,1007.98
379,16.093,6.510000000000001,-7.39,-13.9,7.257002666666667,-13.144137905637631,1008.005
380,16.093,6.5600000000000005,-7.34,-13.9,6.933029333333334,-12.925458546934223,1008.03
381,16.093,6.61,-7.29,-13.9,6.609056000000001,-12.700914497940165,1008.055
382,16.093,6.66,-7.24,-13.9,6.285082666666668,-12.469952088024666,1008.08
383,16.093,6.736666666666667,-7.21,-13.946666666666667,6.1911304000000005,-12.382970706209129,1008.1083333333332
384,16.093,6.92,-7.26,-14.18,7.017262400000001,-12.86947698074496,1008.15
385,16.093,7.1033333333333335,-7.31,-14.413333333333334,7.8433944,-13.316861770362916,1008.1916666666668
386,16.093,7.286666666666666,-7.36,-14.646666666666668,8.6695264,-13.73247157481022,1008.2333333333332
387,16.093,7.47,-7.41,-14.88,9.4956584,-14.121729377782222,1008.275
388,16.093,7.653333333333332,-7.46,-15.113333333333332,10.3217904,-14.488757861993022,1008.3166666666668
389,16.093,7.836666666666666,-7.51,-15.346666666666666,11.1479224,-14.8367678836228,1008.3583333333332
390,16.093,8.02,-7.56,-15.58,11.9740544,-15.16831121865467,1008.4
391,16.093,8.203333333333333,-7.61,-15.813333333333333,12.8001864,-15.485450959494468,1008.4416666666668
392,16.093,8.386666666666665,-7.66,-16.046666666666667,13.6263184,-15.789879898668055,1008.4833333333332
393,16.093,8.569999999999999,-7.71,-16.28,14.4524504,-16.083004921214705,1008.525
394,16.093,8.753333333333332,-7.76,-16.513333333333332,15.2785824,-16.36600852257505,1008.5666666666668
395,16.093,8.899999999999999,-7.836666666666667,-16.736666666666665,15.991323733333331,-16.646509715734265,1008.6316666666668
396,16.093,8.899999999999999,-8.02,-16.919999999999998,16.2505024,-16.949903817042216,1008.79
397,16.093,8.899999999999999,-8.203333333333333,-17.10333333333333,16.509681066666666,-17.253079891329183,1008.9483333333334
398,16.093,8.899999999999999,-8.386666666666667,-17.286666666666665,16.768859733333333,-17.5560499436688,1009.1066666666668
399,16.093,8.899999999999999,-8.57,-17.47,17.0280384,-17.85882538136657,1009.265
400,16.093,8.899999999999999,-8.753333333333334,-17.653333333333332,17.287217066666667,-18.161417050743978,1009.4233333333334
401,16.093,8.899999999999999,-8.936666666666667,-17.836666666666666,17.546395733333334,-18.463835271182393,1009.5816666666668
402,16.093,8.899999999999999,-9.12,-18.02,17.8055744,-18.766089866666647,1009.74
403,16.093,8.899999999999999,-9.303333333333333,-18.203333333333333,18.06475306666667,-19.0681901950441,1009.8983333333332
404,16.093,8.899999999999999,-9.486666666666666,-18.386666666666667,18.32393173333333,-19.37014517519362,1010.0566666666666
405,16.093,8.899999999999999,-9.67,-18.57,18.5831104,-19.67196331227992,1010.215
406,16.093,8.899999999999999,-9.853333333333332,-18.75333333333333,18.84228906666667,-19.97365272125173,1010.3733333333332
407,16.093,8.908333333333331,-10.046666666666669,-18.955,19.03343333333333,-20.272947666252072,1010.5433333333332
408,16.093,8.95,-10.28,-19.23,18.952440000000003,-20.562928511741177,1010.76
409,16.093,8.991666666666665,-10.513333333333334,-19.505,18.871446666666667,-20.852618797347706,1010.9766666666668
410,16.093,9.033333333333331,-10.746666666666666,-19.78,18.79045333333333,-21.142016782892547,1011.1933333333334
411,16.093,9.075,-10.98,-20.055,18.709460000000004,-21.4311207088816,1011.41
412,16.093,9.116666666666664,-11.213333333333331,-20.33,18.628466666666668,-21.719928796200186,1011.6266666666668
413,16.093,9.158333333333331,-11.446666666666667,-20.605,18.547473333333336,-22.008439245801405,1011.8433333333334
414,16.093,9.2,-11.68,-20.88,18.46648,-22.296650238387887,1012.06
415,16.093,9.241666666666664,-11.913333333333334,-21.155,18.38548666666667,-22.58455993408719,1012.2766666666666
416,16.093,9.283333333333331,-12.146666666666668,-21.43,18.304493333333337,-22.872166472120327,1012.4933333333332
417,16.093,9.325,-12.38,-21.705,18.2235,-23.159467970463485,1012.71
418,16.093,9.366666666666664,-12.613333333333332,-21.98,18.14250666666667,-23.44646252550261,1012.9266666666668
419,16.093,9.4,-12.836666666666668,-22.236666666666665,18.04207493333333,-23.71500841704262,1013.1383333333332
420,16.093,9.4,-13.02,-22.42,17.8638896,-23.910400571913062,1013.33
421,16.093,9.4,-13.203333333333331,-22.60333333333333,17.68570426666667,-24.104999604989704,1013.5216666666666
422,16.093,9.4,-13.386666666666668,-22.786666666666665,17.507518933333333,-24.298793143852677,1013.7133333333334
423,16.093,9.4,-13.57,-22.97,17.329333600000002,-24.491768477466337,1013.905
424,16.093,9.4,-13.753333333333334,-23.15333333333333,17.151148266666667,-24.683912543141265,1014.0966666666668
425,16.093,9.4,-13.936666666666667,-23.336666666666662,16.972962933333335,-24.87521191284933,1014.2883333333332
426,16.093,9.4,-14.12,-23.52,16.7947776,-25.06565277885244,1014.48
427,16.093,9.4,-14.303333333333336,-23.703333333333333,16.616592266666668,-25.255220938602832,1014.6716666666666
428,16.093,9.4,-14.486666666666666,-23.886666666666667,16.438406933333333,-25.443901778869414,1014.8633333333332
429,16.093,9.4,-14.67,-24.07,16.2602216,-25.631680259041765,1015.055
430,16.093,9.4,-14.853333333333332,-24.25333333333333,16.082036266666666,-25.818540893559277,1015.2466666666668
431,16.093,9.381666666666666,-15.018333333333333,-24.4,15.975125066666664,-26.0018881393839,1015.4283333333332
432,16.093,9.29,-15.11,-24.4,16.1533104,-26.17437569261928,1015.57
433,16.093,9.198333333333332,-15.201666666666666,-24.4,16.331495733333334,-26.346595172605884,1015.7116666666668
434,16.093,9.106666666666666,-15.293333333333331,-24.4,16.509681066666666,-26.51855332234568,1015.8533333333334
435,16.093,9.015,-15.385,-24.4,16.6878664,-26.690256666574314,1015.995
436,16.093,8.923333333333332,-15.476666666666668,-24.4,16.866051733333332,-26.861711520915513,1016.1366666666668
437,16.093,8.831666666666665,-15.568333333333332,-24.4,17.044237066666668,-27.032924000562257,1016.2783333333332
438,16.093,8.739999999999998,-15.66,-24.4,17.2224224,-27.203900028513573,1016.42
439,16.093,8.648333333333332,-15.751666666666669,-24.4,17.400607733333334,-27.374645343394022,1016.5616666666668
440,16.093,8.556666666666665,-15.843333333333334,-24.4,17.57879306666667,-27.545165506881062,1016.7033333333334
441,16.093,8.464999999999998,-15.935,-24.4,17.7569784,-27.7154659107635,1016.845
442,16.093,8.373333333333331,-16.026666666666667,-24.4,17.935163733333336,-27.88555178365298,1016.9866666666668
443,16.093,8.299999999999997,-16.110000000000003,-24.41,18.025876266666668,-28.020333288357733,1017.13
444,16.093,8.299999999999997,-16.16,-24.46,17.7666976,-28.01403353226219,1017.28
445,16.093,8.299999999999997,-16.21,-24.51,17.507518933333333,-28.00668260535329,1017.43
446,16.093,8.299999999999999,-16.26,-24.56,17.248340266666666,-27.998253101007585,1017.58
447,16.093,8.299999999999999,-16.310000000000002,-24.61,16.989161600000003,-27.988716453383837,1017.73
448,16.093,8.299999999999999,-16.36,-24.66,16.729982933333336,-27.978042869574544,1017.88
449,16.093,8.299999999999999,-16.41,-24.71,16.47080426666667,-27.966201256658508,1018.03
450,16.093,8.299999999999999,-16.46,-24.76,16.2116256,-27.953159143184017,1018.18
451,16.093,8.299999999999999,-16.51,-24.81,15.952446933333334,-27.938882594560663,1018.33
452,16.093,8.3,-16.56,-24.86,15.693268266666667,-27.92333612177924,1018.48
453,16.093,8.3,-16.61,-24.91,15.4340896,-27.906482582813542,1018.63
454,16.093,8.3,-16.66,-24.96,15.174910933333331,-27.88828307598298,1018.78
455,16.093,8.291666666666668,-16.718333333333334,-25.01,14.935170666666666,-27.88587403980896,1018.9266666666666
456,16.093,8.25,-16.81,-25.06,14.773184,-27.951187855314863,1019.06
457,16.093,8.208333333333334,-16.901666666666667,-25.11,14.611197333333331,-28.015790249136366,1019.1933333333332
458,16.093,8.166666666666668,-16.993333333333332,-25.16,14.449210666666666,-28.07966804602193,1019.3266666666666
459,16.093,8.125,-17.085,-25.21,14.287224,-28.142807662534302,1019.46
460,16.093,8.083333333333334,-17.176666666666666,-25.26,14.125237333333333,-28.205195089471886,1019.5933333333334
461,16.093,8.041666666666668,-17.268333333333334,-25.31,13.963250666666667,-28.266815873318727,1019.7266666666668
462,16.093,8.0,-17.36,-25.36,13.801264,-28.327655096657438,1019.86
463,16.093,7.958333333333334,-17.451666666666668,-25.41,13.639277333333334,-28.387697357474025,1019.9933333333332
464,16.093,7.916666666666668,-17.543333333333333,-25.46,13.477290666666669,-28.446926747277764,1020.1266666666668
465,16.093,7.875000000000001,-17.635,-25.51,13.315304,-28.505326827953237,1020.26
466,16.093,7.833333333333334,-17.726666666666667,-25.56,13.153317333333334,-28.562880607254193,1020.3933333333332
467,16.093,7.791666666666667,-17.808333333333334,-25.6,13.039926666666666,-28.625080663314833,1020.525
468,16.093,7.750000000000001,-17.85,-25.6,13.12092,-28.708909030805394,1020.65
469,16.093,7.708333333333334,-17.891666666666666,-25.6,13.201913333333334,-28.79263436692844,1020.775
470,16.093,7.666666666666667,-17.933333333333334,-25.6,13.282906666666667,-28.876258024234055,1020.9
471,16.093,7.625000000000001,-17.975,-25.6,13.3639,-28.95978133092629,1021.025
472,16.093,7.583333333333334,-18.016666666666666,-25.6,13.444893333333336,-29.043205591439225,1021.15
473,16.093,7.541666666666668,-18.058333333333334,-25.6,13.525886666666668,-29.126532086996196,1021.275
474,16.093,7.500000000000001,-18.1,-25.6,13.60688,-29.209762076152558,1021.4
475,16.093,7.458333333333334,-18.141666666666666,-25.6,13.687873333333334,-29.292896795322775,1021.525
476,16.093,7.416666666666668,-18.183333333333334,-25.6,13.768866666666668,-29.375937459292206,1021.65
477,16.093,7.375000000000001,-18.225,-25.6,13.84986,-29.458885261714236,1021.775
478,16.093,7.333333333333334,-18.266666666666666,-25.6,13.930853333333337,-29.541741375593176,1021.9
479,16.093,7.281666666666667,-18.31833333333333,-25.6,14.047483733333337,-29.65015080057559,1022.0166666666668
480,16.093,7.190000000000001,-18.41,-25.6,14.3066624,-29.860461359024328,1022.1
481,16.093,7.098333333333335,-18.50166666666667,-25.6,14.565841066666668,-30.06973656812247,1022.1833333333332
482,16.093,7.006666666666668,-18.593333333333334,-25.6,14.825019733333336,-30.278013696165953,1022.2666666666668
483,16.093,6.915000000000002,-18.685,-25.6,15.084198400000002,-30.485328121570326,1022.35
484,16.093,6.823333333333335,-18.776666666666667,-25.6,15.343377066666667,-30.691713458344772,1022.4333333333332
485,16.093,6.731666666666668,-18.86833333333333,-25.6,15.602555733333334,-30.89720167129957,1022.5166666666668
486,16.093,6.640000000000002,-18.96,-25.6,15.8617344,-31.10182318198103,1022.6
487,16.093,6.548333333333336,-19.051666666666662,-25.6,16.120913066666667,-31.305606966217383,1022.6833333333332
488,16.093,6.456666666666669,-19.14333333333333,-25.6,16.380091733333334,-31.508580644062448,1022.7666666666668
489,16.093,6.365000000000003,-19.235,-25.6,16.6392704,-31.71077056283842,1022.85
490,16.093,6.273333333333336,-19.326666666666664,-25.6,16.898449066666668,-31.912201873905307,1022.9333333333332
491,16.093,6.216666666666669,-19.42833333333333,-25.645000000000003,17.053956266666667,-32.09385869802556,1023.0166666666668
492,16.093,6.3000000000000025,-19.57,-25.87,16.7947776,-32.19815953434652,1023.1
493,16.093,6.383333333333336,-19.711666666666662,-26.095,16.535598933333333,-32.30091824661035,1023.1833333333332
494,16.093,6.466666666666669,-19.85333333333333,-26.32,16.27642026666667,-32.40209449092872,1023.2666666666668
495,16.093,6.550000000000002,-19.995,-26.545,16.017241600000002,-32.50164614613809,1023.35
496,16.093,6.633333333333335,-20.136666666666667,-26.77,15.758062933333337,-32.599529204386684,1023.4333333333332
497,16.093,6.716666666666668,-20.27833333333333,-26.995,15.498884266666668,-32.6956976530337,1023.5166666666668
498,16.093,6.800000000000001,-20.42,-27.22,15.2397056,-32.79010334701186,1023.6
499,16.093,6.883333333333334,-20.561666666666667,-27.445,14.980526933333334,-32.88269587070501,1023.6833333333332
500,16.093,6.966666666666667,-20.703333333333333,-27.67,14.721348266666668,-32.97342238828006,1023.7666666666668
501,16.093,7.05,-20.845,-27.895,14.4621696,-33.0622274812845,1023.85
502,16.093,7.133333333333333,-20.986666666666668,-28.12,14.202990933333334,-33.14905297217401,1023.9333333333332
503,16.012533333333334,7.1916666666666655,-21.1,-28.291666666666668,13.911414933333337,-33.18497300565981,1024.0116666666668
504,15.6102,7.15,-21.1,-28.25,13.4902496,-33.022112136432206,1024.07
505,15.207866666666666,7.1083333333333325,-21.1,-28.208333333333336,13.069084266666668,-32.854922768517525,1024.128333333333
506,14.805533333333331,7.0666666666666655,-21.1,-28.166666666666668,12.647918933333331,-32.683144643670246,1024.1866666666667
507,14.4032,7.025,-21.1,-28.125,12.2267536,-32.506492531902715,1024.245
508,14.000866666666669,6.9833333333333325,-21.1,-28.083333333333336,11.805588266666668,-32.324652878098384,1024.3033333333333
509,13.598533333333334,6.941666666666666,-21.1,-28.041666666666668,11.384422933333331,-32.13727986039505,1024.361666666667
510,13.1962,6.9,-21.1,-28.0,10.9632576,-31.943990731136058,1024.42
511,12.793866666666666,6.8583333333333325,-21.1,-27.958333333333336,10.542092266666668,-31.744360276645313,1024.4783333333337
512,12.391533333333332,6.816666666666666,-21.1,-27.916666666666668,10.120926933333331,-31.537914186522677,1024.5366666666666
513,11.9892,6.775,-21.1,-27.875,9.6997616,-31.32412106244886,1024.595
514,11.586866666666667,6.7333333333333325,-21.1,-27.833333333333336,9.278596266666668,-31.10238271470186,1024.6533333333334
515,11.184533333333334,6.68,-21.110000000000003,-27.79,8.993499733333334,-30.959867876215313,1024.7066666666667
516,10.7822,6.579999999999999,-21.16,-27.74,9.2526784,-31.163234789481358,1024.74
517,10.379866666666668,6.48,-21.21,-27.69,9.511857066666666,-31.36359758951653,1024.7733333333333
518,9.977533333333334,6.38,-21.26,-27.64,9.771035733333331,-31.561109543150657,1024.8066666666666
519,9.5752,6.279999999999999,-21.31,-27.59,10.0302144,-31.755912400196372,1024.84
520,9.172866666666668,6.18,-21.36,-27.54,10.289393066666667,-31.948137528806328,1024.8733333333332
521,8.770533333333333,6.08,-21.41,-27.49,10.548571733333334,-32.137906913493765,1024.9066666666668
522,8.368200000000002,5.98,-21.46,-27.44,10.8077504,-32.32533403535956,1024.94
523,7.965866666666667,5.88,-21.51,-27.39,11.066929066666669,-32.51052465089013,1024.9733333333334
524,7.563533333333334,5.78,-21.56,-27.34,11.326107733333334,-32.693577483090664,1025.006666666667
525,7.161200000000001,5.68,-21.61,-27.29,11.5852864,-32.87458483658105,1025.04
526,6.758866666666667,5.58,-21.66,-27.24,11.844465066666668,-33.05363314651625,1025.0733333333333
527,6.5174666666666665,5.501666666666667,-21.70833333333333,-27.21,12.016170933333337,-33.19057187302063,1025.1016666666667
528,6.9198,5.51,-21.75,-27.26,11.8379856,-33.16518773303704,1025.11
529,7.322133333333333,5.5183333333333335,-21.791666666666664,-27.31,11.659800266666668,-33.13867530038575,1025.118333333333
530,7.724466666666667,5.526666666666667,-21.83333333333333,-27.36,11.481614933333336,-33.11100381265213,1025.1266666666666
531,8.1268,5.535,-21.875,-27.41,11.3034296,-33.08214115793467,1025.135
532,8.529133333333334,5.543333333333334,-21.916666666666664,-27.46,11.125244266666668,-33.052053793051314,1025.1433333333332
533,8.931466666666667,5.551666666666668,-21.95833333333333,-27.51,10.947058933333334,-33.02070665538195,1025.1516666666666
534,9.3338,5.5600000000000005,-22.0,-27.56,10.7688736,-32.988063067739134,1025.16
535,9.736133333333331,5.568333333333334,-22.041666666666664,-27.61,10.590688266666668,-32.95408463558996,1025.1683333333333
536,10.138466666666666,5.576666666666668,-22.08333333333333,-27.66,10.412502933333334,-32.918731135873685,1025.1766666666667
537,10.5408,5.585000000000001,-22.125,-27.71,10.2343176,-32.88196039657051,1025.185
538,10.943133333333334,5.593333333333335,-22.166666666666664,-27.76,10.056132266666667,-32.84372816607605,1025.1933333333334
539,11.238183333333334,5.598333333333335,-22.21,-27.808333333333334,9.913584,-32.82459025766376,1025.2033333333334
540,11.1041,5.590000000000002,-22.26,-27.85,9.913584,-32.887246762812666,1025.22
541,10.970016666666668,5.581666666666668,-22.31,-27.891666666666666,9.913584,-32.94990326796156,1025.236666666667
542,10.835933333333331,5.573333333333334,-22.36,-27.933333333333334,9.913584,-33.01255977311047,1025.253333333333
543,10.70185,5.565000000000001,-22.41,-27.975,9.913584,-33.075216278259376,1025.27
544,10.567766666666667,5.556666666666668,-22.46,-28.016666666666666,9.913584,-33.137872783408284,1025.2866666666666
545,10.433683333333336,5.548333333333334,-22.51,-28.058333333333334,9.913584,-33.20052928855719,1025.3033333333335
546,10.2996,5.540000000000001,-22.56,-28.1,9.913584,-33.26318579370609,1025.3200000000002
547,10.165516666666669,5.531666666666667,-22.61,-28.141666666666666,9.913584,-33.325842298854994,1025.3366666666668
548,10.031433333333334,5.523333333333333,-22.66,-28.183333333333334,9.913584,-33.3884988040039,1025.3533333333337
549,9.89735,5.515000000000001,-22.71,-28.225,9.913584,-33.45115530915281,1025.37
550,9.763266666666668,5.506666666666667,-22.76,-28.266666666666666,9.913584,-33.51381181430172,1025.3866666666668
551,9.656,5.491666666666666,-22.8,-28.291666666666668,9.897385333333334,-33.555430855609,1025.4050000000002
552,9.656,5.45,-22.8,-28.25,9.816392,-33.51272379835993,1025.43
553,9.656,5.408333333333333,-22.8,-28.208333333333336,9.735398666666669,-33.46971971872312,1025.4550000000002
554,9.656,5.366666666666666,-22.8,-28.166666666666668,9.654405333333331,-33.42641405390367,1025.48
555,9.656,5.325,-22.8,-28.125,9.573412,-33.38280213200858,1025.505
556,9.656,5.283333333333333,-22.8,-28.083333333333336,9.492418666666666,-33.33887916848964,1025.53
557,9.656,5.241666666666667,-22.8,-28.041666666666668,9.411425333333334,-33.29464026243902,1025.555
558,9.656,5.2,-22.8,-28.0,9.330432,-33.250080392729814,1025.5800000000002
559,9.656,5.158333333333333,-22.8,-27.958333333333336,9.249438666666666,-33.205194413994015,1025.605
560,9.656,5.116666666666667,-22.8,-27.916666666666668,9.168445333333333,-33.15997705242925,1025.63
561,9.656,5.075,-22.8,-27.875,9.087452,-33.11442290142566,1025.655
562,9.656,5.033333333333333,-22.8,-27.833333333333336,9.006458666666665,-33.06852641700336,1025.68
563,9.763283333333334,5.0183333333333335,-22.8,-27.81833333333333,8.925465333333333,-33.02228191305053,1025.7
564,10.2997,5.109999999999999,-22.8,-27.91,8.844472,-32.97568355635161,1025.7
565,10.836116666666667,5.201666666666666,-22.8,-28.00166666666667,8.763478666666666,-32.928725361394264,1025.7
566,11.372533333333331,5.293333333333333,-22.8,-28.093333333333334,8.682485333333332,-32.8814011849431,1025.7
567,11.90895,5.384999999999999,-22.8,-28.185,8.601491999999999,-32.8337047203674,1025.7
568,12.445366666666668,5.476666666666666,-22.8,-28.276666666666667,8.520498666666667,-32.785629491709415,1025.7
569,12.981783333333334,5.5683333333333325,-22.8,-28.36833333333333,8.439505333333333,-32.737168847478515,1025.7
570,13.5182,5.659999999999998,-22.8,-28.46,8.358512,-32.68831595415597,1025.7
571,14.054616666666668,5.751666666666665,-22.8,-28.551666666666662,8.277518666666666,-32.639063789393845,1025.7
572,14.591033333333334,5.843333333333332,-22.8,-28.64333333333333,8.196525333333334,-32.589405134890455,1025.7
573,15.12745,5.934999999999998,-22.8,-28.735,8.115532,-32.53933256892363,1025.7
574,15.663866666666667,6.026666666666665,-22.8,-28.826666666666664,8.034538666666666,-32.488838458521826,1025.7
575,16.093,6.099999999999998,-22.808333333333334,-28.90833333333333,7.985942666666666,-32.4686001610973,1025.6933333333334
576,16.093,6.099999999999998,-22.85,-28.95,8.066936,-32.570719085461725,1025.66
577,16.093,6.099999999999998,-22.891666666666666,-28.991666666666664,8.147929333333332,-32.672493181240725,1025.6266666666668
578,16.093,6.099999999999998,-22.933333333333334,-29.03333333333333,8.228922666666666,-32.773929197161,1025.5933333333332
579,16.093,6.099999999999998,-22.975,-29.075,8.309916,-32.8750336902218,1025.56
580,16.093,6.099999999999998,-23.016666666666666,-29.116666666666664,8.390909333333333,-32.97581303291051,1025.5266666666666
581,16.093,6.099999999999998,-23.058333333333334,-29.15833333333333,8.471902666666667,-33.076273420080796,1025.493333333333
582,16.093,6.099999999999998,-23.1,-29.2,8.552895999999999,-33.17642087551165,1025.46
583,16.093,6.099999999999998,-23.141666666666666,-29.241666666666664,8.633889333333332,-33.2762612581655,1025.4266666666667
584,16.093,6.099999999999998,-23.183333333333334,-29.28333333333333,8.714882666666666,-33.3758002681616,1025.3933333333332
585,16.093,6.099999999999998,-23.225,-29.325,8.795876,-33.47504345248012,1025.36
586,16.093,6.099999999999998,-23.266666666666666,-29.366666666666664,8.876869333333334,-33.57399621041162,1025.3266666666666
587,16.093,6.091666666666664,-23.3,-29.391666666666666,8.860670666666666,-33.60597380383661,1025.2916666666663
588,16.093,6.049999999999998,-23.3,-29.35,8.455703999999999,-33.36552100016505,1025.25
589,16.093,6.008333333333331,-23.3,-29.308333333333334,8.050737333333332,-33.11519211922253,1025.2083333333333
590,16.093,5.966666666666664,-23.3,-29.266666666666666,7.645770666666666,-32.8540527011018,1025.1666666666663
591,16.093,5.924999999999998,-23.3,-29.225,7.240804,-32.581024376847964,1025.125
592,16.093,5.883333333333331,-23.3,-29.183333333333334,6.835837333333332,-32.294853174327294,1025.0833333333333
593,16.093,5.841666666666665,-23.3,-29.141666666666666,6.430870666666666,-31.99406848747553,1025.0416666666663
594,16.093,5.799999999999998,-23.3,-29.1,6.025904,-31.67692917371505,1025.0
595,16.093,5.758333333333331,-23.3,-29.058333333333334,5.620937333333333,-31.341351567086484,1024.9583333333333
596,16.093,5.716666666666665,-23.3,-29.016666666666666,5.215970666666666,-30.98481153680727,1024.9166666666663
597,16.093,5.674999999999998,-23.3,-28.975,4.811004,-30.604208383605727,1024.875
598,16.093,5.633333333333331,-23.3,-28.933333333333334,4.406037333333333,-30.195671046727963,1024.8333333333333
599,16.039366666666666,5.589999999999998,-23.3,-28.89,4.13066,-29.89945104633351,1024.8033333333333
600,15.7712,5.539999999999998,-23.3,-28.84,4.37364,-30.161642607728844,1024.82
601,15.503033333333333,5.489999999999998,-23.3,-28.79,4.61662,-30.411871127283597,1024.8366666666666
602,15.234866666666669,5.439999999999999,-23.3,-28.74,4.8596,-30.65127094394034,1024.8533333333332
603,14.9667,5.389999999999999,-23.3,-28.69,5.10258,-30.880818481971087,1024.87
604,14.698533333333334,5.339999999999999,-23.3,-28.64,5.34556,-31.101360592505216,1024.8866666666663
605,14.430366666666666,5.289999999999999,-23.3,-28.59,5.58854,-31.313636768963683,1024.9033333333334
606,14.1622,5.239999999999999,-23.3,-28.54,5.83152,-31.518296766123495,1024.92
607,13.894033333333333,5.19,-23.3,-28.49,6.0745000000000005,-31.715914723422678,1024.9366666666667
608,13.625866666666669,5.14,-23.3,-28.44,6.31748,-31.907000596558525,1024.9533333333334
609,13.3577,5.09,-23.3,-28.39,6.560460000000001,-32.09200949300502,1024.97
610,13.089533333333334,5.04,-23.3,-28.34,6.80344,-32.27134935832168,1024.986666666667
611,12.928633333333334,5.0,-23.3,-28.3,6.965426666666668,-32.387942631948235,1025.0116666666668
612,13.1968,5.0,-23.3,-28.3,6.80344,-32.27134935832168,1025.07
613,13.464966666666667,5.0,-23.3,-28.3,6.641453333333334,-32.15240042506244,1025.128333333333
614,13.733133333333331,5.0,-23.3,-28.3,6.479466666666667,-32.030989003173644,1025.1866666666667
615,14.0013,5.0,-23.3,-28.3,6.317480000000001,-31.907000596558525,1025.245
616,14.269466666666666,5.0,-23.3,-28.3,6.155493333333333,-31.78031227865882,1025.3033333333333
617,14.537633333333334,5.0,-23.3,-28.3,5.993506666666667,-31.650791830741298,1025.361666666667
618,14.8058,5.0,-23.3,-28.3,5.83152,-31.518296766123495,1025.42
619,15.073966666666667,5.0,-23.3,-28.3,5.669533333333334,-31.38267322160783,1025.4783333333337
620,15.342133333333331,5.0,-23.3,-28.3,5.507546666666666,-31.243754693686373,1025.5366666666666
621,15.6103,5.0,-23.3,-28.3,5.34556,-31.101360592505216,1025.595
622,15.878466666666666,5.0,-23.3,-28.3,5.183573333333333,-30.95529458090295,1025.6533333333334
623,16.093,5.0,-23.291666666666668,-28.291666666666668,5.10258,-30.8709063749114,1025.6883333333333
624,16.093,5.0,-23.25,-28.25,5.34556,-31.041675792156504,1025.63
625,16.093,5.0,-23.208333333333336,-28.208333333333336,5.58854,-31.203840256785494,1025.5716666666667
626,16.093,5.0,-23.166666666666668,-28.166666666666668,5.831519999999999,-31.358067736007094,1025.513333333333
627,16.093,5.0,-23.125,-28.125,6.0745,-31.504948752771245,1025.455
628,16.093,5.0,-23.083333333333336,-28.083333333333336,6.31748,-31.645008072800096,1025.3966666666668
629,16.093,5.0,-23.041666666666668,-28.041666666666668,6.560459999999999,-31.77871425097111,1025.3383333333334
630,16.093,5.0,-23.0,-28.0,6.803439999999999,-31.90648749310754,1025.28
631,16.093,5.0,-22.958333333333336,-27.958333333333336,7.04642,-32.0287061794069,1025.2216666666666
632,16.093,5.0,-22.916666666666668,-27.916666666666668,7.2894,-32.14571231520196,1025.1633333333334
633,16.093,5.0,-22.875,-27.875,7.53238,-32.25781611498419,1025.105
634,16.093,5.0,-22.833333333333336,-27.833333333333336,7.775359999999999,-32.36529988077548,1025.0466666666666
635,15.9589,5.0183333333333335,-22.77166666666667,-27.79,8.021579733333333,-32.44581063071721,1024.995
636,15.2884,5.109999999999999,-22.63,-27.74,8.2807584,-32.43105739061767,1024.97
637,14.6179,5.201666666666666,-22.488333333333333,-27.69,8.539937066666667,-32.41128584073109,1024.945
638,13.9474,5.293333333333333,-22.346666666666668,-27.64,8.799115733333332,-32.38675781127296,1024.92
639,13.2769,5.384999999999999,-22.205,-27.59,9.0582944,-32.35771385578136,1024.895
640,12.6064,5.476666666666666,-22.063333333333333,-27.54,9.317473066666668,-32.32437554293891,1024.87
641,11.9359,5.5683333333333325,-21.921666666666667,-27.49,9.576651733333334,-32.28694744475412,1024.845
642,11.2654,5.659999999999998,-21.78,-27.44,9.8358304,-32.24561886842522,1024.82
643,10.5949,5.751666666666665,-21.63833333333333,-27.39,10.095009066666666,-32.200565370787686,1024.795
644,9.9244,5.843333333333332,-21.496666666666663,-27.34,10.354187733333331,-32.151950087500815,1024.77
645,9.253900000000002,5.934999999999998,-21.355,-27.29,10.6133664,-32.09992490369078,1024.745
646,8.583400000000001,6.026666666666665,-21.21333333333333,-27.24,10.872545066666667,-32.04463148835919,1024.72
647,7.99335,6.091666666666665,-21.07166666666667,-27.16333333333333,11.096086666666666,-31.96978376416115,1024.695
648,7.7251,6.049999999999998,-20.93,-26.98,11.17708,-31.82777387620832,1024.67
649,7.45685,6.008333333333332,-20.78833333333333,-26.796666666666667,11.258073333333334,-31.685327057357057,1024.645
650,7.188600000000001,5.966666666666666,-20.64666666666667,-26.613333333333333,11.339066666666668,-31.542448196829852,1024.62
651,6.920350000000001,5.924999999999999,-20.505,-26.43,11.42006,-31.399142090210596,1024.595
652,6.652100000000001,5.883333333333333,-20.363333333333333,-26.246666666666663,11.501053333333337,-31.255413441919046,1024.5700000000002
653,6.383850000000001,5.841666666666667,-20.221666666666668,-26.063333333333333,11.582046666666669,-31.111266867602367,1024.545
654,6.115600000000001,5.8,-20.08,-25.88,11.66304,-30.966706896447423,1024.52
655,5.8473500000000005,5.758333333333334,-19.938333333333333,-25.696666666666665,11.744033333333334,-30.82173797341676,1024.495
656,5.5791,5.716666666666668,-19.796666666666667,-25.51333333333333,11.825026666666668,-30.67636446141141,1024.47
657,5.31085,5.675000000000001,-19.655,-25.33,11.906020000000002,-30.530590643363446,1024.4450000000002
658,5.0426,5.633333333333335,-19.51333333333333,-25.14666666666667,11.987013333333335,-30.384420724260885,1024.42
659,4.854816666666667,5.600000000000001,-19.381666666666664,-24.981666666666666,12.068006666666667,-30.250592031818826,1024.39
660,4.9889,5.600000000000001,-19.29,-24.89,12.149,-30.167350095641854,1024.34
661,5.122983333333334,5.6000000000000005,-19.19833333333333,-24.79833333333333,12.229993333333336,-30.083793593834532,1024.29
662,5.257066666666667,5.6000000000000005,-19.106666666666666,-24.706666666666667,12.310986666666668,-29.999925861507933,1024.24
663,5.3911500000000006,5.6000000000000005,-19.015,-24.615,12.39198,-29.91575017431624,1024.19
664,5.525233333333333,5.6,-18.92333333333333,-24.523333333333333,12.472973333333334,-29.831269749912657,1024.14
665,5.659316666666667,5.6,-18.831666666666667,-24.431666666666665,12.553966666666668,-29.746487749360448,1024.09
666,5.7934,5.6,-18.74,-24.34,12.63496,-29.66140727850037,1024.04
667,5.927483333333334,5.599999999999999,-18.648333333333333,-24.24833333333333,12.715953333333331,-29.576031389276622,1023.99
668,6.061566666666667,5.599999999999999,-18.55666666666667,-24.156666666666663,12.796946666666669,-29.490363081022323,1023.94
669,6.1956500000000005,5.599999999999999,-18.465,-24.065,12.87794,-29.404405301706397,1023.89
670,6.329733333333333,5.599999999999998,-18.37333333333333,-23.973333333333333,12.958933333333334,-29.318160949143042,1023.84
671,6.437,5.598333333333331,-18.273333333333333,-23.871666666666663,12.991330666666666,-29.20245017459505,1023.785
672,6.437,5.589999999999998,-18.14,-23.73,12.829344,-28.969716595687977,1023.71
673,6.437,5.581666666666665,-18.006666666666668,-23.58833333333333,12.667357333333332,-28.736677319102032,1023.635
674,6.437,5.573333333333332,-17.873333333333335,-23.446666666666665,12.505370666666668,-28.50332245419613,1023.56
675,6.437,5.564999999999999,-17.740000000000002,-23.305,12.343384,-28.269641715374462,1023.485
676,6.437,5.556666666666666,-17.606666666666666,-23.16333333333333,12.181397333333331,-28.035624401364917,1023.41
677,6.437,5.548333333333332,-17.473333333333333,-23.021666666666665,12.019410666666667,-27.801259373129454,1023.335
678,6.437,5.539999999999999,-17.34,-22.88,11.857424,-27.566535030296496,1023.26
679,6.437,5.531666666666666,-17.206666666666667,-22.738333333333333,11.695437333333334,-27.331439285995522,1023.185
680,6.437,5.5233333333333325,-17.073333333333334,-22.596666666666664,11.533450666666669,-27.095959539962024,1023.11
681,6.437,5.515,-16.939999999999998,-22.455,11.371464,-26.860082649768334,1023.035
682,6.437,5.506666666666667,-16.806666666666665,-22.313333333333333,11.209477333333334,-26.62379490002164,1022.96
683,6.5174666666666665,5.501666666666667,-16.671666666666667,-22.17333333333333,11.044250933333334,-26.38360741218618,1022.88
684,6.9198,5.51,-16.529999999999998,-22.04,10.8660656,-26.12901503101466,1022.78
685,7.322133333333333,5.5183333333333335,-16.388333333333332,-21.906666666666663,10.687880266666667,-25.87385184733356,1022.68
686,7.724466666666667,5.526666666666667,-16.246666666666666,-21.773333333333333,10.509694933333334,-25.61809555353861,1022.58
687,8.1268,5.535,-16.105,-21.64,10.3315096,-25.36172269304716,1022.48
688,8.529133333333334,5.543333333333334,-15.963333333333331,-21.506666666666668,10.153324266666669,-25.104708581494805,1022.38
689,8.931466666666667,5.551666666666668,-15.821666666666664,-21.37333333333333,9.975138933333334,-24.847027221079927,1022.28
690,9.3338,5.5600000000000005,-15.68,-21.24,9.7969536,-24.588651207328496,1022.18
691,9.736133333333331,5.568333333333334,-15.538333333333332,-21.10666666666667,9.618768266666669,-24.329551627459217,1022.08
692,10.138466666666666,5.576666666666668,-15.396666666666668,-20.973333333333333,9.440582933333332,-24.069697949424118,1021.98
693,10.5408,5.585000000000001,-15.255,-20.84,9.2623976,-23.80905790057789,1021.88
694,10.943133333333334,5.593333333333335,-15.113333333333332,-20.706666666666667,9.084212266666666,-23.54759733478991,1021.78
695,11.345466666666669,5.608333333333334,-14.971666666666666,-20.58,9.042095733333332,-23.351106511383158,1021.685
696,11.7478,5.650000000000001,-14.83,-20.48,9.5442544,-23.410066710002276,1021.61
697,12.150133333333336,5.691666666666667,-14.688333333333333,-20.380000000000003,10.046413066666666,-23.45735436925065,1021.535
698,12.552466666666668,5.733333333333333,-14.546666666666669,-20.28,10.548571733333333,-23.493980009452486,1021.46
699,12.9548,5.775,-14.405,-20.18,11.0507304,-23.520821729476943,1021.385
700,13.357133333333334,5.816666666666666,-14.263333333333334,-20.08,11.552889066666664,-23.538647769479912,1021.31
701,13.759466666666668,5.8583333333333325,-14.121666666666666,-19.98,12.055047733333334,-23.54813442305209,1021.235
702,14.1618,5.9,-13.98,-19.88,12.5572064,-23.549880409495824,1021.16
703,14.564133333333334,5.9416666666666655,-13.838333333333331,-19.78,13.059365066666668,-23.544418518239404,1021.085
704,14.966466666666667,5.983333333333332,-13.696666666666667,-19.68,13.561523733333331,-23.53222512732366,1021.01
705,15.3688,6.024999999999999,-13.555,-19.58,14.0636824,-23.513728047875553,1020.935
706,15.771133333333331,6.066666666666665,-13.413333333333334,-19.48,14.565841066666668,-23.489313037833487,1020.86
707,16.093,6.099999999999998,-13.281666666666668,-19.381666666666664,14.935170666666666,-23.432180413232707,1020.795
708,16.093,6.099999999999998,-13.19,-19.29,14.773184,-23.264162526499234,1020.77
709,16.093,6.099999999999999,-13.098333333333334,-19.19833333333333,14.611197333333331,-23.0959057059383,1020.745
710,16.093,6.099999999999999,-13.006666666666668,-19.106666666666666,14.449210666666666,-22.927403649043555,1020.72
711,16.093,6.099999999999999,-12.915,-19.015,14.287224,-22.758649838387853,1020.695
712,16.093,6.1,-12.823333333333334,-18.92333333333333,14.125237333333333,-22.589637531942017,1020.67
713,16.093,6.1,-12.731666666666667,-18.831666666666667,13.963250666666667,-22.420359752844448,1020.645
714,16.093,6.1,-12.64,-18.74,13.801264,-22.250809278583912,1020.62
715,16.093,6.1000000000000005,-12.548333333333334,-18.648333333333333,13.639277333333334,-22.080978629554444,1020.595
716,16.093,6.1000000000000005,-12.456666666666669,-18.55666666666667,13.477290666666669,-21.910860056938308,1020.57
717,16.093,6.1000000000000005,-12.365,-18.465,13.315304,-21.740445529868953,1020.545
718,16.093,6.100000000000001,-12.273333333333332,-18.37333333333333,13.153317333333334,-21.569726721822185,1020.52
719,16.093,6.118333333333335,-12.181666666666668,-18.3,12.991330666666666,-21.398694996178982,1020.4933333333332
720,16.093,6.210000000000002,-12.09,-18.3,12.829344,-21.2273413908988,1020.46
721,16.093,6.301666666666668,-11.998333333333331,-18.3,12.667357333333332,-21.055656602236844,1020.4266666666666
722,16.093,6.393333333333334,-11.906666666666666,-18.3,12.505370666666668,-20.883630967432566,1020.3933333333332
723,16.093,6.485000000000001,-11.815,-18.3,12.343384,-20.71125444629061,1020.36
724,16.093,6.576666666666668,-11.723333333333333,-18.3,12.181397333333331,-20.53851660156785,1020.3266666666668
725,16.093,6.668333333333335,-11.631666666666666,-18.3,12.019410666666667,-20.365406578072495,1020.2933333333332
726,16.093,6.760000000000002,-11.54,-18.3,11.857424,-20.191913080372217,1020.26
727,16.093,6.851666666666668,-11.448333333333332,-18.3,11.695437333333334,-20.018024348998793,1020.2266666666668
728,16.093,6.943333333333334,-11.356666666666666,-18.3,11.533450666666669,-19.843728135025643,1020.1933333333334
729,16.093,7.035000000000001,-11.265,-18.3,11.371464,-19.669011672882927,1020.16
730,16.093,7.126666666666668,-11.173333333333332,-18.3,11.209477333333334,-19.493861651261206,1020.1266666666668
731,16.093,7.200000000000001,-11.081666666666669,-18.281666666666663,11.160881333333334,-19.360045026769967,1020.0933333333334
732,16.093,7.200000000000001,-10.99,-18.19,11.565848,-19.390093156795228,1020.06
733,16.093,7.200000000000001,-10.898333333333332,-18.098333333333333,11.970814666666667,-19.41524257556155,1020.0266666666666
734,16.093,7.2,-10.806666666666668,-18.006666666666668,12.375781333333332,-19.43578134675706,1019.9933333333332
735,16.093,7.2,-10.715,-17.915,12.780748,-19.451971460184662,1019.96
736,16.093,7.2,-10.623333333333331,-17.823333333333334,13.185714666666666,-19.464051944287668,1019.9266666666668
737,16.093,7.2,-10.531666666666666,-17.731666666666666,13.590681333333333,-19.47224152334732,1019.8933333333332
738,16.093,7.2,-10.44,-17.64,13.995648,-19.476740897463408,1019.86
739,16.093,7.2,-10.348333333333333,-17.548333333333332,14.400614666666666,-19.47773470817149,1019.8266666666668
740,16.093,7.199999999999999,-10.256666666666666,-17.456666666666667,14.805581333333333,-19.47539324061531,1019.7933333333334
741,16.093,7.199999999999999,-10.165,-17.365,15.210548,-19.46987390378694,1019.76
742,16.093,7.199999999999999,-10.073333333333334,-17.273333333333333,15.615514666666666,-19.461322522880774,1019.7266666666668
743,16.093,7.209999999999999,-9.99,-17.2,15.923289333333331,-19.435073230150127,1019.7016666666668
744,16.093,7.259999999999999,-9.94,-17.2,15.842296,-19.34846939106509,1019.71
745,16.093,7.31,-9.89,-17.2,15.761302666666666,-19.261828886767535,1019.7183333333334
746,16.093,7.359999999999999,-9.84,-17.2,15.680309333333332,-19.175151203118673,1019.7266666666668
747,16.093,7.409999999999999,-9.79,-17.2,15.599316,-19.088435817696247,1019.735
748,16.093,7.459999999999999,-9.74,-17.2,15.518322666666666,-19.001682199622064,1019.7433333333332
749,16.093,7.509999999999999,-9.69,-17.2,15.437329333333333,-18.91488980938503,1019.7516666666668
750,16.093,7.559999999999999,-9.64,-17.2,15.356336,-18.828058098659675,1019.76
751,16.093,7.609999999999999,-9.59,-17.2,15.275342666666669,-18.741186510119803,1019.7683333333332
752,16.093,7.659999999999999,-9.54,-17.2,15.194349333333331,-18.65427447724737,1019.7766666666666
753,16.093,7.709999999999999,-9.49,-17.2,15.113356,-18.567321424136175,1019.785
754,16.093,7.759999999999999,-9.44,-17.2,15.032362666666666,-18.480326765290414,1019.7933333333332
755,16.093,7.799999999999999,-9.4,-17.2,14.935170666666666,-18.401796098831106,1019.785
756,16.093,7.799999999999999,-9.4,-17.2,14.773184,-18.357028273402214,1019.71
757,16.093,7.799999999999999,-9.4,-17.2,14.611197333333331,-18.31184619614141,1019.635
758,16.093,7.799999999999999,-9.4,-17.2,14.449210666666666,-18.26624137686078,1019.56
759,16.093,7.799999999999999,-9.4,-17.2,14.287224,-18.22020505376561,1019.485
760,16.093,7.799999999999999,-9.4,-17.2,14.125237333333333,-18.173728181572045,1019.41
761,16.093,7.799999999999999,-9.4,-17.2,13.963250666666667,-18.126801418961975,1019.335
762,16.093,7.799999999999999,-9.4,-17.2,13.801264,-18.079415115330047,1019.26
763,16.093,7.799999999999999,-9.4,-17.2,13.639277333333334,-18.031559296774,1019.185
764,16.093,7.799999999999999,-9.4,-17.2,13.477290666666669,-17.9832236512756,1019.11
765,16.093,7.799999999999999,-9.4,-17.2,13.315304,-17.93439751301508,1019.035
766,16.093,7.799999999999999,-9.4,-17.2,13.153317333333334,-17.885069845757155,1018.96
767,16.093,7.799999999999999,-9.4,-17.2,13.039926666666666,-17.85023596736371,1018.89
768,16.093,7.799999999999999,-9.4,-17.2,13.12092,-17.875143130526837,1018.84
769,16.093,7.799999999999999,-9.4,-17.2,13.201913333333334,-17.899921478528718,1018.79
770,16.093,7.799999999999999,-9.4,-17.2,13.282906666666667,-17.92457246175698,1018.74
771,16.093,7.799999999999999,-9.4,-17.2,13.3639,-17.949097505546604,1018.69
772,16.093,7.799999999999999,-9.4,-17.2,13.444893333333336,-17.973498010761475,1018.64
773,16.093,7.799999999999999,-9.4,-17.2,13.525886666666668,-17.997775354359074,1018.59
774,16.093,7.799999999999999,-9.4,-17.2,13.60688,-18.021930889938762,1018.54
775,16.093,7.799999999999999,-9.4,-17.2,13.687873333333334,-18.045965948274414,1018.49
776,16.093,7.799999999999999,-9.4,-17.2,13.768866666666668,-18.069881837831737,1018.44
777,16.093,7.799999999999999,-9.4,-17.2,13.84986,-18.093679845270962,1018.39
778,16.093,7.799999999999999,-9.4,-17.2,13.930853333333337,-18.117361235935313,1018.34
779,16.093,7.808333333333333,-9.391666666666667,-17.2,13.963250666666667,-18.116062153494536,1018.29
780,16.093,7.849999999999999,-9.35,-17.2,13.801264000000002,-18.015041748613164,1018.24
781,16.093,7.891666666666666,-9.308333333333334,-17.2,13.639277333333334,-17.913656669297595,1018.19
782,16.093,7.933333333333333,-9.266666666666667,-17.2,13.477290666666669,-17.81189818101769,1018.14
783,16.093,7.974999999999999,-9.225,-17.2,13.315304,-17.709757242205832,1018.09
784,16.093,8.016666666666666,-9.183333333333334,-17.2,13.153317333333334,-17.607224489673364,1018.04
785,16.093,8.058333333333332,-9.141666666666667,-17.2,12.991330666666668,-17.50429022314726,1017.99
786,16.093,8.1,-9.1,-17.2,12.829344,-17.40094438886249,1017.94
787,16.093,8.141666666666666,-9.058333333333334,-17.2,12.667357333333335,-17.297176562139704,1017.89
788,16.093,8.183333333333332,-9.016666666666667,-17.2,12.505370666666668,-17.19297592887167,1017.84
789,16.093,8.225,-8.975,-17.2,12.343384,-17.088331265835233,1017.79
790,16.093,8.266666666666666,-8.933333333333334,-17.2,12.181397333333337,-16.983230919737743,1017.74
791,16.093,8.309999999999999,-8.89,-17.2,12.068006666666667,-16.89134438414849,1017.685
792,16.093,8.36,-8.84,-17.2,12.149,-16.853863594480757,1017.61
793,16.093,8.409999999999998,-8.790000000000001,-17.2,12.229993333333336,-16.816166973255513,1017.535
794,16.093,8.459999999999999,-8.74,-17.2,12.310986666666668,-16.778256877344106,1017.46
795,16.093,8.509999999999998,-8.690000000000001,-17.2,12.39198,-16.740135621167518,1017.385
796,16.093,8.559999999999999,-8.64,-17.2,12.472973333333334,-16.701805477741267,1017.31
797,16.093,8.61,-8.59,-17.2,12.553966666666668,-16.663268679687963,1017.235
798,16.093,8.659999999999998,-8.540000000000001,-17.2,12.63496,-16.62452742021861,1017.16
799,16.093,8.709999999999999,-8.49,-17.2,12.715953333333331,-16.58558385408383,1017.085
800,16.093,8.759999999999998,-8.440000000000001,-17.2,12.796946666666669,-16.546440098496166,1017.01
801,16.093,8.809999999999999,-8.39,-17.2,12.87794,-16.507098234024483,1016.935
802,16.093,8.86,-8.34,-17.2,12.958933333333334,-16.467560305461486,1016.86
803,16.093,8.899999999999999,-8.3,-17.2,13.124159733333334,-16.46579530252865,1016.7733333333332
804,16.093,8.899999999999999,-8.3,-17.2,13.6263184,-16.61298990992535,1016.64
805,16.093,8.899999999999999,-8.3,-17.2,14.128477066666669,-16.755696376190087,1016.5066666666668
806,16.093,8.899999999999999,-8.3,-17.2,14.630635733333332,-16.894203999731776,1016.3733333333332
807,16.093,8.899999999999999,-8.3,-17.2,15.132794400000002,-17.028774267709874,1016.24
808,16.093,8.899999999999999,-8.3,-17.2,15.634953066666668,-17.159644353032142,1016.1066666666668
809,16.093,8.899999999999999,-8.3,-17.2,16.137111733333334,-17.287030074650087,1015.9733333333334
810,16.093,8.899999999999999,-8.3,-17.2,16.6392704,-17.411128417495423,1015.84
811,16.093,8.899999999999999,-8.3,-17.2,17.141429066666667,-17.532119688747038,1015.7066666666668
812,16.093,8.899999999999999,-8.3,-17.2,17.643587733333334,-17.6501693719273,1015.5733333333334
813,16.093,8.899999999999999,-8.3,-17.2,18.1457464,-17.765429728487796,1015.44
814,16.093,8.899999999999999,-8.3,-17.2,18.647905066666667,-17.87804118724643,1015.3066666666668
815,16.093,8.899999999999999,-8.3,-17.2,18.99779626666667,-17.95500946416458,1015.185
816,16.093,8.899999999999999,-8.3,-17.2,18.7386176,-17.898111646134797,1015.11
817,16.093,8.899999999999999,-8.3,-17.2,18.47943893333333,-17.8405488892755,1015.035
818,16.093,8.899999999999999,-8.3,-17.2,18.220260266666667,-17.78230393126363,1014.96
819,16.093,8.899999999999999,-8.3,-17.2,17.9610816,-17.723358808164058,1014.885
820,16.093,8.899999999999999,-8.3,-17.2,17.701902933333333,-17.66369481531158,1014.81
821,16.093,8.899999999999999,-8.3,-17.2,17.442724266666666,-17.603292465403364,1014.735
822,16.093,8.899999999999999,-8.3,-17.2,17.183545600000002,-17.54213144355824,1014.66
823,16.093,8.899999999999999,-8.3,-17.2,16.92436693333333,-17.480190559073936,1014.585
824,16.093,8.899999999999999,-8.3,-17.2,16.665188266666668,-17.417447693584958,1014.51
825,16.093,8.899999999999999,-8.3,-17.2,16.4060096,-17.35387974529204,1014.435
826,16.093,8.899999999999999,-8.3,-17.2,16.146830933333334,-17.2894625688982,1014.36
827,16.093,8.909999999999998,-8.3,-17.21,15.923289333333331,-17.23320132812752,1014.2766666666666
828,16.093,8.959999999999999,-8.3,-17.259999999999998,15.842296,-17.212653011678096,1014.16
829,16.093,9.009999999999998,-8.3,-17.31,15.761302666666666,-17.192016260623515,1014.0433333333332
830,16.093,9.06,-8.3,-17.36,15.680309333333332,-17.171290236974002,1013.9266666666666
831,16.093,9.11,-8.3,-17.41,15.599316,-17.15047409042013,1013.81
832,16.093,9.159999999999998,-8.3,-17.46,15.518322666666666,-17.129566958086613,1013.6933333333332
833,16.093,9.21,-8.3,-17.51,15.437329333333333,-17.108567964279942,1013.5766666666666
834,16.093,9.26,-8.3,-17.56,15.356336,-17.087476220229547,1013.46
835,16.093,9.31,-8.3,-17.61,15.275342666666669,-17.066290823822342,1013.3433333333332
836,16.093,9.36,-8.3,-17.66,15.194349333333331,-17.045010859330496,1013.2266666666668
837,16.093,9.41,-8.3,-17.71,15.113356,-17.023635397132068,1013.11
838,16.093,9.46,-8.3,-17.76,15.032362666666666,-17.002163493424487,1012.9933333333332
839,16.093,9.508333333333333,-8.3,-17.808333333333334,14.951369333333334,-16.980594189930443,1012.8716666666668
840,16.093,9.55,-8.3,-17.85,14.870376,-16.958926513596133,1012.73
841,16.093,9.591666666666669,-8.3,-17.891666666666666,14.789382666666668,-16.937159476281472,1012.5883333333334
842,16.093,9.633333333333333,-8.3,-17.933333333333334,14.708389333333333,-16.915292074442124,1012.4466666666668
843,16.093,9.675,-8.3,-17.975,14.627396,-16.89332328880299,1012.305
844,16.093,9.716666666666669,-8.3,-18.016666666666666,14.546402666666667,-16.87125208402296,1012.1633333333332
845,16.093,9.758333333333333,-8.3,-18.058333333333334,14.465409333333334,-16.84907740835059,1012.0216666666666
846,16.093,9.8,-8.3,-18.1,14.384416,-16.82679819327046,1011.88
847,16.093,9.841666666666669,-8.3,-18.141666666666666,14.303422666666668,-16.804413353139804,1011.7383333333332
848,16.093,9.883333333333333,-8.3,-18.183333333333334,14.222429333333334,-16.78192178481523,1011.5966666666668
849,16.093,9.925,-8.3,-18.225,14.141436,-16.759322367269082,1011.455
850,16.093,9.966666666666669,-8.3,-18.266666666666666,14.060442666666669,-16.73661396119516,1011.3133333333334
851,16.093,10.01,-8.3,-18.31,13.979449333333337,-16.713795408603417,1011.175
852,16.093,10.06,-8.3,-18.36,13.898456,-16.690865532403244,1011.05
853,16.093,10.11,-8.3,-18.41,13.817462666666668,-16.66782313597502,1010.925
854,16.093,10.16,-8.3,-18.46,13.736469333333334,-16.644667002729406,1010.8
855,16.093,10.21,-8.3,-18.51,13.655476,-16.621395895654118,1010.675
856,16.093,10.26,-8.3,-18.56,13.574482666666666,-16.598008556847553,1010.55
857,16.093,10.31,-8.3,-18.61,13.493489333333336,-16.574503707039035,1010.425
858,16.093,10.36,-8.3,-18.66,13.412496,-16.550880045094953,1010.3
859,16.093,10.409999999999998,-8.3,-18.71,13.331502666666667,-16.52713624751054,1010.175
860,16.093,10.46,-8.3,-18.76,13.250509333333332,-16.503270967886632,1010.05
861,16.093,10.509999999999998,-8.3,-18.81,13.169516,-16.479282836390855,1009.925
862,16.093,10.56,-8.3,-18.86,13.088522666666666,-16.45517045920283,1009.8
863,16.093,10.553333333333333,-8.31,-18.863333333333333,13.124159733333334,-16.478616588214404,1009.6916666666668
864,16.093,10.32,-8.360000000000001,-18.68,13.6263184,-16.690156473480727,1009.65
865,16.093,10.086666666666664,-8.41,-18.496666666666663,14.128477066666669,-16.897592948202647,1009.6083333333332
866,16.093,9.853333333333332,-8.46,-18.313333333333333,14.630635733333332,-17.101198355605234,1009.5666666666668
867,16.093,9.619999999999996,-8.51,-18.13,15.132794400000002,-17.301218634507446,1009.525
868,16.093,9.386666666666663,-8.56,-17.946666666666665,15.634953066666668,-17.497876652873153,1009.4833333333332
869,16.093,9.153333333333332,-8.610000000000001,-17.763333333333332,16.137111733333334,-17.691375028532725,1009.4416666666668
870,16.093,8.919999999999998,-8.66,-17.58,16.6392704,-17.881898529276263,1009.4
871,16.093,8.686666666666666,-8.71,-17.396666666666665,17.141429066666667,-18.069616125690153,1009.3583333333332
872,16.093,8.453333333333333,-8.76,-17.21333333333333,17.643587733333334,-18.254682755558363,1009.3166666666668
873,16.093,8.219999999999999,-8.81,-17.029999999999998,18.1457464,-18.437240847313394,1009.275
874,16.093,7.9866666666666655,-8.86,-16.846666666666664,18.647905066666667,-18.6174216411199,1009.2333333333332
875,15.90525,7.753333333333332,-8.908333333333333,-16.661666666666665,19.01723466666667,-18.76378255813139,1009.195
876,14.9665,7.519999999999999,-8.950000000000001,-16.47,18.855248000000003,-18.782810739002468,1009.17
877,14.02775,7.286666666666666,-8.991666666666667,-16.278333333333332,18.693261333333336,-18.801497434259808,1009.145
878,13.089,7.053333333333333,-9.033333333333331,-16.086666666666666,18.53127466666667,-18.819837585060064,1009.12
879,12.15025,6.819999999999999,-9.075,-15.895,18.369288,-18.837826009499086,1009.095
880,11.2115,6.586666666666666,-9.116666666666667,-15.703333333333331,18.207301333333334,-18.855457398477853,1009.07
881,10.272749999999998,6.353333333333333,-9.158333333333331,-15.511666666666668,18.04531466666667,-18.872726311390977,1009.045
882,9.334,6.119999999999999,-9.2,-15.32,17.883328000000002,-18.889627171628472,1009.02
883,8.395249999999999,5.886666666666667,-9.241666666666667,-15.128333333333334,17.721341333333335,-18.90615426188086,1008.995
884,7.456499999999998,5.653333333333333,-9.283333333333331,-14.936666666666667,17.559354666666668,-18.92230171923718,1008.97
885,6.51775,5.42,-9.325,-14.745,17.397368,-18.93806353006481,1008.945
886,5.578999999999999,5.1866666666666665,-9.366666666666667,-14.553333333333336,17.235381333333333,-18.953433524659015,1008.92
887,4.828,4.991666666666666,-9.4,-14.391666666666667,17.037757600000003,-18.948714888907435,1008.8983333333332
888,4.828,4.95,-9.4,-14.35,16.6975856,-18.864222059012704,1008.89
889,4.828,4.908333333333333,-9.4,-14.308333333333334,16.3574136,-18.778270722573318,1008.8816666666668
890,4.828,4.866666666666666,-9.4,-14.266666666666667,16.017241600000002,-18.69080457139503,1008.8733333333332
891,4.828,4.825,-9.4,-14.225,15.6770696,-18.601763869890593,1008.865
892,4.828,4.783333333333333,-9.4,-14.183333333333334,15.3368976,-18.511085166810396,1008.8566666666668
893,4.828,4.741666666666667,-9.4,-14.141666666666667,14.9967256,-18.418700975727727,1008.8483333333332
894,4.828,4.7,-9.4,-14.1,14.6565536,-18.324539420098358,1008.84
895,4.828,4.658333333333333,-9.4,-14.058333333333334,14.3163816,-18.228523838043863,1008.8316666666666
896,4.828,4.616666666666667,-9.4,-14.016666666666667,13.9762096,-18.130572341211376,1008.8233333333332
897,4.828,4.575,-9.4,-13.975,13.6360376,-18.030597321112282,1008.815
898,4.828,4.533333333333333,-9.4,-13.933333333333334,13.2958656,-17.928504895204014,1008.8066666666666
899,4.9084666666666665,4.498333333333333,-9.391666666666667,-13.89,13.056125333333334,-17.84454794710126,1008.79
900,5.3108,4.49,-9.35,-13.84,13.218112,-17.840717669144652,1008.74
901,5.713133333333333,4.4816666666666665,-9.308333333333334,-13.79,13.380098666666669,-17.83627164960099,1008.69
902,6.115466666666667,4.473333333333334,-9.266666666666667,-13.74,13.542085333333333,-17.83122278471012,1008.64
903,6.5178,4.465,-9.225,-13.69,13.704072,-17.825583542287546,1008.59
904,6.920133333333334,4.456666666666667,-9.183333333333334,-13.64,13.866058666666667,-17.81936598091326,1008.54
905,7.322466666666667,4.448333333333333,-9.141666666666667,-13.59,14.028045333333331,-17.812581768046257,1008.49
906,7.7248,4.44,-9.1,-13.54,14.190032,-17.805242197136394,1008.44
907,8.127133333333333,4.431666666666667,-9.058333333333334,-13.49,14.352018666666666,-17.79735820380018,1008.39
908,8.529466666666668,4.423333333333334,-9.016666666666667,-13.44,14.514005333333332,-17.78894038112143,1008.34
909,8.931799999999999,4.415,-8.975,-13.39,14.675992,-17.779998994133592,1008.29
910,9.334133333333334,4.406666666666667,-8.933333333333334,-13.34,14.837978666666666,-17.770543993535902,1008.24
911,9.763283333333334,4.401666666666667,-8.89,-13.291666666666668,14.935170666666666,-17.74086969255936,1008.1983333333334
912,10.2997,4.41,-8.84,-13.25,14.773184,-17.63196358165173,1008.19
913,10.836116666666667,4.418333333333334,-8.790000000000001,-13.208333333333334,14.611197333333331,-17.522767430667926,1008.1816666666668
914,11.372533333333331,4.426666666666667,-8.74,-13.166666666666668,14.449210666666666,-17.413274528531584,1008.1733333333334
915,11.90895,4.4350000000000005,-8.690000000000001,-13.125,14.287224,-17.303477942220294,1008.165
916,12.445366666666668,4.443333333333333,-8.64,-13.083333333333334,14.125237333333333,-17.19337050690374,1008.1566666666668
917,12.981783333333334,4.451666666666667,-8.59,-13.041666666666668,13.963250666666667,-17.082944815526815,1008.1483333333332
918,13.5182,4.46,-8.540000000000001,-13.0,13.801264,-16.9721932077997,1008.14
919,14.054616666666668,4.468333333333334,-8.49,-12.958333333333334,13.639277333333334,-16.86110775855371,1008.1316666666668
920,14.591033333333334,4.476666666666667,-8.440000000000001,-12.916666666666668,13.477290666666669,-16.749680265418615,1008.1233333333332
921,15.12745,4.485,-8.39,-12.875,13.315304,-16.637902235773126,1008.115
922,15.663866666666667,4.493333333333333,-8.34,-12.833333333333334,13.153317333333334,-16.525764872916458,1008.1066666666668
923,16.093,4.498333333333333,-8.291666666666668,-12.79,13.023728,-16.425112505824377,1008.1033333333334
924,16.093,4.49,-8.25,-12.74,13.023728,-16.371724293732107,1008.12
925,16.093,4.4816666666666665,-8.208333333333334,-12.69,13.023728,-16.318336081639842,1008.1366666666668
926,16.093,4.473333333333334,-8.166666666666668,-12.64,13.023728,-16.264947869547576,1008.1533333333332
927,16.093,4.465,-8.125,-12.59,13.023728,-16.21155965745531,1008.17
928,16.093,4.456666666666666,-8.083333333333334,-12.54,13.023728,-16.15817144536305,1008.1866666666666
929,16.093,4.448333333333333,-8.041666666666666,-12.49,13.023728,-16.10478323327078,1008.2033333333334
930,16.093,4.44,-8.0,-12.44,13.023728,-16.051395021178514,1008.22
931,16.093,4.431666666666667,-7.958333333333333,-12.39,13.023728,-15.99800680908625,1008.2366666666668
932,16.093,4.423333333333333,-7.916666666666667,-12.34,13.023728,-15.944618596993987,1008.2533333333332
933,16.093,4.414999999999999,-7.875,-12.29,13.023728,-15.891230384901721,1008.27
934,16.093,4.406666666666666,-7.833333333333333,-12.239999999999998,13.023728,-15.837842172809456,1008.2866666666666
935,16.093,4.418333333333333,-7.781666666666666,-12.2,13.056125333333334,-15.781205064757955,1008.3033333333332
936,16.093,4.51,-7.689999999999999,-12.2,13.218112,-15.711131914248337,1008.32
937,16.093,4.601666666666666,-7.598333333333334,-12.2,13.380098666666669,-15.640335496171033,1008.3366666666666
938,16.093,4.6933333333333325,-7.506666666666667,-12.2,13.542085333333333,-15.568830188560405,1008.3533333333334
939,16.093,4.784999999999999,-7.415,-12.2,13.704072,-15.496629899950047,1008.37
940,16.093,4.876666666666666,-7.323333333333333,-12.2,13.866058666666667,-15.423748090221903,1008.3866666666668
941,16.093,4.968333333333333,-7.231666666666666,-12.2,14.028045333333331,-15.350197790294073,1008.4033333333332
942,16.093,5.06,-7.14,-12.2,14.190032,-15.275991620724584,1008.42
943,16.093,5.1516666666666655,-7.048333333333334,-12.2,14.352018666666666,-15.201141809302703,1008.4366666666666
944,16.093,5.243333333333332,-6.956666666666667,-12.2,14.514005333333332,-15.125660207693704,1008.4533333333334
945,16.093,5.334999999999999,-6.865,-12.2,14.675992,-15.049558307198069,1008.47
946,16.093,5.426666666666666,-6.773333333333333,-12.2,14.837978666666666,-14.972847253681564,1008.4866666666668
947,16.093,5.518333333333333,-6.681666666666667,-12.2,15.003205066666666,-14.896362422165499,1008.4916666666668
948,16.093,5.609999999999999,-6.59,-12.2,15.1813904,-14.822528654268773,1008.45
949,16.093,5.701666666666666,-6.498333333333333,-12.2,15.359575733333331,-14.748020523179989,1008.4083333333332
950,16.093,5.793333333333333,-6.406666666666666,-12.2,15.537761066666668,-14.67285080305865,1008.3666666666668
951,16.093,5.885,-6.315,-12.2,15.7159464,-14.597031868872769,1008.325
952,16.093,5.976666666666666,-6.223333333333334,-12.2,15.894131733333332,-14.520575713388432,1008.2833333333332
953,16.093,6.0683333333333325,-6.131666666666667,-12.2,16.072317066666667,-14.443493963251623,1008.2416666666668
954,16.093,6.159999999999999,-6.04,-12.2,16.250502400000002,-14.365797894220227,1008.2
955,16.093,6.251666666666666,-5.948333333333333,-12.2,16.428687733333334,-14.287498445600193,1008.1583333333332
956,16.093,6.343333333333333,-5.8566666666666665,-12.2,16.60687306666667,-14.208606233935516,1008.1166666666668
957,16.093,6.435,-5.765,-12.2,16.7850584,-14.129131565998325,1008.075
958,16.093,6.526666666666666,-5.673333333333333,-12.2,16.963243733333336,-14.049084451121974,1008.0333333333332
959,16.093,6.601666666666667,-5.59,-12.191666666666666,17.070154933333335,-13.963654420463099,1007.9916666666668
960,16.093,6.609999999999999,-5.54,-12.15,16.8919696,-13.858581588998987,1007.95
961,16.093,6.618333333333333,-5.489999999999999,-12.108333333333333,16.713784266666668,-13.753272867025995,1007.9083333333332
962,16.093,6.626666666666666,-5.44,-12.066666666666666,16.535598933333333,-13.647722881980055,1007.8666666666668
963,16.093,6.635,-5.39,-12.025,16.3574136,-13.541926089536755,1007.825
964,16.093,6.643333333333333,-5.34,-11.983333333333333,16.179228266666666,-13.435876766260526,1007.7833333333332
965,16.093,6.651666666666666,-5.29,-11.941666666666666,16.001042933333334,-13.329569001855997,1007.7416666666668
966,16.093,6.659999999999999,-5.24,-11.9,15.8228576,-13.222996690995327,1007.7
967,16.093,6.668333333333333,-5.19,-11.858333333333333,15.644672266666667,-13.116153524693285,1007.6583333333332
968,16.093,6.676666666666666,-5.14,-11.816666666666666,15.466486933333334,-13.009032981199699,1007.6166666666668
969,16.093,6.685,-5.09,-11.775,15.2883016,-12.901628316376392,1007.575
970,16.093,6.6933333333333325,-5.04,-11.733333333333333,15.110116266666669,-12.79393255352306,1007.5333333333332
971,15.932066666666667,6.681666666666666,-5.0,-11.681666666666668,14.967568,-12.707561509264707,1007.495
972,15.1274,6.589999999999999,-5.0,-11.59,14.967568,-12.707561509264707,1007.47
973,14.322733333333334,6.498333333333333,-5.0,-11.498333333333331,14.967568,-12.707561509264707,1007.445
974,13.518066666666666,6.406666666666666,-5.0,-11.406666666666666,14.967568,-12.707561509264707,1007.42
975,12.7134,6.315,-5.0,-11.315,14.967568,-12.707561509264707,1007.395
976,11.908733333333334,6.223333333333333,-5.0,-11.223333333333333,14.967568,-12.707561509264707,1007.37
977,11.104066666666668,6.131666666666666,-5.0,-11.131666666666666,14.967568,-12.707561509264707,1007.345
978,10.299400000000002,6.039999999999999,-5.0,-11.04,14.967568,-12.707561509264707,1007.32
979,9.494733333333334,5.948333333333332,-5.0,-10.948333333333332,14.967568,-12.707561509264707,1007.295
980,8.690066666666667,5.8566666666666665,-5.0,-10.856666666666666,14.967568,-12.707561509264707,1007.27
981,7.885400000000001,5.765,-5.0,-10.765,14.967568,-12.707561509264707,1007.245
982,7.080733333333335,5.673333333333333,-5.0,-10.673333333333332,14.967568,-12.707561509264707,1007.22
983,6.544300000000001,5.608333333333333,-5.01,-10.618333333333332,14.967568,-12.720523189203613,1007.2383333333332
984,7.0808,5.65,-5.06,-10.71,14.967568,-12.78533158889814,1007.43
985,7.6173,5.691666666666666,-5.11,-10.801666666666666,14.967568,-12.850139988592668,1007.6216666666668
986,8.1538,5.733333333333333,-5.16,-10.893333333333333,14.967568,-12.914948388287195,1007.8133333333334
987,8.6903,5.775,-5.21,-10.985,14.967568,-12.979756787981723,1008.005
988,9.2268,5.816666666666666,-5.26,-11.076666666666666,14.967568,-13.044565187676248,1008.1966666666668
989,9.7633,5.8583333333333325,-5.31,-11.168333333333331,14.967568,-13.109373587370774,1008.3883333333332
990,10.2998,5.9,-5.359999999999999,-11.26,14.967568,-13.174181987065301,1008.58
991,10.8363,5.941666666666666,-5.41,-11.351666666666668,14.967568,-13.23899038675983,1008.7716666666666
992,11.3728,5.9833333333333325,-5.46,-11.443333333333332,14.967568,-13.303798786454356,1008.9633333333334
993,11.9093,6.025,-5.51,-11.535,14.967568,-13.368607186148884,1009.155
994,12.4458,6.066666666666666,-5.56,-11.626666666666663,14.967568,-13.433415585843411,1009.3466666666668
995,12.928633333333334,6.193333333333333,-5.58,-11.773333333333332,14.935170666666666,-13.451327722442752,1009.5216666666666
996,13.1968,6.66,-5.48,-12.14,14.773184,-13.281575431148827,1009.63
997,13.464966666666667,7.126666666666667,-5.38,-12.506666666666666,14.611197333333331,-13.111687774496481,1009.7383333333332
998,13.733133333333331,7.593333333333334,-5.28,-12.873333333333331,14.449210666666666,-12.94166044486641,1009.8466666666668
999,14.0013,8.06,-5.18,-13.24,14.287224,-12.771488982327236,1009.955
1000,14.269466666666666,8.526666666666667,-5.08,-13.606666666666667,14.125237333333333,-12.601168767667977,1010.0633333333332
1001,14.537633333333334,8.993333333333334,-4.98,-13.973333333333334,13.963250666666667,-12.430695015031855,1010.1716666666666
1002,14.8058,9.46,-4.88,-14.34,13.801264,-12.26006276412404,1010.28
1003,15.073966666666667,9.926666666666668,-4.78,-14.706666666666669,13.639277333333334,-12.089266871963305,1010.3883333333332
1004,15.342133333333331,10.393333333333334,-4.680000000000001,-15.073333333333334,13.477290666666669,-11.918302004145406,1010.4966666666668
1005,15.6103,10.86,-4.58,-15.44,13.315304,-11.747162625583156,1010.605
1006,15.878466666666666,11.326666666666668,-4.48,-15.806666666666668,13.153317333333334,-11.575842990685246,1010.7133333333333
1007,16.093,11.7,-4.41,-16.110000000000003,13.072324,-11.464479513602551,1010.8216666666666
1008,16.093,11.7,-4.46,-16.16,13.315304,-11.593123582742528,1010.93
1009,16.093,11.7,-4.510000000000001,-16.21,13.558284,-11.720978884850725,1011.0383333333332
1010,16.093,11.7,-4.5600000000000005,-16.26,13.801264,-11.848073217136005,1011.1466666666666
1011,16.093,11.7,-4.61,-16.310000000000002,14.044244,-11.974432967919249,1011.255
1012,16.093,11.7,-4.66,-16.36,14.287224,-12.10008321049123,1011.3633333333332
1013,16.093,11.7,-4.71,-16.41,14.530204,-12.225047789254155,1011.4716666666668
1014,16.093,11.7,-4.76,-16.46,14.773184,-12.349349398898203,1011.58
1015,16.093,11.7,-4.8100000000000005,-16.51,15.016164,-12.47300965728011,1011.6883333333334
1016,16.093,11.7,-4.86,-16.56,15.259144,-12.596049172597352,1011.7966666666666
1017,16.093,11.7,-4.91,-16.61,15.502123999999998,-12.718487605387027,1011.905
1018,16.093,11.7,-4.96,-16.66,15.745104,-12.840343725822127,1012.0133333333332
1019,16.093,11.671666666666663,-5.01,-16.681666666666665,15.890892,-12.939238597128487,1012.1166666666668
1020,16.093,11.53,-5.06,-16.59,15.647912,-12.947788012543908,1012.2
1021,16.093,11.388333333333332,-5.11,-16.49833333333333,15.404932,-12.955425677403491,1012.2833333333332
1022,16.093,11.246666666666666,-5.16,-16.406666666666666,15.161952,-12.96212651762297,1012.3666666666668
1023,16.093,11.105,-5.21,-16.314999999999998,14.918972,-12.967864331299031,1012.45
1024,16.093,10.963333333333331,-5.26,-16.223333333333333,14.675992,-12.972611718320572,1012.5333333333332
1025,16.093,10.821666666666664,-5.31,-16.131666666666668,14.433012,-12.97634000432942,1012.6166666666668
1026,16.093,10.68,-5.359999999999999,-16.04,14.190032,-12.979019158473038,1012.7
1027,16.093,10.538333333333332,-5.41,-15.948333333333332,13.947052,-12.9806177043259,1012.7833333333332
1028,16.093,10.396666666666668,-5.46,-15.856666666666666,13.704072,-12.98110262328164,1012.8666666666668
1029,16.093,10.255,-5.51,-15.765,13.461092,-12.98043924963305,1012.95
1030,16.093,10.113333333333332,-5.56,-15.673333333333332,13.218112,-12.978591156459695,1013.0333333333332
1031,16.093,10.008333333333333,-5.6,-15.608333333333333,12.9556936,-12.957289611380759,1013.1116666666668
1032,16.093,10.05,-5.6,-15.65,12.6155216,-12.861294890381663,1013.17
1033,16.093,10.091666666666669,-5.6,-15.691666666666666,12.2753496,-12.763100672701645,1013.2283333333334
1034,16.093,10.133333333333336,-5.6,-15.733333333333334,11.9351776,-12.66259346205875,1013.2866666666666
1035,16.093,10.175,-5.6,-15.775,11.5950056,-12.559650461188555,1013.345
1036,16.093,10.216666666666669,-5.6,-15.816666666666666,11.2548336,-12.454138510534577,1013.4033333333332
1037,16.093,10.258333333333336,-5.6,-15.858333333333334,10.9146616,-12.345912869609345,1013.4616666666668
1038,16.093,10.3,-5.6,-15.9,10.5744896,-12.234815811992798,1013.52
1039,16.093,10.341666666666669,-5.6,-15.941666666666668,10.2343176,-12.120674998454234,1013.5783333333331
1040,16.093,10.383333333333336,-5.6,-15.983333333333334,9.8941456,-12.003301584488986,1013.6366666666668
1041,16.093,10.425,-5.6,-16.025000000000002,9.5539736,-11.882488008123243,1013.695
1042,16.093,10.466666666666669,-5.6,-16.066666666666666,9.2138016,-11.758005390441198,1013.7533333333332
1043,16.093,10.491666666666667,-5.6,-16.09166666666667,8.909266666666666,-11.64324442399233,1013.815
1044,16.093,10.45,-5.6,-16.05,8.74728,-11.580852557593122,1013.89
1045,16.093,10.408333333333337,-5.6,-16.008333333333333,8.585293333333333,-11.517482483091147,1013.965
1046,16.093,10.366666666666667,-5.6,-15.966666666666669,8.423306666666667,-11.453099965442203,1014.04
1047,16.093,10.325,-5.6,-15.925,8.26132,-11.38766888436098,1014.115
1048,16.093,10.283333333333337,-5.6,-15.883333333333336,8.099333333333334,-11.321151091169627,1014.19
1049,16.093,10.241666666666667,-5.6,-15.841666666666669,7.937346666666666,-11.253506251668714,1014.265
1050,16.093,10.2,-5.6,-15.8,7.77536,-11.184691673349999,1014.34
1051,16.093,10.158333333333331,-5.6,-15.758333333333333,7.613373333333333,-11.11466211502848,1014.415
1052,16.093,10.116666666666667,-5.6,-15.716666666666669,7.451386666666667,-11.04336957668895,1014.49
1053,16.093,10.075,-5.6,-15.675,7.2894,-10.970763067011227,1014.565
1054,16.093,10.033333333333331,-5.6,-15.633333333333333,7.127413333333333,-10.896788345649082,1014.64
1055,16.093,9.906666666666666,-5.618333333333333,-15.525,6.9978240000000005,-10.858931125809509,1014.7116666666668
1056,16.093,9.44,-5.71,-15.15,6.9978240000000005,-10.970662966802859,1014.77
1057,16.093,8.973333333333333,-5.801666666666667,-14.775,6.9978240000000005,-11.082394807796206,1014.8283333333334
1058,16.093,8.506666666666666,-5.8933333333333335,-14.4,6.9978240000000005,-11.194126648789553,1014.8866666666668
1059,16.093,8.04,-5.984999999999999,-14.025,6.9978240000000005,-11.305858489782901,1014.945
1060,16.093,7.573333333333333,-6.076666666666666,-13.65,6.9978240000000005,-11.417590330776248,1015.0033333333332
1061,16.093,7.1066666666666665,-6.168333333333333,-13.275,6.9978240000000005,-11.529322171769598,1015.0616666666668
1062,16.093,6.64,-6.26,-12.9,6.9978240000000005,-11.641054012762945,1015.12
1063,16.093,6.173333333333333,-6.351666666666667,-12.525,6.9978240000000005,-11.752785853756293,1015.1783333333332
1064,16.093,5.706666666666666,-6.443333333333333,-12.15,6.9978240000000005,-11.864517694749642,1015.2366666666668
1065,16.093,5.239999999999999,-6.535,-11.775,6.9978240000000005,-11.97624953574299,1015.295
1066,16.093,4.7733333333333325,-6.626666666666667,-11.4,6.9978240000000005,-12.087981376736339,1015.3533333333334
1067,16.093,4.391666666666666,-6.7,-11.091666666666669,6.949228000000001,-12.153816605611535,1015.415
1068,16.093,4.35,-6.7,-11.05,6.706248,-12.033947582579422,1015.49
1069,16.093,4.308333333333333,-6.7,-11.008333333333333,6.463268,-11.910373119223625,1015.565
1070,16.093,4.266666666666666,-6.7,-10.966666666666669,6.220288,-11.782832686445769,1015.64
1071,16.093,4.225,-6.7,-10.925,5.977308000000001,-11.651036354290078,1015.715
1072,16.093,4.183333333333333,-6.7,-10.883333333333333,5.7343280000000005,-11.514660119351497,1015.79
1073,16.093,4.141666666666666,-6.7,-10.841666666666669,5.491348,-11.373340255610767,1015.865
1074,16.093,4.1,-6.7,-10.8,5.248368,-11.22666643125701,1015.94
1075,16.093,4.058333333333333,-6.7,-10.758333333333333,5.005388,-11.074173250797434,1016.015
1076,16.093,4.016666666666666,-6.7,-10.716666666666669,4.762408000000001,-10.915329766087856,1016.09
1077,16.093,3.975,-6.7,-10.675,4.519428,-10.74952633688023,1016.165
1078,16.093,3.9333333333333327,-6.7,-10.633333333333333,4.276448,-10.576057987985306,1016.24
1079,16.093,4.001666666666666,-6.69,-10.691666666666666,4.146858666666667,-10.46842001161353,1016.315
1080,16.093,4.51,-6.640000000000001,-11.15,4.470832,-10.644816228363082,1016.39
1081,16.093,5.0183333333333335,-6.59,-11.608333333333334,4.794805333333333,-10.8066758135515,1016.465
1082,16.093,5.526666666666667,-6.54,-12.066666666666666,5.118778666666667,-10.955734471518557,1016.54
1083,16.093,6.035,-6.49,-12.525,5.442752,-11.093424766360435,1016.615
1084,16.093,6.543333333333334,-6.44,-12.983333333333334,5.7667253333333335,-11.220943709167752,1016.69
1085,16.093,7.051666666666668,-6.39,-13.441666666666666,6.0906986666666665,-11.33930237644679,1016.765
1086,16.093,7.56,-6.34,-13.9,6.414672,-11.44936302706727,1016.84
1087,16.093,8.068333333333335,-6.29,-14.358333333333334,6.7386453333333325,-11.55186733239713,1016.915
1088,16.093,8.576666666666668,-6.24,-14.816666666666668,7.062618666666666,-11.647458167448601,1016.99
1089,16.093,9.085,-6.19,-15.275000000000002,7.386591999999999,-11.736696656427101,1017.065
1090,16.093,9.593333333333334,-6.14,-15.733333333333334,7.710565333333333,-11.820075666743643,1017.14
1091,16.093,10.000000000000002,-6.1,-16.1,7.969743999999999,-11.882854344513246,1017.2
1092,16.093,10.000000000000002,-6.1,-16.1,7.969743999999999,-11.882854344513246,1017.2
