idx,VIS_km,TD_SPREAD,TEMP_C,DEWP_C,WND_KT,WIND_CHILL,SLP_hPa
0,16.093,1.1000000000000014,-16.7,-17.8,0.0,0.0,1021.7
1,16.093,1.1000000000000014,-16.7,-17.8,0.0,0.0,1021.7
2,16.093,1.1000000000000014,-16.7,-17.8,0.0,0.0,1021.7
3,16.093,1.1000000000000014,-16.7,-17.8,0.0,0.0,1021.7
4,15.932066666666667,1.1000000000000012,-16.68,-17.78,0.0,0.0,1021.6966666666668
5,15.529733333333333,1.100000000000001,-16.63,-17.73,0.0,0.0,1021.6883333333334
6,15.1274,1.1000000000000008,-16.58,-17.68,0.0,0.0,1021.68
7,14.725066666666669,1.1000000000000003,-16.53,-17.63,0.0,0.0,1021.6716666666669
8,14.322733333333334,1.1,-16.48,-17.580000000000002,0.0,0.0,1021.6633333333334
9,13.9204,1.1,-16.43,-17.53,0.0,0.0,1021.655
10,13.518066666666666,1.0999999999999994,-16.38,-17.48,0.0,0.0,1021.6466666666666
11,13.115733333333337,1.0999999999999992,-16.330000000000002,-17.43,0.0,0.0,1021.6383333333332
12,12.7134,1.099999999999999,-16.28,-17.38,0.0,0.0,1021.63
13,12.311066666666669,1.0999999999999983,-16.23,-17.33,0.0,0.0,1021.6216666666668
14,11.908733333333334,1.0999999999999983,-16.18,-17.28,0.0,0.0,1021.6133333333332
15,11.5064,1.099999999999998,-16.130000000000003,-17.23,0.0,0.0,1021.605
16,11.318666666666669,1.099999999999998,-16.12,-17.22,0.0,0.0,1021.59
17,11.452833333333334,1.0999999999999983,-16.17,-17.27,0.0,0.0,1021.565
18,11.587,1.0999999999999983,-16.220000000000002,-17.32,0.0,0.0,1021.54
19,11.721166666666669,1.099999999999999,-16.27,-17.37,0.0,0.0,1021.515
20,11.855333333333334,1.0999999999999992,-16.32,-17.419999999999998,0.0,0.0,1021.49
21,11.9895,1.0999999999999994,-16.37,-17.47,0.0,0.0,1021.465
22,12.123666666666669,1.1,-16.42,-17.52,0.0,0.0,1021.44
23,12.257833333333334,1.1,-16.47,-17.57,0.0,0.0,1021.415
24,12.392,1.1000000000000003,-16.52,-17.62,0.0,0.0,1021.39
25,12.526166666666668,1.1000000000000008,-16.57,-17.67,0.0,0.0,1021.365
26,12.660333333333334,1.100000000000001,-16.62,-17.72,0.0,0.0,1021.34
27,12.7945,1.1000000000000012,-16.669999999999998,-17.77,0.0,0.0,1021.315
28,12.7677,1.136666666666668,-16.7,-17.836666666666666,0.097192,0.0,1021.3066666666666
29,12.49945,1.2283333333333344,-16.7,-17.928333333333335,0.340172,0.0,1021.3233333333332
30,12.2312,1.320000000000001,-16.7,-18.02,0.583152,0.0,1021.34
31,11.96295,1.4116666666666675,-16.7,-18.111666666666668,0.8261320000000001,0.0,1021.3566666666668
32,11.6947,1.503333333333334,-16.7,-18.203333333333333,1.069112,0.0,1021.3733333333332
33,11.42645,1.5950000000000004,-16.7,-18.295,1.312092,0.0,1021.39
34,11.1582,1.686666666666667,-16.7,-18.386666666666667,1.5550720000000002,0.0,1021.4066666666666
35,10.88995,1.778333333333333,-16.7,-18.47833333333333,1.7980520000000002,0.0,1021.4233333333332
36,10.6217,1.87,-16.7,-18.57,2.0410320000000004,0.0,1021.44
37,10.35345,1.9616666666666664,-16.7,-18.661666666666665,2.284012,0.0,1021.4566666666668
38,10.0852,2.053333333333333,-16.7,-18.75333333333333,2.5269920000000003,0.0,1021.4733333333334
39,9.81695,2.145,-16.7,-18.845,2.769972,-20.630591539466543,1021.49
40,9.656,2.1633333333333327,-16.81,-18.973333333333333,3.0194314666666666,-21.081093055379142,1021.5166666666668
41,9.656,2.0716666666666663,-17.085,-19.156666666666663,3.2786101333333333,-21.712574395114178,1021.5583333333332
42,9.656,1.98,-17.36,-19.34,3.5377888000000004,-22.327350037051314,1021.6
43,9.656,1.8883333333333328,-17.634999999999998,-19.523333333333333,3.796967466666666,-22.927755255573175,1021.6416666666668
44,9.656,1.7966666666666669,-17.91,-19.706666666666667,4.056146133333334,-23.515676193056713,1021.6833333333332
45,9.656,1.7050000000000003,-18.185,-19.89,4.3153248,-24.09265835275268,1021.725
46,9.656,1.6133333333333335,-18.46,-20.07333333333333,4.574503466666667,-24.65998410091672,1021.7666666666668
47,9.656,1.5216666666666674,-18.735,-20.256666666666668,4.833682133333333,-25.21872925248951,1021.8083333333332
48,9.656,1.4300000000000008,-19.01,-20.44,5.0928608,-25.769805183174128,1021.85
49,9.656,1.3383333333333345,-19.285,-20.62333333333333,5.352039466666668,-26.3139907042366,1021.8916666666668
50,9.656,1.246666666666668,-19.56,-20.80666666666667,5.611218133333334,-26.851956554433684,1021.9333333333332
51,9.656,1.1550000000000014,-19.835,-20.99,5.8703968,-27.38428447453932,1021.975
52,9.870566666666669,1.136666666666668,-19.906666666666663,-21.043333333333333,6.123096,-27.66138034462606,1022.0166666666668
53,10.406983333333336,1.2283333333333344,-19.67333333333333,-20.901666666666667,6.3660760000000005,-27.556508262461932,1022.0583333333332
54,10.9434,1.320000000000001,-19.44,-20.76,6.609056000000001,-27.444384886287008,1022.1
55,11.479816666666668,1.4116666666666675,-19.206666666666667,-20.61833333333333,6.852036,-27.325458780212315,1022.1416666666668
56,12.016233333333334,1.503333333333334,-18.973333333333333,-20.476666666666667,7.095016,-27.200134994395576,1022.1833333333332
57,12.55265,1.5950000000000004,-18.74,-20.335,7.337996,-27.068780646140375,1022.225
58,13.089066666666668,1.686666666666667,-18.506666666666668,-20.19333333333333,7.580976,-26.931729624116663,1022.2666666666668
59,13.625483333333332,1.778333333333333,-18.273333333333333,-20.051666666666662,7.823956,-26.789286577058622,1022.3083333333332
60,14.1619,1.87,-18.04,-19.91,8.066936,-26.641730314541242,1022.35
61,14.698316666666669,1.9616666666666664,-17.806666666666665,-19.76833333333333,8.309916,-26.48931672154145,1022.3916666666668
62,15.234733333333336,2.053333333333333,-17.573333333333334,-19.626666666666665,8.552896,-26.33228126844905,1022.4333333333332
63,15.77115,2.145,-17.34,-19.485,8.795876,-26.17084118255552,1022.475
64,16.093,2.216666666666666,-17.183333333333334,-19.4,8.941664,-26.05123396872817,1022.5066666666668
65,16.093,2.2583333333333324,-17.141666666666666,-19.4,8.941664,-25.99945114258195,1022.5233333333332
66,16.093,2.2999999999999994,-17.099999999999998,-19.4,8.941664,-25.94766831643573,1022.54
67,16.093,2.341666666666666,-17.058333333333334,-19.4,8.941664,-25.895885490289515,1022.5566666666668
68,16.093,2.3833333333333324,-17.016666666666666,-19.4,8.941664,-25.844102664143296,1022.5733333333334
69,16.093,2.4249999999999994,-16.974999999999998,-19.4,8.941664,-25.792319837997077,1022.59
70,16.093,2.466666666666666,-16.933333333333334,-19.4,8.941664,-25.74053701185086,1022.6066666666668
71,16.093,2.508333333333333,-16.891666666666666,-19.4,8.941664,-25.68875418570464,1022.6233333333332
72,16.093,2.5499999999999994,-16.849999999999998,-19.4,8.941664,-25.636971359558423,1022.64
73,16.093,2.591666666666666,-16.808333333333334,-19.4,8.941664,-25.585188533412207,1022.6566666666668
74,16.093,2.6333333333333324,-16.766666666666666,-19.4,8.941664,-25.533405707265985,1022.6733333333334
75,16.093,2.6749999999999994,-16.724999999999998,-19.4,8.941664,-25.48162288111977,1022.69
76,16.093,2.7033333333333327,-16.736666666666665,-19.44,8.941664,-25.496122072440706,1022.73
77,16.093,2.711666666666666,-16.828333333333333,-19.54,8.941664,-25.61004428996239,1022.805
78,16.093,2.72,-16.919999999999998,-19.64,8.941664,-25.723966507484068,1022.88
79,16.093,2.728333333333333,-17.011666666666667,-19.74,8.941664,-25.83788872500575,1022.955
80,16.093,2.7366666666666664,-17.10333333333333,-19.84,8.941664,-25.95181094252743,1023.03
81,16.093,2.745,-17.195,-19.94,8.941664,-26.065733160049113,1023.105
82,16.093,2.7533333333333334,-17.286666666666665,-20.04,8.941664,-26.17965537757079,1023.18
83,16.093,2.7616666666666667,-17.378333333333334,-20.14,8.941664,-26.293577595092472,1023.255
84,16.093,2.7700000000000005,-17.47,-20.24,8.941664,-26.407499812614148,1023.33
85,16.093,2.7783333333333338,-17.561666666666667,-20.34,8.941664,-26.52142203013583,1023.405
86,16.093,2.786666666666667,-17.653333333333332,-20.44,8.941664,-26.635344247657507,1023.48
87,16.093,2.795000000000001,-17.745,-20.540000000000003,8.941664,-26.74926646517919,1023.555
88,16.093,2.8000000000000007,-17.8,-20.6,8.941664,-26.8176197956922,1023.6166666666668
89,16.093,2.8000000000000007,-17.8,-20.6,8.941664,-26.8176197956922,1023.6583333333332
90,16.093,2.8000000000000007,-17.8,-20.6,8.941664,-26.8176197956922,1023.7
91,16.093,2.8000000000000007,-17.8,-20.6,8.941664,-26.8176197956922,1023.7416666666668
92,16.093,2.8000000000000007,-17.8,-20.6,8.941664,-26.8176197956922,1023.7833333333332
93,16.093,2.8000000000000007,-17.8,-20.6,8.941664,-26.8176197956922,1023.825
94,16.093,2.8000000000000007,-17.8,-20.6,8.941664,-26.8176197956922,1023.8666666666668
95,16.093,2.8000000000000007,-17.8,-20.6,8.941664,-26.8176197956922,1023.9083333333332
96,16.093,2.8000000000000007,-17.8,-20.6,8.941664,-26.8176197956922,1023.95
97,16.093,2.8000000000000007,-17.8,-20.6,8.941664,-26.8176197956922,1023.9916666666666
98,16.093,2.8000000000000007,-17.8,-20.6,8.941664,-26.8176197956922,1024.0333333333333
99,16.093,2.8000000000000007,-17.8,-20.6,8.941664,-26.8176197956922,1024.0749999999998
100,16.093,2.816666666666668,-17.8,-20.616666666666667,8.974061333333333,-26.83433346357308,1024.0866666666666
101,16.093,2.858333333333334,-17.8,-20.65833333333333,9.055054666666669,-26.87589695644653,1024.0533333333333
102,16.093,2.900000000000001,-17.8,-20.700000000000003,9.136048,-26.91714932983151,1024.02
103,16.093,2.941666666666668,-17.8,-20.741666666666667,9.217041333333333,-26.95809564000977,1023.9866666666666
104,16.093,2.983333333333334,-17.8,-20.78333333333333,9.298034666666666,-26.998740817538547,1023.9533333333331
105,16.093,3.025000000000001,-17.8,-20.825000000000003,9.379028,-27.03908967144082,1023.92
106,16.093,3.066666666666668,-17.8,-20.866666666666667,9.460021333333334,-27.079146893220994,1023.8866666666668
107,16.093,3.1083333333333343,-17.8,-20.90833333333333,9.541014666666667,-27.118917060714878,1023.8533333333334
108,16.093,3.150000000000001,-17.8,-20.950000000000003,9.622008,-27.158404641781907,1023.82
109,16.093,3.191666666666668,-17.8,-20.991666666666667,9.703001333333331,-27.197613997847583,1023.7866666666666
110,16.093,3.233333333333334,-17.8,-21.03333333333333,9.783994666666668,-27.236549387303203,1023.7533333333332
111,16.093,3.275000000000001,-17.8,-21.075000000000003,9.864988,-27.275214968769898,1023.72
112,15.8248,3.3000000000000007,-17.8,-21.1,9.848789333333334,-27.267503240773447,1023.68
113,15.1543,3.3000000000000007,-17.8,-21.1,9.686802666666669,-27.189794178774793,1023.63
114,14.4838,3.3000000000000007,-17.8,-21.1,9.524816,-27.11098577554709,1023.58
115,13.8133,3.3000000000000007,-17.8,-21.1,9.362829333333334,-27.03104337969753,1023.53
116,13.1428,3.3000000000000007,-17.8,-21.1,9.200842666666668,-26.949930624587793,1023.48
117,12.4723,3.3000000000000007,-17.8,-21.1,9.038856,-26.867609311493318,1023.43
118,11.8018,3.3000000000000007,-17.8,-21.1,8.876869333333334,-26.78403928254931,1023.38
119,11.1313,3.3000000000000007,-17.8,-21.1,8.714882666666666,-26.699178282386473,1023.33
120,10.4608,3.3000000000000007,-17.8,-21.1,8.552896,-26.61298180721881,1023.28
121,9.7903,3.3000000000000007,-17.8,-21.1,8.390909333333333,-26.52540293998406,1023.23
122,9.1198,3.3000000000000007,-17.8,-21.1,8.228922666666666,-26.436392169951255,1023.18
123,8.449300000000001,3.3000000000000007,-17.8,-21.1,8.066936,-26.34589719499428,1023.13
124,7.9397,3.3000000000000007,-17.8,-21.1,7.937346666666666,-26.272395525803184,1023.11
125,7.67145,3.3000000000000007,-17.8,-21.1,7.856353333333333,-26.225943486752058,1023.135
126,7.403200000000001,3.3000000000000007,-17.8,-21.1,7.77536,-26.17908742560865,1023.16
127,7.134950000000001,3.3000000000000007,-17.8,-21.1,7.694366666666666,-26.131819564356874,1023.185
128,6.866700000000001,3.3000000000000007,-17.8,-21.1,7.613373333333333,-26.08413189141676,1023.21
129,6.598450000000001,3.3000000000000007,-17.8,-21.1,7.53238,-26.036016152059865,1023.235
130,6.3302000000000005,3.3000000000000007,-17.8,-21.1,7.451386666666667,-25.98746383832345,1023.26
131,6.06195,3.3000000000000007,-17.8,-21.1,7.370393333333333,-25.93846617839167,1023.285
132,5.7937,3.3000000000000007,-17.8,-21.1,7.2894,-25.889014125409318,1023.31
133,5.52545,3.3000000000000007,-17.8,-21.1,7.208406666666667,-25.83909834569109,1023.335
134,5.257200000000001,3.3000000000000007,-17.8,-21.1,7.127413333333334,-25.78870920628662,1023.36
135,4.988950000000001,3.3000000000000007,-17.8,-21.1,7.04642,-25.737836761858176,1023.385
136,5.2035,3.3000000000000007,-17.8,-21.1,6.9978240000000005,-25.707077049816437,1023.41
137,6.142250000000001,3.3000000000000007,-17.8,-21.1,6.9978240000000005,-25.707077049816437,1023.435
138,7.081,3.3000000000000007,-17.8,-21.1,6.9978240000000005,-25.707077049816437,1023.46
139,8.01975,3.3000000000000007,-17.8,-21.1,6.9978240000000005,-25.707077049816437,1023.485
140,8.9585,3.3000000000000007,-17.8,-21.1,6.9978240000000005,-25.707077049816437,1023.51
141,9.89725,3.3000000000000007,-17.8,-21.1,6.9978240000000005,-25.707077049816437,1023.535
142,10.836000000000002,3.3000000000000007,-17.8,-21.1,6.9978240000000005,-25.707077049816437,1023.56
143,11.77475,3.3000000000000007,-17.8,-21.1,6.9978240000000005,-25.707077049816437,1023.585
144,12.7135,3.3000000000000007,-17.8,-21.1,6.9978240000000005,-25.707077049816437,1023.61
145,13.652250000000002,3.3000000000000007,-17.8,-21.1,6.9978240000000005,-25.707077049816437,1023.635
146,14.591,3.3000000000000007,-17.8,-21.1,6.9978240000000005,-25.707077049816437,1023.66
147,15.52975,3.3000000000000007,-17.8,-21.1,6.9978240000000005,-25.707077049816437,1023.685
148,16.093,3.283333333333334,-17.836666666666666,-21.12,6.900632000000001,-25.6896592026688,1023.7066666666668
149,16.093,3.241666666666668,-17.928333333333335,-21.17,6.657652000000001,-25.64240259233884,1023.7233333333334
150,16.093,3.2000000000000006,-18.02,-21.22,6.414672,-25.58956394467647,1023.74
151,16.093,3.158333333333334,-18.111666666666668,-21.27,6.171692,-25.530762159893158,1023.7566666666668
152,16.093,3.116666666666668,-18.203333333333333,-21.32,5.928712,-25.465573270758643,1023.7733333333332
153,16.093,3.0750000000000006,-18.295,-21.37,5.685732,-25.393523610140768,1023.79
154,16.093,3.033333333333334,-18.386666666666667,-21.42,5.4427520000000005,-25.314081542719606,1023.8066666666668
155,16.093,2.991666666666667,-18.47833333333333,-21.47,5.199772,-25.22664737972677,1023.8233333333334
156,16.093,2.9500000000000006,-18.57,-21.52,4.956792,-25.130540971297457,1023.84
157,16.093,2.908333333333334,-18.661666666666665,-21.57,4.713812,-25.024986297967203,1023.8566666666668
158,16.093,2.866666666666668,-18.75333333333333,-21.62,4.470832,-24.90909213824085,1023.8733333333332
159,16.093,2.8250000000000006,-18.845,-21.67,4.227852,-24.781827537776635,1023.89
160,16.093,2.8000000000000007,-18.916666666666664,-21.716666666666665,4.114461333333333,-24.752021854770458,1023.9033333333332
161,16.093,2.8000000000000007,-18.95833333333333,-21.758333333333333,4.1954546666666666,-24.88243372743517,1023.9116666666666
162,16.093,2.8000000000000007,-19.0,-21.8,4.276448,-25.011673766954825,1023.92
163,16.093,2.8000000000000007,-19.041666666666664,-21.841666666666665,4.357441333333333,-25.13978402364878,1023.9283333333332
164,16.093,2.8000000000000007,-19.08333333333333,-21.883333333333333,4.438434666666667,-25.26680432124889,1023.9366666666666
165,16.093,2.8000000000000007,-19.125,-21.925,4.519428,-25.39277241255241,1023.945
166,16.093,2.8000000000000007,-19.166666666666664,-21.966666666666665,4.600421333333333,-25.517724121632114,1023.9533333333334
167,16.093,2.8000000000000007,-19.20833333333333,-22.008333333333333,4.681414666666667,-25.641693473978776,1023.9616666666668
168,16.093,2.8000000000000007,-19.25,-22.05,4.762408,-25.764712815789004,1023.97
169,16.093,2.8000000000000007,-19.291666666666664,-22.091666666666665,4.843401333333333,-25.886812923471354,1023.9783333333334
170,16.093,2.8000000000000007,-19.33333333333333,-22.133333333333333,4.924394666666666,-26.00802310432148,1023.9866666666668
171,16.093,2.8000000000000007,-19.375,-22.175,5.005388,-26.128371289210623,1023.995
172,16.093,2.8000000000000007,-19.456666666666667,-22.256666666666668,5.086381333333333,-26.295450677150022,1024.003333333333
173,16.093,2.8000000000000003,-19.598333333333333,-22.398333333333333,5.167374666666666,-26.53327111330266,1024.0116666666668
174,16.093,2.8,-19.74,-22.54,5.248368,-26.770588739273876,1024.02
175,16.093,2.8,-19.881666666666668,-22.681666666666665,5.329361333333333,-27.007421314455957,1024.0283333333332
176,16.093,2.7999999999999994,-20.023333333333333,-22.82333333333333,5.410354666666667,-27.243785791190433,1024.0366666666666
177,16.093,2.799999999999999,-20.165,-22.965,5.491348,-27.47969836211759,1024.045
178,16.093,2.799999999999999,-20.30666666666667,-23.106666666666666,5.572341333333334,-27.715174504114543,1024.0533333333333
179,16.093,2.7999999999999985,-20.44833333333333,-23.24833333333333,5.653334666666667,-27.950229019112655,1024.0616666666665
180,16.093,2.799999999999998,-20.59,-23.39,5.7343280000000005,-28.18487607205652,1024.07
181,16.093,2.799999999999998,-20.73166666666667,-23.531666666666663,5.815321333333333,-28.419129226241182,1024.0783333333334
182,16.093,2.7999999999999976,-20.87333333333333,-23.67333333333333,5.896314666666667,-28.65300147624209,1024.0866666666666
183,16.093,2.799999999999997,-21.015,-23.815,5.977308000000001,-28.886505278631716,1024.0949999999998
184,16.093,2.779999999999997,-21.1,-23.88,5.993506666666668,-29.001404675765762,1024.1033333333332
185,16.093,2.7299999999999973,-21.1,-23.83,5.912513333333334,-28.938326251797065,1024.111666666667
186,16.093,2.679999999999997,-21.1,-23.78,5.83152,-28.87451776920284,1024.12
187,16.093,2.6299999999999977,-21.1,-23.73,5.750526666666668,-28.809960460464985,1024.128333333333
188,16.093,2.579999999999998,-21.1,-23.68,5.669533333333334,-28.744634802842302,1024.1366666666663
189,16.093,2.529999999999998,-21.1,-23.63,5.58854,-28.678520476687115,1024.145
190,16.093,2.479999999999998,-21.1,-23.58,5.507546666666666,-28.61159632081978,1024.1533333333334
191,16.093,2.4299999999999984,-21.1,-23.53,5.426553333333334,-28.543840284706754,1024.1616666666666
192,16.093,2.3799999999999986,-21.1,-23.48,5.34556,-28.475229377161888,1024.17
193,16.093,2.3299999999999987,-21.1,-23.43,5.264566666666667,-28.405739611261197,1024.1783333333333
194,16.093,2.279999999999999,-21.1,-23.38,5.183573333333333,-28.335345945128708,1024.1866666666667
195,16.093,2.229999999999999,-21.1,-23.33,5.10258,-28.264022218214066,1024.195
196,16.093,2.1833333333333327,-21.1,-23.28333333333333,5.086381333333333,-28.24964348063594,1024.19
197,16.093,2.141666666666666,-21.1,-23.241666666666667,5.167374666666666,-28.321156462190352,1024.165
198,16.093,2.099999999999999,-21.1,-23.2,5.248368,-28.39173401066214,1024.14
199,16.093,2.0583333333333327,-21.1,-23.15833333333333,5.329361333333333,-28.461402518409063,1024.115
200,16.093,2.016666666666666,-21.1,-23.116666666666667,5.410354666666667,-28.530187245792785,1024.09
201,16.093,1.9749999999999992,-21.1,-23.075,5.491348,-28.598112385852005,1024.065
202,16.093,1.933333333333333,-21.1,-23.03333333333333,5.572341333333334,-28.66520112438665,1024.04
203,16.093,1.891666666666666,-21.1,-22.991666666666667,5.653334666666667,-28.731475695840363,1024.015
204,16.093,1.8499999999999992,-21.1,-22.95,5.7343280000000005,-28.79695743533079,1023.99
205,16.093,1.808333333333333,-21.1,-22.90833333333333,5.815321333333333,-28.861666827143473,1023.965
206,16.093,1.766666666666666,-21.1,-22.866666666666667,5.896314666666667,-28.925623549975562,1023.94
207,16.093,1.7249999999999992,-21.1,-22.825,5.977308000000001,-28.988846519188407,1023.915
208,15.771133333333331,1.736666666666666,-21.026666666666667,-22.76333333333333,5.961109333333334,-28.887983882420386,1023.8733333333332
209,14.966466666666667,1.8283333333333327,-20.843333333333334,-22.671666666666667,5.799122666666667,-28.540477583325035,1023.8066666666666
210,14.1618,1.92,-20.66,-22.58,5.637136000000001,-28.190910117759763,1023.74
211,13.357133333333334,2.0116666666666663,-20.476666666666667,-22.488333333333333,5.475149333333333,-27.83915492412408,1023.6733333333332
212,12.552466666666668,2.103333333333333,-20.293333333333333,-22.39666666666667,5.313162666666667,-27.485074260887234,1023.6066666666668
213,11.747800000000002,2.195,-20.11,-22.305,5.151176,-27.12851785694811,1023.54
214,10.943133333333334,2.286666666666666,-19.926666666666662,-22.21333333333333,4.989189333333334,-26.769321351612536,1023.4733333333334
215,10.138466666666668,2.3783333333333334,-19.74333333333333,-22.121666666666663,4.8272026666666665,-26.407304483453082,1023.4066666666666
216,9.3338,2.47,-19.56,-22.03,4.665216,-26.042268977780804,1023.34
217,8.529133333333334,2.561666666666667,-19.376666666666665,-21.938333333333333,4.5032293333333335,-25.67399607027817,1023.2733333333332
218,7.724466666666668,2.6533333333333338,-19.19333333333333,-21.846666666666668,4.341242666666667,-25.30224358865838,1023.2066666666668
219,6.919800000000002,2.745000000000001,-19.01,-21.755,4.1792560000000005,-24.92674249385145,1023.14
220,6.758866666666667,2.8000000000000007,-18.9,-21.7,4.146858666666667,-24.76529949264532,1023.0966666666668
221,7.563533333333334,2.8000000000000007,-18.9,-21.7,4.308845333333333,-24.926050149087146,1023.0883333333334
222,8.3682,2.8000000000000007,-18.9,-21.7,4.470832,-25.08180213825038,1023.08
223,9.172866666666666,2.8000000000000007,-18.9,-21.7,4.632818666666667,-25.232883828344796,1023.0716666666668
224,9.977533333333334,2.8000000000000007,-18.9,-21.7,4.794805333333334,-25.3795914373816,1023.0633333333334
225,10.7822,2.8000000000000007,-18.9,-21.7,4.956792,-25.52219314794447,1023.055
226,11.586866666666666,2.8000000000000007,-18.9,-21.7,5.118778666666667,-25.660932579529582,1023.0466666666666
227,12.391533333333332,2.8000000000000007,-18.9,-21.7,5.280765333333333,-25.796031735708493,1023.0383333333332
228,13.1962,2.8000000000000007,-18.9,-21.7,5.4427520000000005,-25.927693519060128,1023.03
229,14.000866666666669,2.8000000000000007,-18.9,-21.7,5.604738666666667,-26.056103888116795,1023.0216666666666
230,14.805533333333331,2.8000000000000007,-18.9,-21.7,5.7667253333333335,-26.18143371605794,1023.0133333333332
231,15.6102,2.8000000000000007,-18.9,-21.7,5.928712000000001,-26.30384039953473,1023.005
232,15.985733333333334,2.816666666666668,-18.9,-21.716666666666665,6.025904000000001,-26.375942217565346,1023.0066666666668
233,15.717566666666666,2.858333333333334,-18.9,-21.758333333333333,6.025904000000001,-26.375942217565346,1023.0233333333332
234,15.4494,2.900000000000001,-18.9,-21.8,6.025904000000001,-26.375942217565346,1023.04
235,15.181233333333331,2.941666666666668,-18.9,-21.841666666666665,6.025904000000001,-26.375942217565346,1023.0566666666668
236,14.913066666666667,2.983333333333334,-18.9,-21.883333333333333,6.025904000000001,-26.375942217565346,1023.0733333333334
237,14.6449,3.025000000000001,-18.9,-21.925,6.025904000000001,-26.375942217565346,1023.09
238,14.376733333333334,3.066666666666668,-18.9,-21.966666666666665,6.025904000000001,-26.375942217565346,1023.1066666666668
239,14.108566666666666,3.1083333333333343,-18.9,-22.008333333333333,6.025904000000001,-26.375942217565346,1023.1233333333332
240,13.8404,3.150000000000001,-18.9,-22.05,6.025904000000001,-26.375942217565346,1023.14
241,13.572233333333331,3.191666666666668,-18.9,-22.091666666666665,6.025904000000001,-26.375942217565346,1023.1566666666668
242,13.304066666666667,3.233333333333334,-18.9,-22.133333333333333,6.025904000000001,-26.375942217565346,1023.1733333333334
243,13.0359,3.275000000000001,-18.9,-22.175,6.025904000000001,-26.375942217565346,1023.19
244,12.982266666666666,3.3000000000000007,-18.863333333333333,-22.16333333333333,6.323959466666667,-26.546782669239974,1023.2166666666668
245,13.250433333333334,3.3000000000000007,-18.771666666666665,-22.071666666666665,7.069098133333334,-26.937429789665927,1023.2583333333332
246,13.5186,3.3000000000000007,-18.68,-21.98,7.814236800000001,-27.283619034594125,1023.3
247,13.786766666666669,3.3000000000000007,-18.58833333333333,-21.88833333333333,8.559375466666667,-27.59277477772583,1023.3416666666668
248,14.054933333333333,3.3000000000000007,-18.496666666666663,-21.796666666666667,9.304514133333337,-27.87055194490729,1023.3833333333332
249,14.3231,3.3000000000000007,-18.405,-21.705,10.0496528,-28.12136325395472,1023.425
250,14.591266666666666,3.3000000000000007,-18.313333333333333,-21.613333333333333,10.794791466666666,-28.348722495437613,1023.4666666666668
251,14.859433333333332,3.3000000000000007,-18.221666666666668,-21.52166666666667,11.539930133333334,-28.555476145633527,1023.5083333333332
252,15.1276,3.3000000000000007,-18.13,-21.43,12.2850688,-28.74396441077235,1023.55
253,15.395766666666669,3.3000000000000007,-18.03833333333333,-21.33833333333333,13.030207466666669,-28.916136126827453,1023.5916666666668
254,15.663933333333333,3.3000000000000007,-17.946666666666665,-21.246666666666663,13.775346133333333,-29.07363258748883,1023.6333333333332
255,15.9321,3.3000000000000007,-17.855,-21.155,14.5204848,-29.217849909341876,1023.675
256,15.932066666666667,3.3400000000000007,-17.853333333333335,-21.19333333333333,15.168431466666666,-29.434668000150584,1023.7466666666668
257,15.529733333333333,3.4400000000000004,-17.986666666666668,-21.42666666666667,15.670590133333333,-29.772516159517068,1023.8633333333332
258,15.1274,3.5400000000000005,-18.12,-21.66,16.1727488,-30.106915016585333,1023.98
259,14.725066666666669,3.640000000000001,-18.25333333333333,-21.89333333333333,16.674907466666667,-30.438075458357865,1024.0966666666666
260,14.322733333333334,3.74,-18.386666666666667,-22.12666666666667,17.177066133333334,-30.766190147120724,1024.2133333333334
261,13.9204,3.84,-18.52,-22.36,17.6792248,-31.09143556404277,1024.33
262,13.518066666666666,3.94,-18.65333333333333,-22.593333333333334,18.181383466666663,-31.413973773280652,1024.4466666666667
263,13.115733333333337,4.04,-18.786666666666665,-22.826666666666668,18.683542133333333,-31.733953951359812,1024.5633333333333
264,12.7134,4.140000000000001,-18.92,-23.06,19.1857008,-32.051513718434784,1024.6799999999998
265,12.311066666666669,4.24,-19.05333333333333,-23.293333333333333,19.687859466666666,-32.36678030152777,1024.7966666666666
266,11.908733333333334,4.34,-19.186666666666667,-23.526666666666667,20.19001813333333,-32.67987155462994,1024.9133333333332
267,11.5064,4.44,-19.32,-23.76,20.6921768,-32.99089685634524,1025.03
268,11.425933333333331,4.48,-19.476666666666667,-23.956666666666667,20.86388266666667,-33.244854165555836,1025.1466666666663
269,11.828266666666668,4.430000000000001,-19.668333333333333,-24.098333333333333,20.53990933333333,-33.414324242907156,1025.263333333333
270,12.2306,4.380000000000001,-19.86,-24.24,20.215936,-33.58196035399112,1025.38
271,12.632933333333334,4.330000000000001,-20.051666666666662,-24.381666666666668,19.891962666666668,-33.74771451868737,1025.496666666667
272,13.035266666666669,4.280000000000001,-20.24333333333333,-24.523333333333333,19.567989333333333,-33.91153661121802,1025.6133333333332
273,13.4376,4.230000000000001,-20.435,-24.665,19.244016,-34.07337422549711,1025.73
274,13.839933333333336,4.1800000000000015,-20.626666666666665,-24.80666666666667,18.920042666666667,-34.233172529560434,1025.8466666666666
275,14.242266666666666,4.130000000000002,-20.81833333333333,-24.94833333333333,18.59606933333333,-34.39087410798433,1025.9633333333334
276,14.6446,4.080000000000002,-21.01,-25.09,18.272096,-34.54641879107191,1026.08
277,15.046933333333332,4.030000000000002,-21.201666666666664,-25.23166666666667,17.948122666666666,-34.699743469436314,1026.1966666666667
278,15.449266666666666,3.9800000000000018,-21.39333333333333,-25.37333333333333,17.624149333333335,-34.85078189244178,1026.3133333333333
279,15.8516,3.930000000000002,-21.585,-25.515,17.300176,-34.999464448768215,1026.43
280,16.093,3.900000000000002,-21.736666666666665,-25.636666666666667,17.002120533333333,-35.1017938347936,1026.55
281,16.093,3.9000000000000017,-21.828333333333333,-25.72833333333333,16.74294186666667,-35.1365166871508,1026.675
282,16.093,3.900000000000001,-21.92,-25.82,16.483763200000002,-35.16981028277928,1026.8
283,16.093,3.900000000000001,-22.011666666666667,-25.91166666666667,16.224584533333335,-35.201635876779655,1026.925
284,16.093,3.900000000000001,-22.10333333333333,-26.00333333333333,15.965405866666668,-35.2319529934027,1027.05
285,16.093,3.9,-22.195,-26.095,15.7062272,-35.26071931856989,1027.175
286,16.093,3.9,-22.286666666666665,-26.186666666666667,15.447048533333334,-35.28789058380382,1027.3
287,16.093,3.9,-22.37833333333333,-26.27833333333333,15.187869866666668,-35.31342044072445,1027.425
288,16.093,3.9,-22.47,-26.37,14.9286912,-35.33726032516765,1027.55
289,16.093,3.9,-22.561666666666667,-26.461666666666662,14.669512533333334,-35.35935930987057,1027.675
290,16.093,3.899999999999999,-22.65333333333333,-26.55333333333333,14.410333866666669,-35.37966394453975,1027.8
291,16.093,3.899999999999999,-22.745,-26.645,14.151155200000002,-35.39811808197171,1027.925
292,16.093,3.916666666666665,-22.836666666666662,-26.75333333333333,14.060442666666669,-35.48095890967215,1028.03
293,16.093,3.958333333333332,-22.92833333333333,-26.886666666666667,14.222429333333334,-35.662391155360865,1028.105
294,16.093,3.999999999999999,-23.02,-27.02,14.384416,-35.843444885269214,1028.18
295,16.093,4.041666666666666,-23.111666666666668,-27.15333333333333,14.546402666666667,-36.02412935241704,1028.255
296,16.093,4.083333333333333,-23.203333333333333,-27.286666666666665,14.708389333333333,-36.204453505069154,1028.33
297,16.093,4.125,-23.295,-27.42,14.870376,-36.38442599983678,1028.405
298,16.093,4.166666666666667,-23.386666666666667,-27.55333333333333,15.032362666666666,-36.564055214082956,1028.48
299,16.093,4.208333333333334,-23.47833333333333,-27.686666666666667,15.194349333333331,-36.743349257675916,1028.555
300,16.093,4.250000000000001,-23.57,-27.82,15.356336,-36.92231598413106,1028.63
301,16.093,4.291666666666668,-23.661666666666665,-27.953333333333333,15.518322666666666,-37.100963001179466,1028.7050000000002
302,16.093,4.333333333333335,-23.75333333333333,-28.086666666666662,15.680309333333332,-37.279297680798,1028.78
303,16.093,4.375000000000002,-23.845,-28.22,15.842296,-37.457327168733514,1028.855
304,16.093,4.400000000000002,-23.936666666666664,-28.336666666666662,15.809898666666664,-37.56497680224129,1028.92
305,16.093,4.400000000000002,-24.02833333333333,-28.42833333333333,15.485925333333332,-37.56570228559858,1028.97
306,16.093,4.400000000000001,-24.12,-28.52,15.161952,-37.563908009933094,1029.02
307,16.093,4.400000000000001,-24.211666666666662,-28.611666666666668,14.837978666666666,-37.559499251440776,1029.0700000000002
308,16.093,4.400000000000001,-24.30333333333333,-28.703333333333333,14.514005333333332,-37.55237545448641,1029.12
309,16.093,4.4,-24.395,-28.795,14.190032,-37.54242973092143,1029.17
310,16.093,4.4,-24.486666666666665,-28.886666666666667,13.866058666666667,-37.52954830378788,1029.22
311,16.093,4.4,-24.578333333333333,-28.97833333333333,13.542085333333333,-37.51360988776642,1029.27
312,16.093,4.4,-24.67,-29.07,13.218112,-37.49448499746485,1029.32
313,16.093,4.4,-24.761666666666667,-29.161666666666665,12.894138666666668,-37.47203517313858,1029.37
314,16.093,4.4,-24.85333333333333,-29.25333333333333,12.570165333333334,-37.446112111629276,1029.42
315,16.093,4.399999999999999,-24.945,-29.345,12.246192,-37.416556688135,1029.47
316,16.093,4.399999999999999,-25.02,-29.42,11.9157392,-37.35895869487629,1029.5166666666669
317,16.093,4.399999999999999,-25.07,-29.47,11.575567200000002,-37.26091567528813,1029.5583333333334
318,16.093,4.399999999999999,-25.12,-29.52,11.2353952,-37.15852747322978,1029.6
319,16.093,4.399999999999999,-25.17,-29.57,10.8952232,-37.051554327540416,1029.6416666666669
320,16.093,4.399999999999999,-25.22,-29.62,10.5550512,-36.939735072950384,1029.6833333333334
321,16.093,4.399999999999999,-25.27,-29.67,10.2148792,-36.82278446234028,1029.725
322,16.093,4.399999999999999,-25.32,-29.72,9.8747072,-36.70039005186156,1029.7666666666669
323,16.093,4.399999999999999,-25.37,-29.77,9.5345352,-36.57220855973112,1029.8083333333334
324,16.093,4.399999999999999,-25.42,-29.82,9.1943632,-36.43786158741676,1029.85
325,16.093,4.399999999999999,-25.47,-29.87,8.854191199999999,-36.29693056332115,1029.8916666666669
326,16.093,4.399999999999999,-25.52,-29.92,8.5140192,-36.14895073170098,1029.9333333333334
327,16.093,4.399999999999999,-25.57,-29.97,8.173847199999999,-35.993403960272886,1029.975
328,16.093,4.383333333333332,-25.653333333333336,-30.036666666666665,7.969743999999999,-35.961882835680186,1030.02
329,16.093,4.341666666666666,-25.78666666666667,-30.12833333333333,7.969743999999999,-36.126076688330485,1030.07
330,16.093,4.299999999999999,-25.92,-30.22,7.969743999999999,-36.290270540980785,1030.12
331,16.093,4.258333333333333,-26.05333333333333,-30.311666666666667,7.969743999999999,-36.454464393631085,1030.17
332,16.093,4.216666666666667,-26.186666666666667,-30.40333333333333,7.969743999999999,-36.61865824628139,1030.22
333,16.093,4.175,-26.32,-30.495,7.969743999999999,-36.7828520989317,1030.27
334,16.093,4.133333333333334,-26.453333333333333,-30.586666666666662,7.969743999999999,-36.947045951582,1030.32
335,16.093,4.091666666666668,-26.586666666666662,-30.67833333333333,7.969743999999999,-37.1112398042323,1030.37
336,16.093,4.050000000000001,-26.72,-30.77,7.969743999999999,-37.2754336568826,1030.4199999999998
337,16.093,4.008333333333335,-26.85333333333333,-30.861666666666668,7.969743999999999,-37.43962750953291,1030.47
338,16.093,3.966666666666669,-26.986666666666665,-30.953333333333333,7.969743999999999,-37.60382136218321,1030.52
339,16.093,3.925000000000002,-27.12,-31.045,7.969743999999999,-37.76801521483351,1030.57
340,16.093,3.900000000000002,-27.183333333333334,-31.083333333333336,8.034538666666666,-37.89017744183688,1030.6066666666666
341,16.093,3.900000000000002,-27.141666666666666,-31.041666666666668,8.196525333333334,-37.947882752637014,1030.6233333333332
342,16.093,3.900000000000002,-27.1,-31.0,8.358512,-38.00363108022226,1030.64
343,16.093,3.900000000000002,-27.058333333333334,-30.958333333333336,8.520498666666667,-38.05748986657079,1030.6566666666663
344,16.093,3.900000000000002,-27.016666666666666,-30.916666666666668,8.682485333333332,-38.10952296895874,1030.6733333333332
345,16.093,3.900000000000002,-26.975,-30.875,8.844472,-38.15979091385619,1030.6899999999998
346,16.093,3.900000000000002,-26.933333333333334,-30.833333333333336,9.006458666666667,-38.20835112853385,1030.7066666666667
347,16.093,3.900000000000002,-26.891666666666666,-30.791666666666668,9.168445333333333,-38.2552581527012,1030.7233333333334
348,16.093,3.900000000000002,-26.85,-30.75,9.330432,-38.300563832218664,1030.74
349,16.093,3.900000000000002,-26.808333333333334,-30.708333333333336,9.492418666666666,-38.344317496685534,1030.756666666667
350,16.093,3.900000000000002,-26.766666666666666,-30.666666666666668,9.654405333333331,-38.38656612249742,1030.7733333333333
351,16.093,3.900000000000002,-26.725,-30.625,9.816392,-38.42735448278464,1030.79
352,16.093,3.9166666666666687,-26.7,-30.616666666666667,9.881186666666666,-38.43283059067848,1030.8066666666666
353,16.093,3.9583333333333353,-26.7,-30.65833333333333,9.800193333333333,-38.386824375501746,1030.8233333333333
354,16.093,4.000000000000002,-26.7,-30.700000000000003,9.7192,-38.34049766196806,1030.84
355,16.093,4.041666666666669,-26.7,-30.741666666666667,9.638206666666669,-38.29384551841483,1030.8566666666666
356,16.093,4.083333333333336,-26.7,-30.78333333333333,9.557213333333332,-38.24686289506268,1030.8733333333332
357,16.093,4.125000000000002,-26.7,-30.825000000000003,9.47622,-38.199544620157795,1030.89
358,16.093,4.166666666666669,-26.7,-30.866666666666667,9.395226666666666,-38.15188539595414,1030.9066666666668
359,16.093,4.208333333333336,-26.7,-30.90833333333333,9.314233333333332,-38.103879794527316,1030.9233333333334
360,16.093,4.250000000000002,-26.7,-30.950000000000003,9.23324,-38.055522253411674,1030.94
361,16.093,4.291666666666669,-26.7,-30.991666666666667,9.152246666666668,-38.006807071051504,1030.9566666666667
362,16.093,4.333333333333336,-26.7,-31.03333333333333,9.071253333333331,-37.9577284020566,1030.9733333333334
363,16.093,4.375000000000002,-26.7,-31.075000000000003,8.99026,-37.908280252252055,1030.99
364,16.093,4.420000000000002,-26.64333333333333,-31.063333333333336,8.941664,-37.808006816965545,1031.0166666666669
365,16.093,4.4700000000000015,-26.501666666666665,-30.971666666666668,8.941664,-37.6319452080684,1031.0583333333334
366,16.093,4.520000000000001,-26.36,-30.880000000000003,8.941664,-37.455883599171266,1031.1
367,16.093,4.570000000000001,-26.218333333333334,-30.78833333333333,8.941664,-37.27982199027413,1031.1416666666669
368,16.093,4.620000000000001,-26.076666666666664,-30.69666666666667,8.941664,-37.10376038137697,1031.1833333333334
369,16.093,4.670000000000001,-25.935,-30.605,8.941664,-36.927698772479836,1031.225
370,16.093,4.720000000000001,-25.793333333333333,-30.51333333333333,8.941664,-36.7516371635827,1031.2666666666669
371,16.093,4.7700000000000005,-25.651666666666667,-30.421666666666667,8.941664,-36.57557555468556,1031.3083333333334
372,16.093,4.82,-25.51,-30.33,8.941664,-36.399513945788414,1031.35
373,16.093,4.87,-25.36833333333333,-30.238333333333333,8.941664,-36.22345233689126,1031.3916666666669
374,16.093,4.92,-25.226666666666667,-30.14666666666667,8.941664,-36.04739072799413,1031.4333333333334
375,16.093,4.97,-25.085,-30.055,8.941664,-35.871329119096984,1031.475
376,16.093,5.0,-24.94333333333333,-29.94333333333333,9.0777328,-35.77586377756439,1031.506666666667
377,16.093,5.0,-24.801666666666662,-29.801666666666662,9.4179048,-35.79620621302985,1031.5233333333333
378,16.093,5.0,-24.66,-29.66,9.7580768,-35.809644841122264,1031.54
379,16.093,5.0,-24.51833333333333,-29.51833333333333,10.0982488,-35.816596101705315,1031.5566666666666
380,16.093,5.0,-24.376666666666665,-29.376666666666665,10.4384208,-35.81743769584919,1031.5733333333333
381,16.093,5.0,-24.235,-29.235,10.7785928,-35.81251333728693,1031.59
382,16.093,5.0,-24.093333333333334,-29.093333333333334,11.1187648,-35.80213679010447,1031.6066666666668
383,16.093,5.0,-23.951666666666668,-28.951666666666668,11.4589368,-35.78659531831719,1031.6233333333334
384,16.093,5.0,-23.81,-28.81,11.7991088,-35.766152647815545,1031.64
385,16.093,5.0,-23.668333333333333,-28.668333333333333,12.1392808,-35.74105152161068,1031.6566666666668
386,16.093,5.0,-23.526666666666667,-28.526666666666667,12.4794528,-35.711515914000515,1031.6733333333334
387,16.093,5.0,-23.385,-28.385,12.8196248,-35.677752957199374,1031.69
388,16.093,5.0,-23.28333333333333,-28.28333333333333,13.056125333333334,-35.647822195891536,1031.6866666666667
389,16.093,5.0,-23.241666666666667,-28.241666666666667,13.137118666666668,-35.628349382585085,1031.6533333333334
390,16.093,5.0,-23.2,-28.2,13.218112,-35.608647009695225,1031.62
391,16.093,5.0,-23.15833333333333,-28.15833333333333,13.299105333333332,-35.58871746673675,1031.5866666666666
392,16.093,5.0,-23.116666666666667,-28.116666666666667,13.380098666666669,-35.568563102980335,1031.5533333333333
393,16.093,5.0,-23.075,-28.075,13.461092,-35.54818622837458,1031.52
394,16.093,5.0,-23.03333333333333,-28.03333333333333,13.542085333333334,-35.52758911444181,1031.486666666667
395,16.093,5.0,-22.991666666666667,-27.991666666666667,13.623078666666668,-35.50677399514787,1031.4533333333334
396,16.093,5.0,-22.95,-27.95,13.704072,-35.48574306774733,1031.42
397,16.093,5.0,-22.90833333333333,-27.90833333333333,13.785065333333334,-35.46449849360463,1031.3866666666663
398,16.093,5.0,-22.866666666666667,-27.866666666666667,13.866058666666667,-35.443042398992176,1031.3533333333332
399,16.093,5.0,-22.825,-27.825,13.947052,-35.42137687586605,1031.32
400,16.093,5.0,-22.78,-27.78,14.028045333333337,-35.39520662838317,1031.29
401,16.093,5.0,-22.73,-27.73,14.109038666666669,-35.362377826160355,1031.265
402,16.093,5.0,-22.68,-27.68,14.190032,-35.32933547656109,1031.24
403,16.093,5.0,-22.63,-27.63,14.271025333333334,-35.29608161473383,1031.215
404,16.093,5.0,-22.58,-27.58,14.352018666666668,-35.26261824406388,1031.19
405,16.093,5.0,-22.53,-27.53,14.433012,-35.228947336850176,1031.165
406,16.093,5.0,-22.48,-27.48,14.514005333333332,-35.195070834963815,1031.14
407,16.093,5.0,-22.43,-27.43,14.594998666666667,-35.16099065048905,1031.115
408,16.093,5.0,-22.38,-27.38,14.675992,-35.1267086663472,1031.09
409,16.093,5.0,-22.33,-27.33,14.756985333333333,-35.09222673690413,1031.065
410,16.093,5.0,-22.28,-27.28,14.837978666666666,-35.057546688561786,1031.04
411,16.093,5.0,-22.23,-27.23,14.918972,-35.02267032033414,1031.015
412,16.093,5.0,-22.183333333333334,-27.183333333333334,14.935170666666666,-34.96815405995616,1031.01
413,16.093,5.0,-22.141666666666666,-27.141666666666666,14.854177333333334,-34.8843507880395,1031.035
414,16.093,5.0,-22.1,-27.1,14.773184,-34.800459675600685,1031.06
415,16.093,5.0,-22.058333333333334,-27.058333333333334,14.692190666666669,-34.716479677978896,1031.085
416,16.093,5.0,-22.016666666666666,-27.016666666666666,14.611197333333331,-34.63240973339353,1031.11
417,16.093,5.0,-21.975,-26.975,14.530204,-34.54824876257159,1031.135
418,16.093,5.0,-21.933333333333334,-26.933333333333334,14.449210666666668,-34.463995668364696,1031.16
419,16.093,5.0,-21.891666666666666,-26.891666666666666,14.368217333333334,-34.379649335355765,1031.185
420,16.093,5.0,-21.85,-26.85,14.287224,-34.29520862945464,1031.21
421,16.093,5.0,-21.808333333333334,-26.808333333333334,14.206230666666668,-34.21067239748256,1031.235
422,16.093,5.0,-21.766666666666666,-26.766666666666666,14.125237333333336,-34.12603946674496,1031.26
423,16.093,5.0,-21.725,-26.725,14.044244,-34.04130864459229,1031.285
424,16.093,5.0,-21.68,-26.68,13.963250666666667,-33.95218301178141,1031.3066666666666
425,16.093,5.0,-21.63,-26.63,13.882257333333332,-33.856520723212434,1031.3233333333333
426,16.093,5.0,-21.58,-26.58,13.801264000000002,-33.76076724756216,1031.34
427,16.093,5.0,-21.53,-26.53,13.720270666666668,-33.66492138488951,1031.3566666666666
428,16.093,5.0,-21.48,-26.48,13.639277333333334,-33.56898191402793,1031.3733333333332
429,16.093,5.0,-21.43,-26.43,13.558284,-33.472947592088666,1031.39
430,16.093,5.0,-21.38,-26.38,13.477290666666669,-33.376817153949276,1031.4066666666668
431,16.093,5.0,-21.33,-26.33,13.396297333333331,-33.280589311727155,1031.4233333333334
432,16.093,5.0,-21.28,-26.28,13.315304,-33.18426275423734,1031.44
433,16.093,5.0,-21.23,-26.23,13.234310666666667,-33.08783614643412,1031.4566666666667
434,16.093,5.0,-21.18,-26.18,13.153317333333334,-32.99130812883584,1031.4733333333334
435,16.093,5.0,-21.130000000000003,-26.130000000000003,13.072324,-32.89467731693225,1031.49
436,16.093,4.98,-21.12,-26.1,12.991330666666666,-32.849184468640104,1031.506666666667
437,16.093,4.930000000000001,-21.17,-26.1,12.910337333333334,-32.880356882149385,1031.5233333333333
438,16.093,4.880000000000001,-21.22,-26.1,12.829344,-32.911289427217014,1031.54
439,16.093,4.830000000000001,-21.27,-26.1,12.748350666666669,-32.94197955351498,1031.5566666666666
440,16.093,4.780000000000001,-21.32,-26.1,12.667357333333332,-32.97242466587817,1031.5733333333333
441,16.093,4.730000000000001,-21.37,-26.1,12.586364,-33.00262212321587,1031.59
442,16.093,4.6800000000000015,-21.42,-26.1,12.505370666666668,-33.032569237389666,1031.6066666666668
443,16.093,4.630000000000002,-21.47,-26.1,12.424377333333334,-33.062263272056136,1031.6233333333334
444,16.093,4.580000000000002,-21.52,-26.1,12.343384,-33.091701441473525,1031.64
445,16.093,4.530000000000002,-21.57,-26.1,12.262390666666668,-33.12088090927041,1031.6566666666668
446,16.093,4.480000000000002,-21.62,-26.1,12.181397333333337,-33.149798787175506,1031.6733333333334
447,16.093,4.430000000000002,-21.67,-26.1,12.100404,-33.17845213370654,1031.69
448,16.093,4.383333333333336,-21.716666666666665,-26.1,11.9157392,-33.1571287547865,1031.7133333333334
449,16.093,4.341666666666669,-21.758333333333333,-26.1,11.575567200000002,-33.05844572317233,1031.746666666667
450,16.093,4.3000000000000025,-21.8,-26.1,11.2353952,-32.95571723551805,1031.78
451,16.093,4.258333333333336,-21.841666666666665,-26.1,10.8952232,-32.84871953328201,1031.8133333333333
452,16.093,4.216666666666669,-21.883333333333333,-26.1,10.5550512,-32.73720886783357,1031.8466666666666
453,16.093,4.1750000000000025,-21.925,-26.1,10.2148792,-32.6209189987288,1031.88
454,16.093,4.133333333333336,-21.966666666666665,-26.1,9.8747072,-32.49955828349702,1031.9133333333334
455,16.093,4.091666666666669,-22.008333333333333,-26.1,9.5345352,-32.372806275584814,1031.9466666666667
456,16.093,4.0500000000000025,-22.05,-26.1,9.1943632,-32.240309726450825,1031.98
457,16.093,4.008333333333336,-22.091666666666665,-26.1,8.854191199999999,-32.10167786106484,1032.013333333333
458,16.093,3.966666666666669,-22.133333333333333,-26.1,8.5140192,-31.956476761132702,1032.0466666666666
459,16.093,3.925000000000002,-22.175,-26.1,8.173847199999999,-31.80422264430078,1032.08
460,16.093,3.9366666666666688,-22.22,-26.15666666666667,8.002141333333332,-31.75404806695593,1032.1133333333332
461,16.093,4.028333333333335,-22.27,-26.298333333333336,8.083134666666666,-31.865783828217566,1032.1466666666663
462,16.093,4.120000000000002,-22.32,-26.44,8.164128,-31.9771973152205,1032.1799999999998
463,16.093,4.211666666666668,-22.37,-26.581666666666667,8.245121333333334,-32.08829494577859,1032.2133333333334
464,16.093,4.303333333333335,-22.42,-26.723333333333336,8.326114666666665,-32.19908295479553,1032.246666666667
465,16.093,4.395000000000001,-22.47,-26.865,8.407108,-32.30956740115178,1032.28
466,16.093,4.486666666666667,-22.52,-27.006666666666668,8.488101333333333,-32.41975417426934,1032.3133333333333
467,16.093,4.578333333333334,-22.57,-27.148333333333333,8.569094666666667,-32.52964900037243,1032.3466666666666
468,16.093,4.670000000000001,-22.62,-27.290000000000003,8.650088,-32.63925744846084,1032.38
469,16.093,4.761666666666667,-22.67,-27.43166666666667,8.731081333333332,-32.74858493601176,1032.4133333333334
470,16.093,4.8533333333333335,-22.72,-27.57333333333333,8.812074666666666,-32.85763673442463,1032.4466666666667
471,16.093,4.945,-22.77,-27.715,8.893068,-32.96641797422296,1032.48
472,16.093,4.98,-22.836666666666662,-27.816666666666663,8.941664,-33.07712782024705,1032.52
473,16.093,4.930000000000001,-22.92833333333333,-27.85833333333333,8.941664,-33.19105003776873,1032.57
474,16.093,4.880000000000001,-23.02,-27.9,8.941664,-33.30497225529041,1032.62
475,16.093,4.830000000000001,-23.111666666666668,-27.941666666666663,8.941664,-33.4188944728121,1032.67
476,16.093,4.780000000000001,-23.203333333333333,-27.98333333333333,8.941664,-33.532816690333775,1032.72
477,16.093,4.730000000000001,-23.295,-28.025,8.941664,-33.64673890785546,1032.77
478,16.093,4.6800000000000015,-23.386666666666667,-28.066666666666663,8.941664,-33.76066112537713,1032.82
479,16.093,4.630000000000002,-23.47833333333333,-28.10833333333333,8.941664,-33.874583342898816,1032.87
480,16.093,4.580000000000002,-23.57,-28.15,8.941664,-33.98850556042049,1032.9199999999998
481,16.093,4.530000000000002,-23.661666666666665,-28.191666666666663,8.941664,-34.10242777794217,1032.97
482,16.093,4.480000000000002,-23.75333333333333,-28.23333333333333,8.941664,-34.21634999546386,1033.02
483,16.093,4.430000000000002,-23.845,-28.275,8.941664,-34.330272212985534,1033.07
484,16.093,4.383333333333336,-23.936666666666664,-28.32,8.876869333333334,-34.406179955838645,1033.12
485,16.093,4.341666666666669,-24.02833333333333,-28.37,8.714882666666666,-34.423802542708955,1033.1699999999998
486,16.093,4.300000000000002,-24.12,-28.42,8.552895999999999,-34.43957329997555,1033.22
487,16.093,4.258333333333335,-24.211666666666662,-28.47,8.390909333333333,-34.45343093598663,1033.27
488,16.093,4.216666666666668,-24.30333333333333,-28.52,8.228922666666666,-34.4653108323449,1033.32
489,16.093,4.175000000000001,-24.395,-28.57,8.066936,-34.47514479254532,1033.37
490,16.093,4.133333333333334,-24.486666666666665,-28.62,7.904949333333333,-34.48286076609961,1033.42
491,16.093,4.091666666666667,-24.578333333333333,-28.67,7.742962666666667,-34.4883825451978,1033.47
492,16.093,4.05,-24.67,-28.72,7.580976,-34.491629430532456,1033.52
493,16.093,4.008333333333333,-24.761666666666667,-28.77,7.418989333333333,-34.49251586241458,1033.57
494,16.093,3.966666666666666,-24.85333333333333,-28.82,7.257002666666667,-34.49095101272776,1033.62
495,16.093,3.924999999999999,-24.945,-28.87,7.095016,-34.48683833258233,1033.67
496,16.093,3.896666666666665,-25.02,-28.916666666666664,6.933029333333334,-34.459774977672396,1033.7133333333334
497,16.093,3.888333333333332,-25.07,-28.95833333333333,6.771042666666667,-34.39963273050603,1033.746666666667
498,16.093,3.879999999999998,-25.12,-29.0,6.609056000000001,-34.33680561104504,1033.78
499,16.093,3.871666666666665,-25.17,-29.041666666666664,6.447069333333333,-34.271174558733065,1033.8133333333333
500,16.093,3.863333333333332,-25.22,-29.08333333333333,6.285082666666667,-34.20261199509175,1033.8466666666666
501,16.093,3.8549999999999978,-25.27,-29.125,6.123096,-34.13098097460613,1033.88
502,16.093,3.846666666666665,-25.32,-29.166666666666664,5.961109333333334,-34.056134225880996,1033.9133333333334
503,16.093,3.838333333333331,-25.37,-29.20833333333333,5.799122666666667,-33.97791306547265,1033.9466666666667
504,16.093,3.829999999999997,-25.42,-29.25,5.637136,-33.896146163400644,1033.98
505,16.093,3.821666666666664,-25.47,-29.291666666666664,5.475149333333333,-33.81064813516869,1034.013333333333
506,16.093,3.813333333333331,-25.52,-29.33333333333333,5.313162666666667,-33.72121792996895,1034.0466666666666
507,16.093,3.804999999999997,-25.57,-29.375,5.151176,-33.62763697833925,1034.08
508,16.093,3.799999999999997,-25.6,-29.4,5.183573333333333,-33.694331791030564,1034.1033333333332
509,16.093,3.799999999999997,-25.6,-29.4,5.507546666666666,-33.995556628955995,1034.111666666667
510,16.093,3.799999999999997,-25.6,-29.4,5.831519999999999,-34.282247535631456,1034.12
511,16.093,3.799999999999997,-25.6,-29.4,6.155493333333333,-34.55585756627254,1034.128333333333
512,16.093,3.799999999999997,-25.6,-29.4,6.479466666666666,-34.81762705316985,1034.1366666666663
513,16.093,3.799999999999997,-25.6,-29.4,6.80344,-35.06862365829676,1034.145
514,16.093,3.799999999999997,-25.6,-29.4,7.127413333333333,-35.30977336308766,1034.1533333333334
515,16.093,3.799999999999997,-25.6,-29.4,7.451386666666666,-35.54188475969632,1034.1616666666666
516,16.093,3.799999999999997,-25.6,-29.4,7.775359999999999,-35.76566831639697,1034.17
517,16.093,3.799999999999997,-25.6,-29.4,8.099333333333334,-35.981751820579746,1034.1783333333333
518,16.093,3.799999999999997,-25.6,-29.4,8.423306666666665,-36.190692878524715,1034.1866666666667
519,16.093,3.799999999999997,-25.6,-29.4,8.74728,-36.39298912323604,1034.195
520,16.093,3.8033333333333306,-25.58,-29.383333333333333,8.941664,-36.486509093714055,1034.21
521,16.093,3.811666666666664,-25.53,-29.341666666666665,8.941664,-36.424369702338595,1034.235
522,16.093,3.8199999999999976,-25.48,-29.3,8.941664,-36.36223031096314,1034.26
523,16.093,3.828333333333331,-25.43,-29.258333333333333,8.941664,-36.300090919587674,1034.285
524,16.093,3.836666666666664,-25.380000000000003,-29.216666666666665,8.941664,-36.237951528212214,1034.31
525,16.093,3.844999999999998,-25.33,-29.175,8.941664,-36.17581213683675,1034.335
526,16.093,3.8533333333333313,-25.28,-29.133333333333333,8.941664,-36.11367274546129,1034.36
527,16.093,3.8616666666666646,-25.23,-29.091666666666665,8.941664,-36.05153335408583,1034.385
528,16.093,3.8699999999999983,-25.18,-29.05,8.941664,-35.989393962710366,1034.41
529,16.093,3.878333333333332,-25.13,-29.008333333333333,8.941664,-35.9272545713349,1034.435
530,16.093,3.886666666666665,-25.08,-28.966666666666665,8.941664,-35.86511517995944,1034.46
531,16.093,3.894999999999999,-25.03,-28.925,8.941664,-35.80297578858398,1034.485
532,16.093,3.896666666666665,-25.02,-28.916666666666664,8.941664,-35.79054791030889,1034.51
533,16.093,3.888333333333332,-25.07,-28.95833333333333,8.941664,-35.85268730168435,1034.535
534,16.093,3.879999999999998,-25.12,-29.0,8.941664,-35.914826693059815,1034.56
535,16.093,3.871666666666665,-25.17,-29.041666666666664,8.941664,-35.976966084435276,1034.585
536,16.093,3.863333333333332,-25.22,-29.08333333333333,8.941664,-36.03910547581073,1034.61
537,16.093,3.8549999999999978,-25.27,-29.125,8.941664,-36.101244867186196,1034.635
538,16.093,3.846666666666665,-25.32,-29.166666666666664,8.941664,-36.16338425856166,1034.66
539,16.093,3.838333333333331,-25.37,-29.20833333333333,8.941664,-36.225523649937124,1034.685
540,16.093,3.829999999999997,-25.42,-29.25,8.941664,-36.287663041312584,1034.71
541,16.093,3.821666666666664,-25.47,-29.291666666666664,8.941664,-36.34980243268804,1034.735
542,16.093,3.813333333333331,-25.52,-29.33333333333333,8.941664,-36.411941824063504,1034.76
543,16.093,3.804999999999997,-25.57,-29.375,8.941664,-36.474081215438964,1034.785
544,16.093,3.799999999999997,-25.6,-29.4,8.909266666666666,-36.49178665102459,1034.81
545,16.093,3.799999999999997,-25.6,-29.4,8.828273333333332,-36.44257823384089,1034.835
546,16.093,3.799999999999997,-25.6,-29.4,8.74728,-36.39298912323604,1034.86
547,16.093,3.799999999999997,-25.6,-29.4,8.666286666666666,-36.34301280784762,1034.885
548,16.093,3.799999999999997,-25.6,-29.4,8.585293333333333,-36.2926426028016,1034.91
549,16.093,3.799999999999997,-25.6,-29.4,8.504299999999999,-36.24187164340137,1034.935
550,16.093,3.799999999999997,-25.6,-29.4,8.423306666666665,-36.190692878524715,1034.96
551,16.093,3.799999999999997,-25.6,-29.4,8.342313333333333,-36.1390990637122,1034.985
552,16.093,3.799999999999997,-25.6,-29.4,8.26132,-36.087082753929394,1035.01
553,16.093,3.799999999999997,-25.6,-29.4,8.180326666666666,-36.034636295984285,1035.035
554,16.093,3.799999999999997,-25.6,-29.4,8.099333333333332,-35.981751820579746,1035.06
555,16.093,3.799999999999997,-25.6,-29.4,8.01834,-35.92842123397971,1035.0849999999998
556,16.093,3.799999999999997,-25.6,-29.4,7.969743999999999,-35.89620529462006,1035.1166666666666
557,16.093,3.799999999999997,-25.6,-29.4,7.969743999999999,-35.89620529462006,1035.1583333333333
558,16.093,3.799999999999997,-25.6,-29.4,7.969743999999999,-35.89620529462006,1035.1999999999998
559,16.093,3.799999999999997,-25.6,-29.4,7.969743999999999,-35.89620529462006,1035.2416666666666
560,16.093,3.799999999999997,-25.6,-29.4,7.969743999999999,-35.89620529462006,1035.2833333333333
561,16.093,3.799999999999997,-25.6,-29.4,7.969743999999999,-35.89620529462006,1035.3249999999998
562,16.093,3.799999999999997,-25.6,-29.4,7.969743999999999,-35.89620529462006,1035.3666666666666
563,16.093,3.799999999999997,-25.6,-29.4,7.969743999999999,-35.89620529462006,1035.4083333333333
564,16.093,3.799999999999997,-25.6,-29.4,7.969743999999999,-35.89620529462006,1035.4499999999998
565,16.093,3.799999999999997,-25.6,-29.4,7.969743999999999,-35.89620529462006,1035.4916666666666
566,16.093,3.799999999999997,-25.6,-29.4,7.969743999999999,-35.89620529462006,1035.5333333333333
567,16.093,3.799999999999997,-25.6,-29.4,7.969743999999999,-35.89620529462006,1035.5749999999998
568,16.093,3.799999999999997,-25.6,-29.4,8.034538666666666,-35.939123436456924,1035.62
569,16.093,3.799999999999997,-25.6,-29.4,8.196525333333334,-36.04516037397461,1035.6699999999998
570,16.093,3.799999999999997,-25.6,-29.4,8.358512,-36.149451385082855,1035.72
571,16.093,3.799999999999997,-25.6,-29.4,8.520498666666667,-36.25205823134429,1035.77
572,16.093,3.799999999999997,-25.6,-29.4,8.682485333333332,-36.353039365633336,1035.82
573,16.093,3.799999999999997,-25.6,-29.4,8.844472,-36.452450167372646,1035.87
574,16.093,3.799999999999997,-25.6,-29.4,9.006458666666667,-36.550343157072405,1035.92
575,16.093,3.799999999999997,-25.6,-29.4,9.168445333333333,-36.64676819233023,1035.97
576,16.093,3.799999999999997,-25.6,-29.4,9.330432,-36.74177264719124,1036.02
577,16.093,3.799999999999997,-25.6,-29.4,9.492418666666666,-36.83540157654332,1036.07
578,16.093,3.799999999999997,-25.6,-29.4,9.654405333333331,-36.92769786702867,1036.12
579,16.093,3.799999999999997,-25.6,-29.4,9.816392,-37.01870237578393,1036.17
580,16.093,3.799999999999997,-25.6,-29.4,9.881186666666666,-37.05475126755511,1036.2033333333334
581,16.093,3.799999999999997,-25.6,-29.4,9.800193333333333,-37.00965893050356,1036.2116666666666
582,16.093,3.799999999999997,-25.6,-29.4,9.7192,-36.96425246154872,1036.22
583,16.093,3.799999999999997,-25.6,-29.4,9.638206666666669,-36.9185270269917,1036.2283333333337
584,16.093,3.799999999999997,-25.6,-29.4,9.557213333333332,-36.8724776773631,1036.236666666667
585,16.093,3.799999999999997,-25.6,-29.4,9.47622,-36.826099343642056,1036.245
586,16.093,3.799999999999997,-25.6,-29.4,9.395226666666666,-36.77938683331814,1036.253333333333
587,16.093,3.799999999999997,-25.6,-29.4,9.314233333333332,-36.73233482628854,1036.2616666666668
588,16.093,3.799999999999997,-25.6,-29.4,9.23324,-36.6849378705817,1036.27
589,16.093,3.799999999999997,-25.6,-29.4,9.152246666666668,-36.63719037789894,1036.2783333333332
590,16.093,3.799999999999997,-25.6,-29.4,9.071253333333331,-36.58908661896423,1036.2866666666666
591,16.093,3.799999999999997,-25.6,-29.4,8.99026,-36.54062071867234,1036.295
592,16.093,3.8033333333333306,-25.636666666666667,-29.44,8.941664,-36.556933737272914,1036.31
593,16.093,3.811666666666664,-25.72833333333333,-29.54,8.941664,-36.6708559547946,1036.335
594,16.093,3.819999999999998,-25.82,-29.64,8.941664,-36.78477817231628,1036.36
595,16.093,3.828333333333332,-25.91166666666667,-29.74,8.941664,-36.89870038983796,1036.385
596,16.093,3.8366666666666656,-26.00333333333333,-29.84,8.941664,-37.01262260735963,1036.41
597,16.093,3.8449999999999993,-26.095,-29.94,8.941664,-37.126544824881314,1036.435
598,16.093,3.853333333333333,-26.186666666666667,-30.04,8.941664,-37.240467042403,1036.46
599,16.093,3.861666666666667,-26.27833333333333,-30.14,8.941664,-37.35438925992467,1036.485
600,16.093,3.870000000000001,-26.37,-30.24,8.941664,-37.468311477446356,1036.51
601,16.093,3.8783333333333343,-26.461666666666662,-30.34,8.941664,-37.58223369496803,1036.535
602,16.093,3.886666666666668,-26.55333333333333,-30.44,8.941664,-37.696155912489715,1036.56
603,16.093,3.895000000000002,-26.645,-30.540000000000003,8.941664,-37.81007813001139,1036.5849999999998
604,16.093,3.900000000000002,-26.7,-30.6,8.909266666666666,-37.85845647351137,1036.6133333333332
605,16.093,3.900000000000002,-26.7,-30.6,8.828273333333332,-37.808250758361325,1036.6466666666663
606,16.093,3.900000000000002,-26.7,-30.6,8.74728,-37.7576566343464,1036.6799999999998
607,16.093,3.900000000000002,-26.7,-30.6,8.666286666666666,-37.70666745813956,1036.7133333333334
608,16.093,3.900000000000002,-26.7,-30.6,8.585293333333333,-37.655276409385664,1036.746666666667
609,16.093,3.900000000000002,-26.7,-30.6,8.504299999999999,-37.60347648426257,1036.78
610,16.093,3.900000000000002,-26.7,-30.6,8.423306666666665,-37.551260488744255,1036.8133333333333
611,16.093,3.900000000000002,-26.7,-30.6,8.342313333333333,-37.49862103154914,1036.8466666666666
612,16.093,3.900000000000002,-26.7,-30.6,8.26132,-37.44555051675566,1036.88
613,16.093,3.900000000000002,-26.7,-30.6,8.180326666666666,-37.39204113606594,1036.9133333333334
614,16.093,3.900000000000002,-26.7,-30.6,8.099333333333332,-37.33808486069729,1036.9466666666667
615,16.093,3.900000000000002,-26.7,-30.6,8.01834,-37.28367343287937,1036.98
616,16.093,3.900000000000002,-26.7,-30.6,7.969743999999999,-37.250804578985054,1037.0166666666669
617,16.093,3.900000000000002,-26.7,-30.6,7.969743999999999,-37.250804578985054,1037.0583333333334
618,16.093,3.900000000000002,-26.7,-30.6,7.969743999999999,-37.250804578985054,1037.1
619,16.093,3.900000000000002,-26.7,-30.6,7.969743999999999,-37.250804578985054,1037.1416666666669
620,16.093,3.900000000000002,-26.7,-30.6,7.969743999999999,-37.250804578985054,1037.1833333333334
621,16.093,3.900000000000002,-26.7,-30.6,7.969743999999999,-37.250804578985054,1037.225
622,16.093,3.900000000000002,-26.7,-30.6,7.969743999999999,-37.250804578985054,1037.2666666666669
623,16.093,3.900000000000002,-26.7,-30.6,7.969743999999999,-37.250804578985054,1037.3083333333334
624,16.093,3.900000000000002,-26.7,-30.6,7.969743999999999,-37.250804578985054,1037.35
625,16.093,3.900000000000002,-26.7,-30.6,7.969743999999999,-37.250804578985054,1037.3916666666669
626,16.093,3.900000000000002,-26.7,-30.6,7.969743999999999,-37.250804578985054,1037.4333333333334
627,16.093,3.900000000000002,-26.7,-30.6,7.969743999999999,-37.250804578985054,1037.475
628,16.093,3.900000000000002,-26.7,-30.6,7.969743999999999,-37.250804578985054,1037.506666666667
629,16.093,3.900000000000002,-26.7,-30.6,7.969743999999999,-37.250804578985054,1037.5233333333333
630,16.093,3.900000000000002,-26.7,-30.6,7.969743999999999,-37.250804578985054,1037.54
631,16.093,3.900000000000002,-26.7,-30.6,7.969743999999999,-37.250804578985054,1037.5566666666666
632,16.093,3.900000000000002,-26.7,-30.6,7.969743999999999,-37.250804578985054,1037.5733333333333
633,16.093,3.900000000000002,-26.7,-30.6,7.969743999999999,-37.250804578985054,1037.59
634,16.093,3.900000000000002,-26.7,-30.6,7.969743999999999,-37.250804578985054,1037.6066666666668
635,16.093,3.900000000000002,-26.7,-30.6,7.969743999999999,-37.250804578985054,1037.6233333333334
636,16.093,3.900000000000002,-26.7,-30.6,7.969743999999999,-37.250804578985054,1037.64
637,16.093,3.900000000000002,-26.7,-30.6,7.969743999999999,-37.250804578985054,1037.6566666666668
638,16.093,3.900000000000002,-26.7,-30.6,7.969743999999999,-37.250804578985054,1037.6733333333334
639,16.093,3.900000000000002,-26.7,-30.6,7.969743999999999,-37.250804578985054,1037.69
640,16.093,3.900000000000002,-26.7,-30.6,7.969743999999999,-37.250804578985054,1037.72
641,16.093,3.900000000000002,-26.7,-30.6,7.969743999999999,-37.250804578985054,1037.77
642,16.093,3.900000000000002,-26.7,-30.6,7.969743999999999,-37.250804578985054,1037.82
643,16.093,3.900000000000002,-26.7,-30.6,7.969743999999999,-37.250804578985054,1037.87
644,16.093,3.900000000000002,-26.7,-30.6,7.969743999999999,-37.250804578985054,1037.92
645,16.093,3.900000000000002,-26.7,-30.6,7.969743999999999,-37.250804578985054,1037.97
646,16.093,3.900000000000002,-26.7,-30.6,7.969743999999999,-37.250804578985054,1038.02
647,16.093,3.900000000000002,-26.7,-30.6,7.969743999999999,-37.250804578985054,1038.07
648,16.093,3.900000000000002,-26.7,-30.6,7.969743999999999,-37.250804578985054,1038.12
649,16.093,3.900000000000002,-26.7,-30.6,7.969743999999999,-37.250804578985054,1038.17
650,16.093,3.900000000000002,-26.7,-30.6,7.969743999999999,-37.250804578985054,1038.22
651,16.093,3.900000000000002,-26.7,-30.6,7.969743999999999,-37.250804578985054,1038.27
652,16.093,3.9166666666666687,-26.64333333333333,-30.56,8.034538666666666,-37.224765338949396,1038.3166666666666
653,16.093,3.9583333333333353,-26.501666666666665,-30.46,8.196525333333334,-37.157995840846354,1038.3583333333331
654,16.093,4.000000000000002,-26.36,-30.36,8.358512,-37.08890243062015,1038.4
655,16.093,4.041666666666668,-26.218333333333334,-30.26,8.520498666666667,-37.01756124468033,1038.4416666666666
656,16.093,4.083333333333334,-26.076666666666664,-30.16,8.682485333333332,-36.94404443686988,1038.4833333333331
657,16.093,4.125000000000001,-25.935,-30.06,8.844472,-36.86842045833409,1038.525
658,16.093,4.166666666666667,-25.793333333333333,-29.96,9.006458666666667,-36.79075431293431,1038.5666666666666
659,16.093,4.208333333333333,-25.651666666666667,-29.86,9.168445333333333,-36.71110779074506,1038.6083333333331
660,16.093,4.25,-25.51,-29.76,9.330432,-36.62953968186927,1038.65
661,16.093,4.291666666666666,-25.36833333333333,-29.66,9.492418666666666,-36.546105972543636,1038.6916666666666
662,16.093,4.333333333333332,-25.226666666666667,-29.56,9.654405333333331,-36.46086002527867,1038.7333333333331
663,16.093,4.374999999999999,-25.085,-29.46,9.816392,-36.37385274457915,1038.775
664,16.093,4.419999999999999,-24.96333333333333,-29.383333333333333,9.9524608,-36.29609835355624,1038.8266666666666
665,16.093,4.469999999999999,-24.871666666666663,-29.341666666666665,10.0496528,-36.23385661485178,1038.8933333333332
666,16.093,4.519999999999999,-24.78,-29.3,10.1468448,-36.1710091807073,1038.96
667,16.093,4.569999999999999,-24.688333333333333,-29.258333333333333,10.2440368,-36.10756569402419,1039.0266666666666
668,16.093,4.619999999999999,-24.596666666666668,-29.216666666666665,10.3412288,-36.04353554675535,1039.0933333333332
669,16.093,4.669999999999999,-24.505,-29.175,10.4384208,-35.97892788879135,1039.16
670,16.093,4.72,-24.41333333333333,-29.133333333333333,10.5356128,-35.913751636451266,1039.2266666666667
671,16.093,4.77,-24.321666666666665,-29.091666666666665,10.6328048,-35.84801548059936,1039.2933333333333
672,16.093,4.819999999999999,-24.23,-29.05,10.7299968,-35.78172789440713,1039.36
673,16.093,4.87,-24.13833333333333,-29.008333333333333,10.8271888,-35.714897140779534,1039.4266666666665
674,16.093,4.92,-24.046666666666667,-28.966666666666665,10.9243808,-35.64753127946279,1039.493333333333
675,16.093,4.97,-23.955,-28.925,11.0215728,-35.579638173849936,1039.56
676,16.093,5.0,-23.863333333333333,-28.863333333333333,11.008613866666668,-35.45742519494615,1039.5966666666666
677,16.093,5.0,-23.771666666666665,-28.771666666666665,10.830428533333334,-35.2537346570643,1039.5883333333331
678,16.093,5.0,-23.68,-28.68,10.6522432,-35.049130841709975,1039.58
679,16.093,5.0,-23.58833333333333,-28.58833333333333,10.474057866666667,-34.84358239617154,1039.5716666666667
680,16.093,5.0,-23.496666666666663,-28.496666666666663,10.295872533333334,-34.63705639809512,1039.5633333333333
681,16.093,5.0,-23.405,-28.405,10.1176872,-34.42951824898752,1039.5549999999998
682,16.093,5.0,-23.313333333333333,-28.313333333333333,9.939501866666667,-34.22093155850155,1039.5466666666666
683,16.093,5.0,-23.221666666666668,-28.221666666666668,9.761316533333334,-34.01125801852617,1039.5383333333334
684,16.093,5.0,-23.13,-28.13,9.5831312,-33.80045726598048,1039.53
685,16.093,5.0,-23.03833333333333,-28.03833333333333,9.404945866666669,-33.588486733069175,1039.5216666666663
686,16.093,5.0,-22.946666666666665,-27.946666666666665,9.226760533333334,-33.375301483593745,1039.513333333333
687,16.093,5.0,-22.855,-27.855,9.0485752,-33.16085403372624,1039.505
688,16.093,5.0,-22.78,-27.78,9.012938133333332,-33.0473393155286,1039.48
689,16.093,5.0,-22.73,-27.73,9.191123466666664,-33.085484585681456,1039.43
690,16.093,5.0,-22.68,-27.68,9.3693088,-33.121815599804414,1039.38
691,16.093,5.0,-22.63,-27.63,9.547494133333332,-33.156393245975686,1039.33
692,16.093,5.0,-22.58,-27.58,9.725679466666666,-33.18927524239759,1039.28
693,16.093,5.0,-22.53,-27.53,9.9038648,-33.22051635764558,1039.23
694,16.093,5.0,-22.48,-27.48,10.082050133333333,-33.25016861193385,1039.18
695,16.093,5.0,-22.43,-27.43,10.260235466666666,-33.278281461339446,1039.13
696,16.093,5.0,-22.38,-27.38,10.4384208,-33.3049019666974,1039.0800000000002
697,16.093,5.0,-22.33,-27.33,10.616606133333333,-33.33007494868157,1039.03
698,16.093,5.0,-22.28,-27.28,10.794791466666666,-33.353843130413324,1038.98
699,16.093,5.0,-22.23,-27.23,10.9729768,-33.376247268789655,1038.93
700,16.093,5.0,-22.183333333333334,-27.183333333333334,11.0410112,-33.34959116166041,1038.8966666666668
701,16.093,5.0,-22.141666666666666,-27.141666666666666,10.9438192,-33.25075475948354,1038.888333333333
702,16.093,5.0,-22.1,-27.1,10.8466272,-33.15164865677951,1038.88
703,16.093,5.0,-22.058333333333334,-27.058333333333334,10.7494352,-33.052267992073624,1038.871666666667
704,16.093,5.0,-22.016666666666666,-27.016666666666666,10.6522432,-32.95260777554431,1038.8633333333337
705,16.093,5.0,-21.975,-26.975,10.5550512,-32.852662884457665,1038.855
706,16.093,5.0,-21.933333333333334,-26.933333333333334,10.4578592,-32.752428058396376,1038.8466666666666
707,16.093,5.0,-21.891666666666666,-26.891666666666666,10.3606672,-32.65189789427188,1038.8383333333334
708,16.093,5.0,-21.85,-26.85,10.2634752,-32.55106684110761,1038.83
709,16.093,5.0,-21.808333333333334,-26.808333333333334,10.1662832,-32.44992919458058,1038.8216666666667
710,16.093,5.0,-21.766666666666666,-26.766666666666666,10.0690912,-32.34847909130793,1038.8133333333333
711,16.093,5.0,-21.725,-26.725,9.9718992,-32.24671050286362,1038.805
712,16.093,5.02,-21.68,-26.7,9.816392,-32.110332367390335,1038.7966666666666
713,16.093,5.069999999999999,-21.63,-26.7,9.573412,-31.920756940239286,1038.7883333333334
714,16.093,5.119999999999999,-21.58,-26.7,9.330432,-31.72870019614304,1038.78
715,16.093,5.169999999999999,-21.53,-26.7,9.087452,-31.534037962810295,1038.7716666666663
716,16.093,5.219999999999999,-21.48,-26.7,8.844472,-31.336636439727407,1038.763333333333
717,16.093,5.269999999999999,-21.43,-26.7,8.601492,-31.13635116564343,1038.755
718,16.093,5.319999999999999,-21.38,-26.7,8.358512000000001,-30.93302584275733,1038.746666666667
719,16.093,5.369999999999998,-21.33,-26.7,8.115532,-30.726490992924383,1038.7383333333332
720,16.093,5.419999999999998,-21.28,-26.7,7.872552000000001,-30.51656241606989,1038.73
721,16.093,5.469999999999998,-21.23,-26.7,7.629572,-30.30303941461036,1038.7216666666668
722,16.093,5.519999999999998,-21.18,-26.7,7.386592,-30.08570273967505,1038.7133333333334
723,16.093,5.569999999999998,-21.130000000000003,-26.7,7.143612000000001,-29.86431220481547,1038.705
724,16.093,5.579999999999998,-21.12,-26.7,6.933029333333334,-29.709558117950742,1038.7066666666667
725,16.093,5.529999999999999,-21.17,-26.7,6.771042666666667,-29.658199154379513,1038.7233333333334
726,16.093,5.479999999999999,-21.22,-26.7,6.609056000000001,-29.60433363453864,1038.74
727,16.093,5.429999999999999,-21.27,-26.7,6.447069333333333,-29.54785062455645,1038.756666666667
728,16.093,5.379999999999999,-21.32,-26.7,6.285082666666667,-29.488631258853623,1038.7733333333333
729,16.093,5.329999999999999,-21.37,-26.7,6.123096,-29.42654794969831,1038.79
730,16.093,5.279999999999999,-21.42,-26.7,5.961109333333334,-29.361463494631842,1038.8066666666668
731,16.093,5.23,-21.47,-26.7,5.799122666666667,-29.29323006538965,1038.8233333333335
732,16.093,5.18,-21.52,-26.7,5.637136,-29.221688058778916,1038.84
733,16.093,5.13,-21.57,-26.7,5.475149333333333,-29.14666478608845,1038.8566666666668
734,16.093,5.08,-21.62,-26.7,5.313162666666667,-29.067972972809763,1038.8733333333334
735,16.093,5.03,-21.67,-26.7,5.151176,-28.98540903448844,1038.89
736,16.093,5.0,-21.7,-26.7,4.8855178666666665,-28.7793835676513,1038.9066666666668
737,16.093,5.0,-21.7,-26.7,4.464352533333333,-28.372493451170264,1038.9233333333334
738,16.093,5.0,-21.7,-26.7,4.0431872,-27.931973327182074,1038.94
739,16.093,5.0,-21.7,-26.7,3.6220218666666666,-27.45106239302403,1038.9566666666667
740,16.093,5.0,-21.7,-26.7,3.200856533333333,-26.920641284240876,1038.9733333333334
741,16.093,5.0,-21.7,-26.7,2.7796912,-26.327961369173742,1038.99
742,16.093,5.0,-21.7,-26.7,2.358525866666666,0.0,1039.006666666667
743,16.093,5.0,-21.7,-26.7,1.9373605333333328,0.0,1039.0233333333333
744,16.093,5.0,-21.7,-26.7,1.5161952,0.0,1039.04
745,16.093,5.0,-21.7,-26.7,1.095029866666667,0.0,1039.0566666666666
746,16.093,5.0,-21.7,-26.7,0.6738645333333331,0.0,1039.0733333333333
747,16.093,5.0,-21.7,-26.7,0.2526992000000003,0.0,1039.09
748,16.093,4.963333333333333,-21.75333333333333,-26.716666666666665,0.1684661333333333,0.0,1039.1133333333332
749,16.093,4.871666666666666,-21.886666666666667,-26.758333333333333,0.5896314666666667,0.0,1039.1466666666663
750,16.093,4.779999999999999,-22.02,-26.8,1.0107968,0.0,1039.1799999999998
751,16.093,4.688333333333333,-22.15333333333333,-26.841666666666665,1.4319621333333332,0.0,1039.2133333333334
752,16.093,4.596666666666666,-22.286666666666665,-26.883333333333333,1.8531274666666664,0.0,1039.246666666667
753,16.093,4.504999999999999,-22.42,-26.925,2.2742928,0.0,1039.28
754,16.093,4.413333333333332,-22.55333333333333,-26.966666666666665,2.695458133333333,-27.168410654879416,1039.3133333333333
755,16.093,4.321666666666665,-22.686666666666667,-27.008333333333333,3.1166234666666663,-27.9386679222666,1039.3466666666666
756,16.093,4.229999999999999,-22.82,-27.05,3.5377888,-28.645267180622103,1039.38
757,16.093,4.138333333333332,-22.953333333333333,-27.091666666666665,3.958954133333333,-29.301731620372742,1039.4133333333334
758,16.093,4.046666666666665,-23.086666666666662,-27.133333333333333,4.380119466666667,-29.9176390831973,1039.4466666666667
759,16.093,3.954999999999999,-23.22,-27.175,4.8012848,-30.500032071745977,1039.48
760,16.093,3.883333333333332,-23.336666666666662,-27.22,5.053984,-30.879236246571782,1039.51
761,16.093,3.8416666666666655,-23.42833333333333,-27.27,5.053984,-30.98818977193358,1039.535
762,16.093,3.8,-23.52,-27.32,5.053984,-31.09714329729538,1039.56
763,16.093,3.758333333333333,-23.611666666666668,-27.37,5.053984,-31.206096822657177,1039.585
764,16.093,3.716666666666667,-23.703333333333333,-27.42,5.053984,-31.31505034801897,1039.61
765,16.093,3.675,-23.795,-27.47,5.053984,-31.42400387338077,1039.635
766,16.093,3.6333333333333337,-23.886666666666667,-27.52,5.053984,-31.53295739874256,1039.66
767,16.093,3.591666666666668,-23.97833333333333,-27.57,5.053984,-31.64191092410436,1039.685
768,16.093,3.550000000000001,-24.07,-27.62,5.053984,-31.750864449466157,1039.71
769,16.093,3.508333333333334,-24.161666666666665,-27.67,5.053984,-31.859817974827948,1039.735
770,16.093,3.466666666666669,-24.25333333333333,-27.72,5.053984,-31.968771500189742,1039.76
771,16.093,3.425000000000002,-24.345,-27.77,5.053984,-32.077725025551544,1039.785
772,16.093,3.3966666666666687,-24.42,-27.816666666666663,5.053984,-32.16686881902938,1039.8166666666666
773,16.093,3.3883333333333354,-24.47,-27.85833333333333,5.053984,-32.22629801468126,1039.8583333333331
774,16.093,3.3800000000000017,-24.52,-27.9,5.053984,-32.28572721033315,1039.9
775,16.093,3.3716666666666684,-24.57,-27.941666666666663,5.053984,-32.345156405985044,1039.9416666666666
776,16.093,3.363333333333335,-24.62,-27.98333333333333,5.053984,-32.40458560163693,1039.9833333333331
777,16.093,3.3550000000000013,-24.67,-28.025,5.053984,-32.464014797288826,1040.025
778,16.093,3.346666666666668,-24.72,-28.066666666666663,5.053984,-32.523443992940706,1040.0666666666666
779,16.093,3.3383333333333347,-24.77,-28.10833333333333,5.053984,-32.58287318859259,1040.1083333333331
780,16.093,3.330000000000001,-24.82,-28.15,5.053984,-32.64230238424449,1040.15
781,16.093,3.321666666666668,-24.87,-28.191666666666663,5.053984,-32.701731579896375,1040.1916666666666
782,16.093,3.3133333333333344,-24.92,-28.23333333333333,5.053984,-32.76116077554826,1040.2333333333331
783,16.093,3.3050000000000006,-24.97,-28.275,5.053984,-32.82058997120015,1040.275
784,16.093,3.3000000000000007,-25.0,-28.3,5.053984,-32.856247488591286,1040.3
785,16.093,3.3000000000000007,-25.0,-28.3,5.053984,-32.856247488591286,1040.3
786,16.093,3.3000000000000007,-25.0,-28.3,5.053984,-32.856247488591286,1040.3
787,16.093,3.3000000000000007,-25.0,-28.3,5.053984,-32.856247488591286,1040.3
788,16.093,3.3000000000000007,-25.0,-28.3,5.053984,-32.856247488591286,1040.3
789,16.093,3.3000000000000007,-25.0,-28.3,5.053984,-32.856247488591286,1040.3
790,16.093,3.3000000000000007,-25.0,-28.3,5.053984,-32.856247488591286,1040.3
791,16.093,3.3000000000000007,-25.0,-28.3,5.053984,-32.856247488591286,1040.3
792,16.093,3.3000000000000007,-25.0,-28.3,5.053984,-32.856247488591286,1040.3
793,16.093,3.3000000000000007,-25.0,-28.3,5.053984,-32.856247488591286,1040.3
794,16.093,3.3000000000000007,-25.0,-28.3,5.053984,-32.856247488591286,1040.3
795,16.093,3.3000000000000007,-25.0,-28.3,5.053984,-32.856247488591286,1040.3
796,16.093,3.2800000000000007,-25.02,-28.3,5.086381333333333,-32.9111662735354,1040.3166666666666
797,16.093,3.2300000000000004,-25.07,-28.3,5.167374666666666,-33.04784114704105,1040.3583333333331
798,16.093,3.1800000000000006,-25.12,-28.3,5.248368,-33.18364870991274,1040.4
799,16.093,3.1300000000000003,-25.17,-28.3,5.329361333333333,-33.31861469358483,1040.4416666666666
800,16.093,3.08,-25.22,-28.3,5.410354666666667,-33.452763709843886,1040.4833333333331
801,16.093,3.03,-25.27,-28.3,5.491348,-33.58611931523436,1040.525
802,16.093,2.98,-25.32,-28.3,5.572341333333334,-33.718704070876086,1040.5666666666666
803,16.093,2.93,-25.37,-28.3,5.653334666666667,-33.85053959808173,1040.6083333333331
804,16.093,2.88,-25.42,-28.3,5.7343280000000005,-33.98164663012457,1040.65
805,16.093,2.83,-25.47,-28.3,5.815321333333333,-34.11204506047295,1040.6916666666666
806,16.093,2.78,-25.52,-28.3,5.896314666666667,-34.2417539877782,1040.7333333333331
807,16.093,2.7299999999999995,-25.57,-28.3,5.977308000000001,-34.370791757875594,1040.775
808,16.093,2.72,-25.616666666666667,-28.336666666666662,6.0583013333333335,-34.49515843513078,1040.81
809,16.093,2.769999999999999,-25.65833333333333,-28.42833333333333,6.139294666666667,-34.612847703898744,1040.835
810,16.093,2.819999999999999,-25.700000000000003,-28.52,6.220288000000001,-34.72989629391441,1040.86
811,16.093,2.8699999999999988,-25.741666666666667,-28.611666666666668,6.301281333333334,-34.84632024072955,1040.885
812,16.093,2.9199999999999986,-25.78333333333333,-28.703333333333333,6.382274666666667,-34.96213498938725,1040.91
813,16.093,2.9699999999999984,-25.825000000000003,-28.795,6.463268,-35.07735542323942,1040.935
814,16.093,3.0199999999999982,-25.866666666666667,-28.886666666666667,6.544261333333334,-35.19199589101855,1040.96
815,16.093,3.069999999999998,-25.90833333333333,-28.97833333333333,6.625254666666667,-35.3060702322899,1040.985
816,16.093,3.119999999999998,-25.950000000000003,-29.07,6.706248,-35.419591801399115,1041.01
817,16.093,3.1699999999999977,-25.991666666666667,-29.161666666666665,6.787241333333334,-35.532573490021306,1041.035
818,16.093,3.219999999999997,-26.03333333333333,-29.25333333333333,6.868234666666667,-35.645027748408936,1041.06
819,16.093,3.2699999999999974,-26.075000000000003,-29.345,6.949228000000001,-35.7569666054277,1041.0849999999998
820,16.093,3.2833333333333306,-26.1,-29.383333333333333,6.9978240000000005,-35.82388737975959,1041.1
821,16.093,3.241666666666664,-26.1,-29.341666666666665,6.9978240000000005,-35.82388737975959,1041.1
822,16.093,3.199999999999997,-26.1,-29.3,6.9978240000000005,-35.82388737975959,1041.1
823,16.093,3.1583333333333306,-26.1,-29.258333333333333,6.9978240000000005,-35.82388737975959,1041.1
824,16.093,3.116666666666664,-26.1,-29.216666666666665,6.9978240000000005,-35.82388737975959,1041.1
825,16.093,3.074999999999997,-26.1,-29.175,6.9978240000000005,-35.82388737975959,1041.1
826,16.093,3.0333333333333306,-26.1,-29.133333333333333,6.9978240000000005,-35.82388737975959,1041.1
827,16.093,2.991666666666664,-26.1,-29.091666666666665,6.9978240000000005,-35.82388737975959,1041.1
828,16.093,2.949999999999997,-26.1,-29.05,6.9978240000000005,-35.82388737975959,1041.1
829,16.093,2.9083333333333306,-26.1,-29.008333333333333,6.9978240000000005,-35.82388737975959,1041.1
830,16.093,2.866666666666664,-26.1,-28.966666666666665,6.9978240000000005,-35.82388737975959,1041.1
831,16.093,2.824999999999997,-26.1,-28.925,6.9978240000000005,-35.82388737975959,1041.1
832,16.093,2.796666666666664,-26.12,-28.916666666666664,6.965426666666668,-35.82397003794239,1041.0966666666666
833,16.093,2.788333333333331,-26.17,-28.95833333333333,6.884433333333334,-35.82368082312601,1041.0883333333331
834,16.093,2.7799999999999976,-26.22,-29.0,6.80344,-35.82267151307265,1041.08
835,16.093,2.7716666666666643,-26.27,-29.041666666666664,6.722446666666667,-35.820927036622585,1041.0716666666667
836,16.093,2.7633333333333314,-26.32,-29.08333333333333,6.641453333333334,-35.8184318122353,1041.0633333333333
837,16.093,2.754999999999998,-26.37,-29.125,6.560460000000001,-35.8151697241436,1041.0549999999998
838,16.093,2.746666666666665,-26.42,-29.166666666666664,6.479466666666667,-35.81112409708154,1041.0466666666666
839,16.093,2.738333333333332,-26.47,-29.20833333333333,6.3984733333333335,-35.806277669481894,1041.0383333333334
840,16.093,2.729999999999998,-26.52,-29.25,6.317480000000001,-35.80061256502991,1041.03
841,16.093,2.7216666666666653,-26.57,-29.291666666666664,6.236486666666667,-35.794110262449536,1041.0216666666663
842,16.093,2.7133333333333325,-26.62,-29.33333333333333,6.155493333333334,-35.78675156338819,1041.013333333333
843,16.093,2.704999999999999,-26.67,-29.375,6.0745000000000005,-35.7785165582531,1041.005
844,16.093,2.7,-26.7,-29.4,6.025904000000001,-35.77314636710345,1040.99
845,16.093,2.7,-26.7,-29.4,6.025904000000001,-35.77314636710345,1040.965
846,16.093,2.7,-26.7,-29.4,6.025904000000001,-35.77314636710345,1040.94
847,16.093,2.7,-26.7,-29.4,6.025904000000001,-35.77314636710345,1040.915
848,16.093,2.7,-26.7,-29.4,6.025904000000001,-35.77314636710345,1040.89
849,16.093,2.7,-26.7,-29.4,6.025904000000001,-35.77314636710345,1040.865
850,16.093,2.7,-26.7,-29.4,6.025904000000001,-35.77314636710345,1040.84
851,16.093,2.7,-26.7,-29.4,6.025904000000001,-35.77314636710345,1040.815
852,16.093,2.7,-26.7,-29.4,6.025904000000001,-35.77314636710345,1040.79
853,16.093,2.7,-26.7,-29.4,6.025904000000001,-35.77314636710345,1040.765
854,16.093,2.7,-26.7,-29.4,6.025904000000001,-35.77314636710345,1040.74
855,16.093,2.7,-26.7,-29.4,6.025904000000001,-35.77314636710345,1040.715
856,16.093,2.686666666666666,-26.75333333333333,-29.44,5.961109333333334,-35.78152603309222,1040.7166666666667
857,16.093,2.653333333333333,-26.886666666666667,-29.54,5.799122666666667,-35.799734232171595,1040.7583333333334
858,16.093,2.62,-27.02,-29.64,5.637136000000001,-35.813872565296734,1040.8
859,16.093,2.5866666666666664,-27.15333333333333,-29.74,5.475149333333333,-35.823734965327255,1040.8416666666667
860,16.093,2.553333333333333,-27.286666666666665,-29.84,5.313162666666667,-35.829098124237646,1040.8833333333334
861,16.093,2.52,-27.42,-29.94,5.151176,-35.82971946452489,1040.925
862,16.093,2.486666666666667,-27.55333333333333,-30.04,4.989189333333334,-35.82533479909345,1040.9666666666667
863,16.093,2.4533333333333336,-27.686666666666667,-30.14,4.8272026666666665,-35.81565561988731,1041.0083333333334
864,16.093,2.4200000000000004,-27.82,-30.24,4.665216,-35.80036594165425,1041.05
865,16.093,2.386666666666667,-27.953333333333333,-30.34,4.5032293333333335,-35.77911860950995,1041.0916666666667
866,16.093,2.353333333333334,-28.086666666666662,-30.44,4.341242666666667,-35.751530956181924,1041.1333333333334
867,16.093,2.3200000000000007,-28.22,-30.540000000000003,4.1792560000000005,-35.71717966525752,1041.175
868,16.039366666666666,2.333333333333334,-28.28333333333333,-30.616666666666667,4.179256,-35.79138100664612,1041.2066666666667
869,15.905283333333331,2.4166666666666674,-28.241666666666667,-30.65833333333333,4.422236,-36.02695502131664,1041.2233333333334
870,15.7712,2.500000000000001,-28.2,-30.700000000000003,4.665216,-36.24928565669928,1041.24
871,15.637116666666667,2.583333333333334,-28.15833333333333,-30.741666666666667,4.908196,-36.459604064088765,1041.256666666667
872,15.503033333333333,2.6666666666666674,-28.116666666666667,-30.78333333333333,5.151176,-36.658972148511914,1041.2733333333333
873,15.36895,2.750000000000001,-28.075,-30.825000000000003,5.394156000000001,-36.84831262136289,1041.29
874,15.234866666666669,2.833333333333334,-28.03333333333333,-30.866666666666667,5.637136,-37.02843261983092,1041.3066666666668
875,15.100783333333334,2.9166666666666674,-27.991666666666667,-30.90833333333333,5.880116,-37.20004248504868,1041.3233333333335
876,14.9667,3.000000000000001,-27.95,-30.950000000000003,6.123096,-37.36377084813253,1041.34
877,14.832616666666668,3.083333333333334,-27.90833333333333,-30.991666666666667,6.3660760000000005,-37.5201768661893,1041.3566666666668
878,14.698533333333334,3.1666666666666674,-27.866666666666667,-31.03333333333333,6.609056000000001,-37.66976023381535,1041.3733333333334
879,14.56445,3.250000000000001,-27.825,-31.075000000000003,6.852036,-37.81296944059524,1041.39
880,14.537633333333334,3.2800000000000007,-27.76333333333333,-31.043333333333333,6.900632000000001,-37.77594626206671,1041.4033333333334
881,14.671716666666669,3.2300000000000004,-27.671666666666667,-30.901666666666667,6.657652000000001,-37.47225739880902,1041.4116666666669
882,14.8058,3.1800000000000006,-27.58,-30.76,6.414672,-37.16322154504839,1041.42
883,14.939883333333333,3.1300000000000003,-27.488333333333333,-30.61833333333333,6.171692,-36.84844546181279,1041.4283333333333
884,15.073966666666667,3.08,-27.39666666666667,-30.476666666666667,5.928712,-36.52749069259813,1041.4366666666667
885,15.20805,3.03,-27.305,-30.335,5.685732,-36.19986627981636,1041.4450000000002
886,15.342133333333331,2.98,-27.21333333333333,-30.19333333333333,5.4427520000000005,-35.865019941094246,1041.4533333333334
887,15.476216666666666,2.93,-27.121666666666663,-30.051666666666662,5.199772,-35.52232729490553,1041.4616666666666
888,15.6103,2.88,-27.03,-29.91,4.956792,-35.17107859079366,1041.47
889,15.744383333333332,2.83,-26.938333333333333,-29.76833333333333,4.713812,-34.81046221239677,1041.4783333333337
890,15.878466666666666,2.78,-26.846666666666668,-29.626666666666665,4.470832,-34.439543956948405,1041.486666666667
891,16.01255,2.7299999999999995,-26.755,-29.485,4.227852,-34.05724071467303,1041.495
892,16.093,2.7,-26.7,-29.4,4.082064,-33.82187621051777,1041.5
893,16.093,2.7,-26.7,-29.4,4.082064,-33.82187621051777,1041.5
894,16.093,2.7,-26.7,-29.4,4.082064,-33.82187621051777,1041.5
895,16.093,2.7,-26.7,-29.4,4.082064,-33.82187621051777,1041.5
896,16.093,2.7,-26.7,-29.4,4.082064,-33.82187621051777,1041.5
897,16.093,2.7,-26.7,-29.4,4.082064,-33.82187621051777,1041.5
898,16.093,2.7,-26.7,-29.4,4.082064,-33.82187621051777,1041.5
899,16.093,2.7,-26.7,-29.4,4.082064,-33.82187621051777,1041.5
900,16.093,2.7,-26.7,-29.4,4.082064,-33.82187621051777,1041.5
901,16.093,2.7,-26.7,-29.4,4.082064,-33.82187621051777,1041.5
902,16.093,2.7,-26.7,-29.4,4.082064,-33.82187621051777,1041.5
903,16.093,2.7,-26.7,-29.4,4.082064,-33.82187621051777,1041.5
904,16.093,2.72,-26.68,-29.4,4.082064,-33.798485551313604,1041.503333333333
905,16.093,2.769999999999999,-26.63,-29.4,4.082064,-33.74000890330316,1041.5116666666668
906,16.093,2.819999999999999,-26.58,-29.4,4.082064,-33.68153225529272,1041.52
907,16.093,2.8699999999999988,-26.53,-29.4,4.082064,-33.623055607282296,1041.5283333333332
908,16.093,2.9199999999999986,-26.48,-29.4,4.082064,-33.56457895927186,1041.5366666666666
909,16.093,2.9699999999999984,-26.43,-29.4,4.082064,-33.50610231126143,1041.545
910,16.093,3.0199999999999982,-26.38,-29.4,4.082064,-33.44762566325099,1041.5533333333333
911,16.093,3.069999999999998,-26.33,-29.4,4.082064,-33.389149015240555,1041.5616666666665
912,16.093,3.119999999999998,-26.28,-29.4,4.082064,-33.33067236723012,1041.57
913,16.093,3.1699999999999977,-26.23,-29.4,4.082064,-33.27219571921968,1041.5783333333334
914,16.093,3.219999999999997,-26.18,-29.4,4.082064,-33.213719071209255,1041.5866666666666
915,16.093,3.2699999999999974,-26.130000000000003,-29.4,4.082064,-33.155242423198814,1041.5949999999998
916,16.093,3.2833333333333306,-26.136666666666667,-29.42,4.146858666666667,-33.238825387627585,1041.6066666666666
917,16.093,3.241666666666664,-26.22833333333333,-29.47,4.308845333333333,-33.531671125049556,1041.6233333333332
918,16.093,3.199999999999998,-26.32,-29.52,4.470832,-33.819358047823286,1041.64
919,16.093,3.1583333333333314,-26.41166666666667,-29.57,4.632818666666667,-34.102237476088135,1041.6566666666663
920,16.093,3.1166666666666654,-26.50333333333333,-29.62,4.794805333333334,-34.38062597243615,1041.6733333333332
921,16.093,3.074999999999999,-26.595,-29.67,4.956792,-34.654809812486235,1041.6899999999998
922,16.093,3.0333333333333323,-26.686666666666667,-29.72,5.118778666666667,-34.925048755450234,1041.7066666666667
923,16.093,2.9916666666666663,-26.77833333333333,-29.77,5.280765333333333,-35.19157924269727,1041.7233333333334
924,16.093,2.95,-26.87,-29.82,5.4427520000000005,-35.45461712574962,1041.74
925,16.093,2.908333333333333,-26.961666666666662,-29.87,5.604738666666667,-35.71436000470615,1041.756666666667
926,16.093,2.866666666666667,-27.05333333333333,-29.92,5.7667253333333335,-35.97098924223595,1041.7733333333333
927,16.093,2.8250000000000006,-27.145,-29.97,5.928712000000001,-36.22467170588715,1041.79
928,16.093,2.7800000000000007,-27.16333333333333,-29.94333333333333,5.961109333333334,-36.27506834073636,1041.7966666666666
929,16.093,2.7300000000000004,-27.071666666666665,-29.801666666666662,5.799122666666667,-36.021956374483224,1041.7883333333334
930,16.093,2.6800000000000006,-26.98,-29.66,5.637136000000001,-35.76592940524933,1041.78
931,16.093,2.6300000000000003,-26.88833333333333,-29.51833333333333,5.475149333333333,-35.50682327622308,1041.7716666666663
932,16.093,2.58,-26.796666666666667,-29.376666666666665,5.313162666666667,-35.24445965526123,1041.763333333333
933,16.093,2.53,-26.705,-29.235,5.151176,-34.97864434148558,1041.755
934,16.093,2.48,-26.613333333333333,-29.093333333333334,4.989189333333334,-34.70916530950009,1041.746666666667
935,16.093,2.43,-26.52166666666667,-28.951666666666668,4.8272026666666665,-34.435790440624295,1041.7383333333332
936,16.093,2.38,-26.43,-28.81,4.665216,-34.15826487872639,1041.73
937,16.093,2.33,-26.33833333333333,-28.668333333333333,4.5032293333333335,-33.876307933156355,1041.7216666666668
938,16.093,2.28,-26.246666666666663,-28.526666666666667,4.341242666666667,-33.589609431866705,1041.7133333333334
939,16.093,2.2299999999999995,-26.155,-28.385,4.1792560000000005,-33.29782540261327,1041.705
940,16.093,2.1833333333333327,-26.1,-28.28333333333333,4.114461333333333,-33.158149358116304,1041.7066666666667
941,16.093,2.141666666666666,-26.1,-28.241666666666667,4.1954546666666666,-33.252043706443786,1041.7233333333334
942,16.093,2.099999999999999,-26.1,-28.2,4.276448,-33.34442759058764,1041.74
943,16.093,2.0583333333333327,-26.1,-28.15833333333333,4.357441333333333,-33.43535323768643,1041.756666666667
944,16.093,2.016666666666666,-26.1,-28.116666666666667,4.438434666666667,-33.52487013890828,1041.7733333333333
945,16.093,1.9749999999999992,-26.1,-28.075,4.519428,-33.61302523974062,1041.79
946,16.093,1.933333333333333,-26.1,-28.03333333333333,4.600421333333333,-33.69986311389472,1041.8066666666668
947,16.093,1.891666666666666,-26.1,-27.991666666666667,4.681414666666667,-33.78542612249771,1041.8233333333335
948,16.093,1.8499999999999992,-26.1,-27.95,4.762408,-33.8697545600482,1041.84
949,16.093,1.808333333333333,-26.1,-27.90833333333333,4.843401333333333,-33.9528867884411,1041.8566666666668
950,16.093,1.766666666666666,-26.1,-27.866666666666667,4.924394666666666,-34.03485936021881,1041.8733333333334
951,16.093,1.7249999999999992,-26.1,-27.825,5.005388,-34.11570713207679,1041.89
952,16.093,1.736666666666666,-26.026666666666667,-27.76333333333333,4.982709866666666,-34.00611276066723,1041.8866666666668
953,16.093,1.8283333333333327,-25.843333333333334,-27.671666666666667,4.804524533333333,-33.609234443777,1041.8533333333337
954,16.093,1.92,-25.66,-27.58,4.626339199999999,-33.20790784867771,1041.8200000000002
955,16.093,2.0116666666666663,-25.476666666666667,-27.488333333333333,4.448153866666667,-32.801784166657214,1041.7866666666666
956,16.093,2.103333333333333,-25.293333333333333,-27.39666666666667,4.2699685333333335,-32.390473236016526,1041.753333333333
957,16.093,2.195,-25.11,-27.305,4.0917832,-31.97353671628969,1041.72
958,16.093,2.286666666666666,-24.926666666666662,-27.21333333333333,3.913597866666666,-31.55047978596175,1041.6866666666667
959,16.093,2.3783333333333334,-24.74333333333333,-27.121666666666663,3.735412533333333,-31.120740961222534,1041.6533333333334
960,16.093,2.47,-24.56,-27.03,3.5572272,-30.683679498681954,1041.62
961,16.093,2.561666666666667,-24.376666666666665,-26.938333333333333,3.3790418666666664,-30.238559656137,1041.5866666666666
962,16.093,2.6533333333333338,-24.19333333333333,-26.846666666666668,3.200856533333333,-29.784530816469392,1041.5533333333333
963,16.093,2.745000000000001,-24.01,-26.755,3.0226712,-29.320602089996264,1041.52
964,16.093,2.853333333333334,-23.826666666666664,-26.68,2.987034133333333,-29.05891582286611,1041.4766666666667
965,16.093,2.986666666666668,-23.64333333333333,-26.63,3.165219466666666,-29.103431552007677,1041.4183333333333
966,16.093,3.120000000000001,-23.46,-26.58,3.3434048,-29.134466489309283,1041.36
967,16.093,3.2533333333333343,-23.276666666666664,-26.53,3.521590133333333,-29.15326325049121,1041.3016666666667
968,16.093,3.386666666666668,-23.093333333333334,-26.48,3.699775466666667,-29.160891576659115,1041.243333333333
969,16.093,3.5200000000000014,-22.91,-26.43,3.8779608,-29.15827952115246,1041.185
970,16.093,3.653333333333335,-22.726666666666667,-26.38,4.056146133333334,-29.146237847210806,1041.1266666666666
971,16.093,3.786666666666669,-22.543333333333333,-26.33,4.234331466666667,-29.125479345115167,1041.0683333333334
972,16.093,3.9200000000000017,-22.36,-26.28,4.4125168,-29.096634294253263,1041.01
973,16.093,4.053333333333336,-22.176666666666662,-26.23,4.590702133333333,-29.060262962836113,1040.9516666666666
974,16.093,4.186666666666668,-21.99333333333333,-26.18,4.7688874666666665,-29.01686580491397,1040.8933333333332
975,16.093,4.320000000000002,-21.81,-26.130000000000003,4.9470728,-28.96689184848201,1040.835
976,16.093,4.420000000000002,-21.66333333333333,-26.083333333333336,5.118778666666667,-28.948583397097316,1040.753333333333
977,16.093,4.4700000000000015,-21.571666666666665,-26.041666666666668,5.280765333333333,-28.982209576559562,1040.6366666666663
978,16.093,4.520000000000001,-21.48,-26.0,5.442752,-29.01169137417417,1040.52
979,16.093,4.570000000000001,-21.38833333333333,-25.958333333333336,5.604738666666667,-29.037244343371682,1040.4033333333334
980,16.093,4.620000000000001,-21.296666666666667,-25.916666666666668,5.7667253333333335,-29.05906675911681,1040.2866666666666
981,16.093,4.670000000000001,-21.205,-25.875,5.928712,-29.077341450006813,1040.17
982,16.093,4.720000000000001,-21.113333333333333,-25.833333333333336,6.0906986666666665,-29.09223739155076,1040.0533333333333
983,16.093,4.7700000000000005,-21.02166666666667,-25.791666666666668,6.252685333333334,-29.10391109724855,1039.9366666666667
984,16.093,4.82,-20.93,-25.75,6.414672,-29.112507837676702,1039.8200000000002
985,16.093,4.87,-20.83833333333333,-25.708333333333336,6.576658666666667,-29.118162712630685,1039.7033333333334
986,16.093,4.92,-20.746666666666663,-25.666666666666668,6.738645333333333,-29.121001597201563,1039.5866666666668
987,16.093,4.97,-20.655,-25.625,6.900632,-29.12114197927086,1039.47
988,16.093,5.0200000000000005,-20.56,-25.58,7.030221333333333,-29.092966504597015,1039.37
989,16.093,5.07,-20.46,-25.53,7.111214666666667,-29.024920618324217,1039.295
990,16.093,5.12,-20.36,-25.48,7.192208,-28.956143325197228,1039.22
991,16.093,5.170000000000001,-20.26,-25.43,7.273201333333334,-28.88664829727837,1039.145
992,16.093,5.220000000000001,-20.16,-25.380000000000003,7.354194666666666,-28.81644878938384,1039.0700000000002
993,16.093,5.2700000000000005,-20.06,-25.33,7.435188,-28.74555765638391,1038.995
994,16.093,5.320000000000001,-19.96,-25.28,7.516181333333333,-28.673987369603097,1038.92
995,16.093,5.370000000000001,-19.86,-25.23,7.597174666666667,-28.60175003237662,1038.845
996,16.093,5.420000000000001,-19.76,-25.18,7.678167999999999,-28.52885739481506,1038.77
997,16.093,5.4700000000000015,-19.66,-25.13,7.759161333333333,-28.45532086782533,1038.695
998,16.093,5.520000000000001,-19.56,-25.08,7.840154666666666,-28.38115153643314,1038.62
999,16.093,5.570000000000001,-19.46,-25.03,7.921148,-28.306360172448315,1038.545
1000,16.093,5.600000000000001,-19.363333333333333,-24.96333333333333,7.969743999999999,-28.21603783690214,1038.4766666666667
1001,16.093,5.600000000000001,-19.271666666666665,-24.871666666666663,7.969743999999999,-28.10315456320505,1038.4183333333333
1002,16.093,5.6000000000000005,-19.18,-24.78,7.969743999999999,-27.99027128950797,1038.36
1003,16.093,5.6000000000000005,-19.08833333333333,-24.688333333333333,7.969743999999999,-27.877388015810883,1038.3016666666667
1004,16.093,5.6000000000000005,-18.996666666666663,-24.596666666666668,7.969743999999999,-27.764504742113797,1038.243333333333
1005,16.093,5.6,-18.905,-24.505,7.969743999999999,-27.65162146841672,1038.185
1006,16.093,5.6,-18.813333333333333,-24.41333333333333,7.969743999999999,-27.538738194719638,1038.1266666666666
1007,16.093,5.6,-18.721666666666668,-24.321666666666665,7.969743999999999,-27.425854921022555,1038.0683333333334
1008,16.093,5.599999999999999,-18.63,-24.23,7.969743999999999,-27.31297164732547,1038.01
1009,16.093,5.599999999999999,-18.53833333333333,-24.13833333333333,7.969743999999999,-27.200088373628382,1037.9516666666666
1010,16.093,5.599999999999999,-18.446666666666665,-24.046666666666667,7.969743999999999,-27.087205099931303,1037.8933333333332
1011,16.093,5.599999999999998,-18.355,-23.955,7.969743999999999,-26.974321826234224,1037.835
1012,16.093,5.579999999999998,-18.3,-23.88,7.969743999999999,-26.906591862015972,1037.76
1013,16.093,5.529999999999999,-18.3,-23.83,7.969743999999999,-26.906591862015972,1037.66
1014,16.093,5.479999999999999,-18.3,-23.78,7.969743999999999,-26.906591862015972,1037.56
1015,16.093,5.429999999999999,-18.3,-23.73,7.969743999999999,-26.906591862015972,1037.46
1016,16.093,5.379999999999999,-18.3,-23.68,7.969743999999999,-26.906591862015972,1037.36
1017,16.093,5.329999999999999,-18.3,-23.63,7.969743999999999,-26.906591862015972,1037.26
1018,16.093,5.279999999999999,-18.3,-23.58,7.969743999999999,-26.906591862015972,1037.16
1019,16.093,5.23,-18.3,-23.53,7.969743999999999,-26.906591862015972,1037.06
1020,16.093,5.18,-18.3,-23.48,7.969743999999999,-26.906591862015972,1036.96
1021,16.093,5.13,-18.3,-23.43,7.969743999999999,-26.906591862015972,1036.86
1022,16.093,5.08,-18.3,-23.38,7.969743999999999,-26.906591862015972,1036.76
1023,16.093,5.03,-18.3,-23.33,7.969743999999999,-26.906591862015972,1036.66
1024,16.093,5.0,-18.3,-23.3,7.969743999999999,-26.906591862015972,1036.5866666666666
1025,16.093,5.0,-18.3,-23.3,7.969743999999999,-26.906591862015972,1036.5533333333333
1026,16.093,5.0,-18.3,-23.3,7.969743999999999,-26.906591862015972,1036.52
1027,16.093,5.0,-18.3,-23.3,7.969743999999999,-26.906591862015972,1036.486666666667
1028,16.093,5.0,-18.3,-23.3,7.969743999999999,-26.906591862015972,1036.4533333333334
1029,16.093,5.0,-18.3,-23.3,7.969743999999999,-26.906591862015972,1036.42
1030,16.093,5.0,-18.3,-23.3,7.969743999999999,-26.906591862015972,1036.3866666666663
1031,16.093,5.0,-18.3,-23.3,7.969743999999999,-26.906591862015972,1036.3533333333332
1032,16.093,5.0,-18.3,-23.3,7.969743999999999,-26.906591862015972,1036.32
1033,16.093,5.0,-18.3,-23.3,7.969743999999999,-26.906591862015972,1036.2866666666666
1034,16.093,5.0,-18.3,-23.3,7.969743999999999,-26.906591862015972,1036.253333333333
1035,16.093,5.0,-18.3,-23.3,7.969743999999999,-26.906591862015972,1036.22
1036,16.093,5.016666666666667,-18.28333333333333,-23.3,8.034538666666666,-26.923200190543177,1036.1733333333334
1037,16.093,5.058333333333334,-18.241666666666667,-23.3,8.196525333333334,-26.9635178855481,1036.1066666666668
1038,16.093,5.1,-18.2,-23.3,8.358512,-27.002164889061795,1036.04
1039,16.093,5.141666666666667,-18.15833333333333,-23.3,8.520498666666667,-27.039198515588495,1035.9733333333334
1040,16.093,5.183333333333334,-18.116666666666667,-23.3,8.682485333333332,-27.074673037479073,1035.9066666666668
1041,16.093,5.225,-18.075,-23.3,8.844472,-27.108639900253607,1035.84
1042,16.093,5.266666666666667,-18.03333333333333,-23.3,9.006458666666667,-27.141147919028683,1035.7733333333333
1043,16.093,5.308333333333334,-17.991666666666667,-23.3,9.168445333333333,-27.17224345801596,1035.7066666666667
1044,16.093,5.35,-17.95,-23.3,9.330432,-27.201970594823408,1035.64
1045,16.093,5.391666666666667,-17.908333333333335,-23.3,9.492418666666666,-27.23037127108634,1035.5733333333335
1046,16.093,5.433333333333334,-17.866666666666667,-23.3,9.654405333333331,-27.257485430778676,1035.506666666667
1047,16.093,5.475,-17.825,-23.3,9.816392,-27.283351147401227,1035.44
1048,16.093,5.503333333333333,-17.743333333333332,-23.246666666666663,9.9524608,-27.24564230344224,1035.3833333333334
1049,16.093,5.511666666666667,-17.601666666666667,-23.113333333333333,10.0496528,-27.113574130255646,1035.3416666666667
1050,16.093,5.52,-17.46,-22.98,10.1468448,-26.980860160388083,1035.3000000000002
1051,16.093,5.528333333333332,-17.318333333333335,-22.846666666666668,10.2440368,-26.847510200863795,1035.2583333333334
1052,16.093,5.536666666666666,-17.176666666666666,-22.71333333333333,10.3412288,-26.71353380763903,1035.2166666666667
1053,16.093,5.544999999999999,-17.035,-22.58,10.4384208,-26.578940294418757,1035.1750000000002
1054,16.093,5.553333333333332,-16.893333333333334,-22.446666666666665,10.5356128,-26.443738741082992,1035.1333333333334
1055,16.093,5.561666666666666,-16.75166666666667,-22.313333333333333,10.6328048,-26.30793800174374,1035.0916666666667
1056,16.093,5.569999999999999,-16.61,-22.18,10.7299968,-26.171546712451722,1035.0500000000002
1057,16.093,5.578333333333331,-16.468333333333334,-22.046666666666667,10.8271888,-26.03457329857142,1035.0083333333334
1058,16.093,5.586666666666665,-16.326666666666668,-21.91333333333333,10.9243808,-25.89702598184143,1034.9666666666667
1059,16.093,5.594999999999998,-16.185000000000002,-21.78,11.0215728,-25.758912787136346,1034.9250000000002
1060,16.093,5.619999999999998,-16.043333333333333,-21.66333333333333,11.144682666666666,-25.630960871770796,1034.8666666666668
1061,16.093,5.669999999999998,-15.901666666666667,-21.571666666666665,11.306669333333334,-25.518056995275792,1034.7833333333335
1062,16.093,5.719999999999999,-15.760000000000002,-21.48,11.468656,-25.403940836615284,1034.7
1063,16.093,5.769999999999999,-15.618333333333334,-21.38833333333333,11.630642666666668,-25.288640325537777,1034.6166666666668
1064,16.093,5.819999999999999,-15.476666666666668,-21.296666666666667,11.792629333333334,-25.17218233285042,1034.5333333333335
1065,16.093,5.869999999999999,-15.335,-21.205,11.954616,-25.054592724968124,1034.45
1066,16.093,5.92,-15.193333333333335,-21.113333333333333,12.116602666666669,-24.93589641494305,1034.3666666666668
1067,16.093,5.97,-15.051666666666668,-21.02166666666667,12.278589333333333,-24.81611741024579,1034.2833333333335
1068,16.093,6.0200000000000005,-14.91,-20.93,12.440576,-24.695278857545397,1034.2
1069,16.093,6.07,-14.768333333333334,-20.83833333333333,12.602562666666667,-24.573403084713505,1034.1166666666668
1070,16.093,6.120000000000001,-14.626666666666669,-20.746666666666663,12.764549333333331,-24.45051164025852,1034.0333333333335
1071,16.093,6.170000000000001,-14.485,-20.655,12.926536,-24.326625330377603,1033.95
1072,16.093,6.196666666666668,-14.383333333333333,-20.58,13.023728,-24.23046911371354,1033.8766666666668
1073,16.093,6.188333333333334,-14.341666666666669,-20.53,13.023728,-24.177080901621277,1033.8183333333334
1074,16.093,6.180000000000001,-14.3,-20.48,13.023728,-24.123692689529012,1033.76
1075,16.093,6.171666666666668,-14.258333333333333,-20.43,13.023728,-24.070304477436746,1033.7016666666668
1076,16.093,6.163333333333334,-14.216666666666669,-20.380000000000003,13.023728,-24.016916265344484,1033.6433333333334
1077,16.093,6.155,-14.175,-20.33,13.023728,-23.963528053252215,1033.585
1078,16.093,6.146666666666667,-14.133333333333333,-20.28,13.023728,-23.910139841159946,1033.5266666666666
1079,16.093,6.138333333333334,-14.091666666666669,-20.23,13.023728,-23.856751629067688,1033.4683333333337
1080,16.093,6.13,-14.05,-20.18,13.023728,-23.803363416975422,1033.41
1081,16.093,6.121666666666667,-14.008333333333333,-20.13,13.023728,-23.749975204883153,1033.3516666666667
1082,16.093,6.113333333333333,-13.966666666666669,-20.08,13.023728,-23.69658699279089,1033.2933333333333
1083,16.093,6.105,-13.925,-20.03,13.023728,-23.643198780698626,1033.235
1084,16.093,6.083333333333333,-13.88,-19.96333333333333,13.088522666666666,-23.60784448686628,1033.17
1085,16.093,6.041666666666666,-13.83,-19.871666666666663,13.250509333333332,-23.599046693291996,1033.095
1086,16.093,5.999999999999999,-13.78,-19.78,13.412496,-23.58955454978825,1033.02
1087,16.093,5.958333333333332,-13.73,-19.688333333333333,13.574482666666666,-23.5793825116629,1032.945
1088,16.093,5.916666666666666,-13.68,-19.596666666666668,13.736469333333334,-23.568544555699184,1032.87
1089,16.093,5.874999999999999,-13.63,-19.505,13.898456,-23.5570542015261,1032.795
1090,16.093,5.833333333333332,-13.58,-19.41333333333333,14.060442666666669,-23.54492453179538,1032.72
1091,16.093,5.791666666666665,-13.53,-19.321666666666665,14.222429333333334,-23.532168211244787,1032.645
1092,16.093,5.749999999999998,-13.48,-19.23,14.384416,-23.51879750472111,1032.57
1093,16.093,5.708333333333331,-13.43,-19.13833333333333,14.546402666666667,-23.50482429423079,1032.495
1094,16.093,5.666666666666665,-13.38,-19.046666666666667,14.708389333333333,-23.490260095080817,1032.42
1095,16.093,5.624999999999998,-13.33,-18.955,14.870376,-23.47511607116802,1032.345
1096,15.7175,5.563333333333332,-13.3,-18.863333333333333,14.935170666666666,-23.455939205615024,1032.29
1097,14.77875,5.471666666666665,-13.3,-18.771666666666665,14.854177333333334,-23.431319088516467,1032.265
1098,13.84,5.379999999999998,-13.3,-18.68,14.773184,-23.40658594809308,1032.24
1099,12.90125,5.288333333333332,-13.3,-18.58833333333333,14.692190666666669,-23.38173864155647,1032.215
1100,11.9625,5.196666666666665,-13.3,-18.496666666666663,14.611197333333331,-23.356776008185,1032.19
1101,11.02375,5.104999999999999,-13.3,-18.405,14.530204,-23.331696868941194,1032.165
1102,10.085,5.013333333333333,-13.3,-18.313333333333333,14.449210666666668,-23.306500026078755,1032.14
1103,9.146249999999998,4.921666666666666,-13.3,-18.221666666666668,14.368217333333334,-23.281184262738897,1032.115
1104,8.2075,4.829999999999999,-13.3,-18.13,14.287224,-23.255748342535668,1032.09
1105,7.268749999999999,4.738333333333333,-13.3,-18.03833333333333,14.206230666666668,-23.23019100912984,1032.065
1106,6.329999999999998,4.6466666666666665,-13.3,-17.946666666666665,14.125237333333336,-23.204510985791,1032.04
1107,5.391249999999999,4.555,-13.3,-17.855,14.044244,-23.17870697494751,1032.015
1108,4.881633333333333,4.443333333333333,-13.3,-17.743333333333332,13.930853333333337,-23.14237054548407,1031.9733333333334
1109,5.015716666666667,4.301666666666667,-13.3,-17.601666666666667,13.768866666666668,-23.090027977151948,1031.9066666666668
1110,5.1498,4.16,-13.3,-17.46,13.60688,-23.03716555962081,1031.84
1111,5.283883333333334,4.0183333333333335,-13.3,-17.318333333333335,13.444893333333336,-22.983771848050825,1031.7733333333333
1112,5.417966666666667,3.876666666666667,-13.3,-17.176666666666666,13.282906666666667,-22.929835003982834,1031.7066666666667
1113,5.55205,3.735,-13.3,-17.035,13.120920000000002,-22.875342776809248,1031.64
1114,5.686133333333333,3.5933333333333337,-13.3,-16.893333333333334,12.958933333333334,-22.820282484131972,1031.5733333333333
1115,5.820216666666667,3.451666666666667,-13.3,-16.75166666666667,12.796946666666669,-22.764640990925535,1031.506666666667
1116,5.9543,3.3100000000000005,-13.3,-16.61,12.63496,-22.708404687416767,1031.44
1117,6.088383333333334,3.168333333333334,-13.3,-16.468333333333334,12.472973333333334,-22.651559465584253,1031.3733333333334
1118,6.222466666666667,3.026666666666668,-13.3,-16.326666666666668,12.310986666666668,-22.594090694172444,1031.3066666666666
1119,6.35655,2.8850000000000007,-13.3,-16.185000000000002,12.149,-22.535983192105498,1031.24
1120,6.437,2.8000000000000007,-13.3,-16.1,12.051808,-22.500805569260805,1031.2
1121,6.437,2.8000000000000007,-13.3,-16.1,12.051808,-22.500805569260805,1031.2
