idx,VIS_km,TD_SPREAD,TEMP_C,DEWP_C,WND_KT,WIND_CHILL,SLP_hPa
0,4.828,2.200000000000001,-13.9,-16.1,7.969743999999999,-21.488194724555974,973.6
1,4.828,2.200000000000001,-13.9,-16.1,7.969743999999999,-21.488194724555974,973.6
2,4.828,2.200000000000001,-13.9,-16.1,7.969743999999999,-21.488194724555974,973.6
3,4.828,2.200000000000001,-13.9,-16.1,7.969743999999999,-21.488194724555974,973.6
4,4.828,2.200000000000001,-13.9,-16.1,7.969743999999999,-21.488194724555974,973.6
5,4.828,2.200000000000001,-13.9,-16.1,7.969743999999999,-21.488194724555974,973.6
6,4.828,2.200000000000001,-13.9,-16.1,7.969743999999999,-21.488194724555974,973.6
7,4.828,2.200000000000001,-13.9,-16.1,7.969743999999999,-21.488194724555974,973.6
8,4.828,2.200000000000001,-13.9,-16.1,7.969743999999999,-21.488194724555974,973.6
9,4.828,2.200000000000001,-13.9,-16.1,7.969743999999999,-21.488194724555974,973.6
10,4.828,2.200000000000001,-13.9,-16.1,7.969743999999999,-21.488194724555974,973.6
11,5.042566666666667,2.236666666666668,-13.863333333333332,-16.1,8.002141333333332,-21.459888758269507,973.5766666666668
12,5.578983333333333,2.3283333333333345,-13.771666666666668,-16.1,8.083134666666666,-21.388748002494793,973.5183333333332
13,6.1154,2.420000000000001,-13.68,-16.1,8.164128,-21.317077380058187,973.46
14,6.651816666666667,2.511666666666668,-13.588333333333331,-16.1,8.245121333333334,-21.244885497906985,973.4016666666666
15,7.188233333333334,2.6033333333333344,-13.496666666666668,-16.1,8.326114666666665,-21.172180732277685,973.3433333333334
16,7.72465,2.6950000000000007,-13.405,-16.1,8.407108,-21.098971237129,973.285
17,8.261066666666668,2.7866666666666675,-13.313333333333334,-16.1,8.488101333333333,-21.025264952187452,973.2266666666668
18,8.797483333333334,2.8783333333333343,-13.221666666666668,-16.1,8.569094666666667,-20.951069610626654,973.1683333333332
19,9.3339,2.9700000000000006,-13.13,-16.1,8.650088,-20.876392746400455,973.11
20,9.870316666666668,3.0616666666666674,-13.038333333333334,-16.1,8.731081333333332,-20.80124170124858,973.0516666666666
21,10.406733333333335,3.153333333333334,-12.946666666666667,-16.1,8.812074666666666,-20.72562363139232,972.9933333333332
22,10.94315,3.245000000000001,-12.855,-16.1,8.893068,-20.649545513936786,972.935
23,11.318666666666669,3.303333333333334,-12.78,-16.083333333333336,8.876869333333334,-20.54887151830501,972.89
24,11.452833333333334,3.3116666666666674,-12.73,-16.041666666666668,8.714882666666666,-20.411164635102285,972.865
25,11.587,3.3200000000000007,-12.68,-16.0,8.552895999999999,-20.272451990301953,972.84
26,11.721166666666669,3.328333333333334,-12.63,-15.958333333333334,8.390909333333333,-20.132696196131704,972.815
27,11.855333333333334,3.336666666666668,-12.58,-15.916666666666668,8.228922666666666,-19.991857764360038,972.79
28,11.9895,3.3450000000000006,-12.53,-15.875,8.066936,-19.84989494494211,972.765
29,12.123666666666669,3.353333333333334,-12.48,-15.833333333333334,7.904949333333333,-19.70676354877629,972.74
30,12.257833333333334,3.3616666666666672,-12.43,-15.791666666666668,7.742962666666667,-19.56241675264729,972.715
31,12.392,3.370000000000001,-12.38,-15.75,7.580976,-19.41680488415331,972.69
32,12.526166666666668,3.378333333333334,-12.33,-15.708333333333334,7.418989333333333,-19.269875184088978,972.665
33,12.660333333333334,3.386666666666667,-12.28,-15.666666666666666,7.257002666666667,-19.12157154337407,972.64
34,12.7945,3.3950000000000005,-12.23,-15.625,7.095016,-18.971834211168225,972.615
35,12.553133333333331,3.3800000000000003,-12.2,-15.58,7.030221333333333,-18.899330368647703,972.61
36,11.748466666666667,3.3300000000000005,-12.2,-15.53,7.111214666666667,-18.944159152822937,972.635
37,10.9438,3.28,-12.2,-15.48,7.192208,-18.988561083184216,972.66
38,10.139133333333334,3.2300000000000004,-12.2,-15.43,7.273201333333334,-19.032544963120806,972.685
39,9.334466666666668,3.1800000000000006,-12.2,-15.38,7.354194666666666,-19.07611931889069,972.71
40,8.5298,3.130000000000001,-12.2,-15.33,7.435188,-19.11929241128738,972.735
41,7.725133333333333,3.0800000000000005,-12.2,-15.28,7.516181333333333,-19.162072246694343,972.76
42,6.920466666666667,3.0300000000000007,-12.2,-15.23,7.597174666666667,-19.204466587565463,972.785
43,6.1158,2.9800000000000004,-12.2,-15.18,7.678167999999999,-19.246482962367093,972.81
44,5.311133333333333,2.9300000000000006,-12.2,-15.13,7.759161333333333,-19.288128675014722,972.835
45,4.506466666666666,2.880000000000001,-12.2,-15.08,7.840154666666666,-19.329410813834947,972.86
46,3.7018,2.830000000000001,-12.2,-15.03,7.921148,-19.370336260081217,972.885
47,3.3262666666666667,2.8000000000000007,-12.22,-15.02,8.073415466666667,-19.470988040377385,972.9233333333332
48,3.5944333333333334,2.8000000000000007,-12.27,-15.07,8.332594133333332,-19.659472661590684,972.9816666666668
49,3.8626,2.8000000000000003,-12.32,-15.12,8.5917728,-19.84499102007086,973.04
50,4.130766666666666,2.8000000000000003,-12.37,-15.17,8.850951466666666,-20.027710956653678,973.0983333333334
51,4.398933333333334,2.8000000000000003,-12.42,-15.22,9.110130133333334,-20.20778639238218,973.1566666666666
52,4.6671,2.8,-12.47,-15.27,9.3693088,-20.385358838388537,973.215
53,4.935266666666667,2.8,-12.52,-15.32,9.628487466666666,-20.560558705343755,973.2733333333332
54,5.203433333333334,2.8,-12.57,-15.37,9.887666133333331,-20.73350644369899,973.3316666666668
55,5.4716000000000005,2.7999999999999994,-12.62,-15.42,10.1468448,-20.90431354039559,973.39
56,5.739766666666667,2.7999999999999994,-12.67,-15.47,10.406023466666667,-21.07308339327468,973.4483333333334
57,6.007933333333334,2.7999999999999994,-12.72,-15.52,10.665202133333334,-21.239912080831004,973.5066666666668
58,6.2761000000000005,2.799999999999999,-12.77,-15.57,10.924380800000002,-21.404889042047824,973.565
59,6.705233333333334,2.799999999999999,-12.853333333333332,-15.653333333333332,11.008613866666668,-21.542902364823163,973.6
60,7.375816666666667,2.799999999999999,-12.986666666666668,-15.786666666666669,10.830428533333334,-21.641631749378,973.6
61,8.0464,2.799999999999999,-13.12,-15.92,10.6522432,-21.738940313427786,973.6
62,8.716983333333333,2.799999999999999,-13.253333333333334,-16.053333333333335,10.474057866666667,-21.834788438450666,973.6
63,9.387566666666666,2.799999999999999,-13.386666666666668,-16.186666666666667,10.295872533333334,-21.92913464150785,973.6
64,10.05815,2.799999999999999,-13.52,-16.32,10.1176872,-22.02193545245984,973.6
65,10.728733333333334,2.799999999999999,-13.653333333333334,-16.453333333333333,9.939501866666667,-22.113145280739992,973.6
66,11.399316666666667,2.799999999999999,-13.786666666666669,-16.586666666666666,9.761316533333334,-22.20271627059072,973.6
67,12.0699,2.799999999999999,-13.92,-16.72,9.5831312,-22.290598143530612,973.6
68,12.740483333333334,2.799999999999999,-14.053333333333336,-16.85333333333333,9.404945866666669,-22.376738026663507,973.6
69,13.411066666666668,2.799999999999999,-14.186666666666667,-16.986666666666665,9.226760533333334,-22.461080265259678,973.6
70,14.08165,2.799999999999999,-14.32,-17.119999999999997,9.0485752,-22.54356621783155,973.6
71,14.537633333333334,2.779999999999999,-14.476666666666668,-17.256666666666668,9.0777328,-22.752285173345403,973.63
72,14.671716666666669,2.729999999999999,-14.668333333333331,-17.398333333333333,9.4179048,-23.15013479656451,973.705
73,14.8058,2.679999999999999,-14.86,-17.54,9.7580768,-23.544608803656764,973.78
74,14.939883333333333,2.629999999999999,-15.051666666666666,-17.681666666666665,10.0982488,-23.935947927075837,973.855
75,15.073966666666667,2.579999999999999,-15.243333333333334,-17.823333333333334,10.4384208,-24.324369418927784,973.93
76,15.20805,2.53,-15.435,-17.965,10.7785928,-24.710069996194953,974.005
77,15.342133333333331,2.479999999999999,-15.626666666666669,-18.106666666666666,11.1187648,-25.09322833770517,974.08
78,15.476216666666666,2.43,-15.818333333333332,-18.24833333333333,11.4589368,-25.474007212436554,974.155
79,15.6103,2.379999999999999,-16.009999999999998,-18.39,11.7991088,-25.85255530270912,974.23
80,15.744383333333332,2.329999999999999,-16.201666666666668,-18.531666666666663,12.1392808,-26.22900877336997,974.305
81,15.878466666666666,2.28,-16.39333333333333,-18.67333333333333,12.4794528,-26.603492628348132,974.38
82,16.01255,2.2299999999999995,-16.585,-18.815,12.8196248,-26.97612188828827,974.455
83,15.878433333333334,2.2,-16.716666666666665,-18.916666666666664,12.958933333333334,-27.19631758704679,974.5133333333332
84,15.342016666666666,2.2,-16.758333333333333,-18.95833333333333,12.796946666666669,-27.189458155462894,974.5466666666666
85,14.8056,2.2,-16.8,-19.0,12.63496,-27.181843854474238,974.58
86,14.269183333333334,2.2,-16.841666666666665,-19.041666666666664,12.472973333333334,-27.173457614427722,974.6133333333332
87,13.732766666666668,2.2,-16.883333333333333,-19.08333333333333,12.310986666666668,-27.164281741753186,974.6466666666666
88,13.19635,2.2,-16.925,-19.125,12.149,-27.154297887484347,974.68
89,12.659933333333331,2.2,-16.966666666666665,-19.166666666666664,11.987013333333334,-27.14348701374526,974.7133333333334
90,12.123516666666667,2.2,-17.008333333333333,-19.20833333333333,11.825026666666666,-27.131829358041113,974.7466666666668
91,11.5871,2.2,-17.05,-19.25,11.66304,-27.119304395177107,974.78
92,11.050683333333334,2.2,-17.091666666666665,-19.291666666666664,11.501053333333331,-27.1058907966125,974.8133333333332
93,10.514266666666668,2.2,-17.133333333333333,-19.33333333333333,11.339066666666668,-27.09156638703808,974.8466666666668
94,9.97785,2.2,-17.175,-19.375,11.17708,-27.076308097944533,974.88
95,9.816933333333331,2.22,-17.256666666666668,-19.476666666666667,11.112285333333334,-27.15214811138074,976.7733333333332
96,10.219266666666668,2.27,-17.398333333333333,-19.668333333333333,11.193278666666668,-27.365782335502395,981.4566666666666
97,10.6216,2.3199999999999994,-17.54,-19.86,11.274272,-27.579419008719015,986.14
98,11.023933333333334,2.37,-17.681666666666665,-20.051666666666662,11.355265333333334,-27.793058973705833,990.8233333333332
99,11.426266666666669,2.42,-17.823333333333334,-20.24333333333333,11.436258666666667,-28.006703050892114,995.5066666666668
100,11.8286,2.47,-17.965,-20.435,11.517252,-28.22035203913228,1000.19
101,12.230933333333333,2.52,-18.106666666666666,-20.626666666666665,11.598245333333336,-28.4340067163529,1004.8733333333332
102,12.633266666666668,2.5700000000000003,-18.24833333333333,-20.81833333333333,11.679238666666668,-28.64766784017658,1009.5566666666666
103,13.0356,2.62,-18.39,-21.01,11.760232,-28.86133614852369,1014.24
104,13.437933333333334,2.6700000000000004,-18.531666666666663,-21.201666666666664,11.841225333333334,-29.07501236019288,1018.9233333333332
105,13.840266666666666,2.7200000000000006,-18.67333333333333,-21.39333333333333,11.922218666666668,-29.288697175421273,1023.6066666666666
106,14.2426,2.7700000000000005,-18.815,-21.585,12.003212,-29.5023912764251,1028.29
107,14.537633333333334,2.7800000000000007,-18.956666666666667,-21.736666666666665,11.948136533333336,-29.659880792597775,1031.0966666666666
108,14.671716666666669,2.7300000000000004,-19.098333333333333,-21.828333333333333,11.688957866666668,-29.731217713040696,1031.0883333333331
109,14.8058,2.6800000000000006,-19.24,-21.92,11.4297792,-29.799855105332338,1031.08
110,14.939883333333333,2.6300000000000003,-19.381666666666668,-22.011666666666667,11.170600533333332,-29.865687976514486,1031.0716666666667
111,15.073966666666667,2.58,-19.523333333333333,-22.10333333333333,10.911421866666668,-29.928604517905576,1031.0633333333333
112,15.20805,2.53,-19.665,-22.195,10.6522432,-29.988485484602688,1031.0549999999998
113,15.342133333333331,2.48,-19.80666666666667,-22.286666666666665,10.393064533333334,-30.045203501665327,1031.0466666666666
114,15.476216666666666,2.43,-19.94833333333333,-22.37833333333333,10.133885866666668,-30.098622286237624,1031.0383333333334
115,15.6103,2.38,-20.09,-22.47,9.8747072,-30.148595772970946,1031.03
116,15.744383333333332,2.33,-20.23166666666667,-22.561666666666667,9.615528533333332,-30.19496712782137,1031.0216666666663
117,15.878466666666666,2.28,-20.37333333333333,-22.65333333333333,9.356349866666664,-30.23756763252104,1031.013333333333
118,16.01255,2.2299999999999995,-20.515,-22.745,9.0971712,-30.276215418637513,1031.005
119,16.093,2.22,-20.616666666666667,-22.836666666666662,8.941664,-30.31813884317655,1030.993333333333
120,16.093,2.269999999999999,-20.65833333333333,-22.92833333333333,8.941664,-30.369921669322764,1030.9766666666667
121,16.093,2.319999999999999,-20.700000000000003,-23.02,8.941664,-30.421704495468987,1030.96
122,16.093,2.3699999999999988,-20.741666666666667,-23.111666666666668,8.941664,-30.473487321615202,1030.9433333333334
123,16.093,2.4199999999999986,-20.78333333333333,-23.203333333333333,8.941664,-30.52527014776142,1030.9266666666667
124,16.093,2.4699999999999984,-20.825000000000003,-23.295,8.941664,-30.577052973907644,1030.91
125,16.093,2.5199999999999982,-20.866666666666667,-23.386666666666667,8.941664,-30.628835800053857,1030.8933333333332
126,16.093,2.569999999999998,-20.90833333333333,-23.47833333333333,8.941664,-30.680618626200072,1030.8766666666666
127,16.093,2.619999999999998,-20.950000000000003,-23.57,8.941664,-30.732401452346295,1030.86
128,16.093,2.6699999999999977,-20.991666666666667,-23.661666666666665,8.941664,-30.78418427849251,1030.8433333333332
129,16.093,2.719999999999997,-21.03333333333333,-23.75333333333333,8.941664,-30.835967104638726,1030.8266666666666
130,16.093,2.7699999999999974,-21.075000000000003,-23.845,8.941664,-30.887749930784953,1030.81
131,16.093,2.779999999999997,-21.136666666666667,-23.916666666666664,8.909266666666666,-30.94642031069189,1030.81
132,16.093,2.7299999999999973,-21.22833333333333,-23.95833333333333,8.828273333333332,-31.015064549269493,1030.835
133,16.093,2.679999999999997,-21.32,-24.0,8.74728,-31.083191898188456,1030.86
134,16.093,2.6299999999999977,-21.41166666666667,-24.041666666666664,8.666286666666666,-31.15079441969057,1030.885
135,16.093,2.579999999999998,-21.50333333333333,-24.08333333333333,8.585293333333333,-31.217863971614232,1030.91
136,16.093,2.529999999999998,-21.595,-24.125,8.504299999999999,-31.28439220008397,1030.935
137,16.093,2.479999999999998,-21.686666666666667,-24.166666666666664,8.423306666666665,-31.350370531864908,1030.96
138,16.093,2.4299999999999984,-21.77833333333333,-24.20833333333333,8.342313333333333,-31.415790166363557,1030.985
139,16.093,2.3799999999999986,-21.87,-24.25,8.26132,-31.48064206725489,1031.01
140,16.093,2.3299999999999987,-21.961666666666662,-24.291666666666664,8.180326666666666,-31.544916953714147,1031.035
141,16.093,2.279999999999999,-22.05333333333333,-24.33333333333333,8.099333333333332,-31.608605291231008,1031.06
142,16.093,2.229999999999999,-22.145,-24.375,8.01834,-31.67169728198123,1031.0849999999998
143,16.093,2.22,-22.2,-24.42,7.969743999999999,-31.70926205203733,1031.1066666666666
144,16.093,2.27,-22.2,-24.47,7.969743999999999,-31.70926205203733,1031.1233333333332
145,16.093,2.3199999999999994,-22.2,-24.52,7.969743999999999,-31.70926205203733,1031.14
146,16.093,2.37,-22.2,-24.57,7.969743999999999,-31.70926205203733,1031.1566666666663
147,16.093,2.42,-22.2,-24.62,7.969743999999999,-31.70926205203733,1031.1733333333332
148,16.093,2.47,-22.2,-24.67,7.969743999999999,-31.70926205203733,1031.1899999999998
149,16.093,2.52,-22.2,-24.72,7.969743999999999,-31.70926205203733,1031.2066666666667
150,16.093,2.5700000000000003,-22.2,-24.77,7.969743999999999,-31.70926205203733,1031.2233333333334
151,16.093,2.62,-22.2,-24.82,7.969743999999999,-31.70926205203733,1031.24
152,16.093,2.6700000000000004,-22.2,-24.87,7.969743999999999,-31.70926205203733,1031.256666666667
153,16.093,2.7200000000000006,-22.2,-24.92,7.969743999999999,-31.70926205203733,1031.2733333333333
154,16.093,2.7700000000000005,-22.2,-24.97,7.969743999999999,-31.70926205203733,1031.29
155,16.093,2.7800000000000007,-22.22,-25.0,7.969743999999999,-31.733891129934875,1031.2866666666666
156,16.093,2.7300000000000004,-22.27,-25.0,7.969743999999999,-31.79546382467874,1031.253333333333
157,16.093,2.6800000000000006,-22.32,-25.0,7.969743999999999,-31.857036519422604,1031.22
158,16.093,2.6300000000000003,-22.37,-25.0,7.969743999999999,-31.91860921416647,1031.1866666666667
159,16.093,2.58,-22.42,-25.0,7.969743999999999,-31.980181908910332,1031.1533333333334
160,16.093,2.53,-22.47,-25.0,7.969743999999999,-32.0417546036542,1031.12
161,16.093,2.48,-22.52,-25.0,7.969743999999999,-32.10332729839806,1031.0866666666666
162,16.093,2.43,-22.57,-25.0,7.969743999999999,-32.16489999314193,1031.0533333333333
163,16.093,2.38,-22.62,-25.0,7.969743999999999,-32.22647268788579,1031.02
164,16.093,2.33,-22.67,-25.0,7.969743999999999,-32.288045382629655,1030.986666666667
165,16.093,2.28,-22.72,-25.0,7.969743999999999,-32.34961807737351,1030.9533333333334
166,16.093,2.2299999999999995,-22.77,-25.0,7.969743999999999,-32.41119077211738,1030.92
167,16.093,2.22,-22.8,-25.02,7.937346666666666,-32.42767801520255,1030.9
168,16.093,2.27,-22.8,-25.07,7.856353333333333,-32.37622854470752,1030.9
169,16.093,2.3199999999999994,-22.8,-25.12,7.77536,-32.32433158637039,1030.9
170,16.093,2.37,-22.8,-25.17,7.694366666666666,-32.271978525395824,1030.9
171,16.093,2.42,-22.8,-25.22,7.613373333333333,-32.219160488297206,1030.9
172,16.093,2.47,-22.8,-25.27,7.53238,-32.16586833228087,1030.9
173,16.093,2.52,-22.8,-25.32,7.451386666666667,-32.11209263407529,1030.9
174,16.093,2.5700000000000003,-22.8,-25.37,7.370393333333333,-32.057823678169804,1030.9
175,16.093,2.62,-22.8,-25.42,7.2894,-32.00305144442493,1030.9
176,16.093,2.6700000000000004,-22.8,-25.47,7.208406666666667,-31.94776559501318,1030.9
177,16.093,2.7200000000000006,-22.8,-25.52,7.127413333333334,-31.89195546064626,1030.9
178,16.093,2.7700000000000005,-22.8,-25.57,7.04642,-31.835610026041106,1030.9
179,16.093,2.8000000000000007,-22.8,-25.6,7.030221333333333,-31.824275708487747,1030.8966666666668
180,16.093,2.8000000000000007,-22.8,-25.6,7.111214666666667,-31.88072955649286,1030.888333333333
181,16.093,2.8000000000000007,-22.8,-25.6,7.192208,-31.93664585834818,1030.88
182,16.093,2.8000000000000007,-22.8,-25.6,7.273201333333334,-31.992035700350353,1030.871666666667
183,16.093,2.8000000000000007,-22.8,-25.6,7.354194666666666,-32.04690981979866,1030.8633333333337
184,16.093,2.8000000000000007,-22.8,-25.6,7.435188,-32.10127861968728,1030.855
185,16.093,2.8000000000000007,-22.8,-25.6,7.516181333333333,-32.1551521826264,1030.8466666666666
186,16.093,2.8000000000000007,-22.8,-25.6,7.597174666666667,-32.20854028404044,1030.8383333333334
187,16.093,2.8000000000000007,-22.8,-25.6,7.678167999999999,-32.26145240468831,1030.83
188,16.093,2.8000000000000007,-22.8,-25.6,7.759161333333333,-32.31389774254722,1030.8216666666667
189,16.093,2.8000000000000007,-22.8,-25.6,7.840154666666666,-32.365885224098655,1030.8133333333333
190,16.093,2.8000000000000007,-22.8,-25.6,7.921148,-32.41742351505246,1030.805
191,16.093,2.8000000000000007,-22.8,-25.6,7.872552,-32.386553966598015,1030.78
192,16.093,2.8000000000000007,-22.8,-25.6,7.629572,-32.22976172869454,1030.73
193,16.093,2.8000000000000007,-22.8,-25.6,7.386591999999999,-32.06871740644367,1030.68
194,16.093,2.8000000000000007,-22.8,-25.6,7.143611999999999,-31.903159953946055,1030.63
195,16.093,2.8000000000000007,-22.8,-25.6,6.900632,-31.73280273236776,1030.58
196,16.093,2.8000000000000007,-22.8,-25.6,6.657652,-31.557329995573923,1030.53
197,16.093,2.8000000000000007,-22.8,-25.6,6.414672,-31.376392744862425,1030.48
198,16.093,2.8000000000000007,-22.8,-25.6,6.171692,-31.189603810852965,1030.43
199,16.093,2.8000000000000007,-22.8,-25.6,5.928712,-30.996531981678388,1030.38
200,16.093,2.8000000000000007,-22.8,-25.6,5.685732,-30.796694944978565,1030.33
201,16.093,2.8000000000000007,-22.8,-25.6,5.4427520000000005,-30.589550741906933,1030.28
202,16.093,2.8000000000000007,-22.8,-25.6,5.199771999999999,-30.374487337316154,1030.23
203,16.093,2.8000000000000007,-22.8,-25.6,5.053984,-30.24136287990818,1030.1866666666667
204,16.093,2.8000000000000007,-22.8,-25.6,5.053984,-30.24136287990818,1030.1533333333334
205,16.093,2.8000000000000007,-22.8,-25.6,5.053984,-30.24136287990818,1030.12
206,16.093,2.8000000000000007,-22.8,-25.6,5.053984,-30.24136287990818,1030.0866666666666
207,16.093,2.8000000000000007,-22.8,-25.6,5.053984,-30.24136287990818,1030.0533333333333
208,16.093,2.8000000000000007,-22.8,-25.6,5.053984,-30.24136287990818,1030.02
209,16.093,2.8000000000000007,-22.8,-25.6,5.053984,-30.24136287990818,1029.986666666667
210,16.093,2.8000000000000007,-22.8,-25.6,5.053984,-30.24136287990818,1029.9533333333334
211,16.093,2.8000000000000007,-22.8,-25.6,5.053984,-30.24136287990818,1029.92
212,16.093,2.8000000000000007,-22.8,-25.6,5.053984,-30.24136287990818,1029.8866666666663
213,16.093,2.8000000000000007,-22.8,-25.6,5.053984,-30.24136287990818,1029.8533333333332
214,16.093,2.8000000000000007,-22.8,-25.6,5.053984,-30.24136287990818,1029.82
215,16.093,2.7800000000000007,-22.8,-25.58,5.086381333333333,-30.27122224286274,1029.79
216,16.093,2.7300000000000004,-22.8,-25.53,5.167374666666666,-30.345177611874533,1029.765
217,16.093,2.6800000000000006,-22.8,-25.48,5.248368,-30.41816559989747,1029.74
218,16.093,2.6300000000000003,-22.8,-25.43,5.329361333333333,-30.490213500669213,1029.715
219,16.093,2.58,-22.8,-25.380000000000003,5.410354666666667,-30.561347437270182,1029.69
220,16.093,2.53,-22.8,-25.33,5.491348,-30.63159242900548,1029.665
221,16.093,2.48,-22.8,-25.28,5.572341333333334,-30.700972453541155,1029.64
222,16.093,2.43,-22.8,-25.23,5.653334666666667,-30.769510504695237,1029.615
223,16.093,2.38,-22.8,-25.18,5.7343280000000005,-30.83722864624501,1029.59
224,16.093,2.33,-22.8,-25.13,5.815321333333333,-30.904148062077137,1029.565
225,16.093,2.28,-22.8,-25.08,5.896314666666667,-30.97028910297658,1029.54
226,16.093,2.2299999999999995,-22.8,-25.03,5.977308000000001,-31.035671330322238,1029.515
227,16.093,2.2,-22.78,-24.98,5.961109333333334,-30.998579441939235,1029.52
228,16.093,2.2,-22.73,-24.93,5.799122666666667,-30.806743034647237,1029.57
229,16.093,2.2,-22.68,-24.88,5.637136000000001,-30.61203970015358,1029.62
230,16.093,2.2,-22.63,-24.83,5.475149333333333,-30.414311542505132,1029.67
231,16.093,2.2,-22.58,-24.78,5.313162666666667,-30.213387116110482,1029.72
232,16.093,2.2,-22.53,-24.73,5.151176,-30.009079811850413,1029.77
233,16.093,2.2,-22.48,-24.68,4.989189333333334,-29.801185993557638,1029.82
234,16.093,2.2,-22.43,-24.63,4.8272026666666665,-29.58948283677494,1029.87
235,16.093,2.2,-22.38,-24.58,4.665216,-29.373725810483364,1029.9199999999998
236,16.093,2.2,-22.33,-24.53,4.5032293333333335,-29.153645728171433,1029.97
237,16.093,2.2,-22.28,-24.48,4.341242666666667,-28.928945276187168,1030.02
238,16.093,2.2,-22.23,-24.43,4.1792560000000005,-28.69929490339841,1030.07
239,16.093,2.216666666666666,-22.183333333333334,-24.4,4.082064,-28.53948567357515,1030.11
240,16.093,2.2583333333333324,-22.141666666666666,-24.4,4.082064,-28.490755133566456,1030.135
241,16.093,2.2999999999999994,-22.1,-24.4,4.082064,-28.44202459355776,1030.16
242,16.093,2.341666666666666,-22.058333333333334,-24.4,4.082064,-28.393294053549067,1030.185
243,16.093,2.3833333333333324,-22.016666666666666,-24.4,4.082064,-28.344563513540365,1030.21
244,16.093,2.4249999999999994,-21.975,-24.4,4.082064,-28.295832973531674,1030.235
245,16.093,2.466666666666666,-21.933333333333334,-24.4,4.082064,-28.247102433522976,1030.26
246,16.093,2.508333333333333,-21.891666666666666,-24.4,4.082064,-28.19837189351428,1030.285
247,16.093,2.5499999999999994,-21.85,-24.4,4.082064,-28.149641353505586,1030.31
248,16.093,2.591666666666666,-21.808333333333334,-24.4,4.082064,-28.100910813496892,1030.335
249,16.093,2.6333333333333324,-21.766666666666666,-24.4,4.082064,-28.05218027348819,1030.36
250,16.093,2.6749999999999994,-21.725,-24.4,4.082064,-28.0034497334795,1030.385
251,15.650433333333334,2.7033333333333327,-21.68,-24.383333333333333,4.0431872,-27.908599437135507,1030.3966666666668
252,14.544016666666666,2.7116666666666656,-21.63,-24.341666666666665,3.9459952,-27.743206225453118,1030.388333333333
253,13.4376,2.719999999999999,-21.58,-24.3,3.8488032,-27.57579154281212,1030.38
254,12.331183333333332,2.728333333333332,-21.53,-24.258333333333333,3.7516112,-27.406257224561084,1030.371666666667
255,11.224766666666667,2.736666666666665,-21.48,-24.216666666666665,3.6544192,-27.23449773157779,1030.3633333333337
256,10.11835,2.7449999999999983,-21.43,-24.175,3.5572272,-27.060399384874998,1030.355
257,9.011933333333332,2.753333333333332,-21.38,-24.133333333333333,3.4600352,-26.883839497498514,1030.3466666666666
258,7.905516666666665,2.7616666666666645,-21.33,-24.091666666666665,3.3628432,-26.70468538662909,1030.3383333333334
259,6.799099999999999,2.769999999999998,-21.28,-24.05,3.2656512,-26.522793245373904,1030.33
260,5.692683333333333,2.778333333333331,-21.23,-24.008333333333333,3.1684592,-26.33800684949652,1030.3216666666667
261,4.586266666666665,2.786666666666664,-21.18,-23.966666666666665,3.0712672000000003,-26.150156069063556,1030.3133333333333
262,3.479849999999999,2.7949999999999973,-21.130000000000003,-23.925,2.9740752,-25.959055148388003,1030.305
263,2.7892,2.796666666666664,-21.083333333333336,-23.88,3.0194314666666666,-25.968592102242862,1030.32
264,2.7222,2.788333333333331,-21.041666666666668,-23.83,3.2786101333333333,-26.26530071407211,1030.37
265,2.6552,2.7799999999999976,-21.0,-23.78,3.5377888000000004,-26.53929479943184,1030.42
266,2.5882,2.7716666666666643,-20.958333333333336,-23.73,3.796967466666666,-26.793526951369678,1030.47
267,2.5212,2.7633333333333314,-20.916666666666668,-23.68,4.056146133333334,-27.030393571635948,1030.52
268,2.4542,2.754999999999998,-20.875,-23.63,4.3153248,-27.25186790807036,1030.57
269,2.3872,2.746666666666665,-20.833333333333336,-23.58,4.574503466666667,-27.4595953084096,1030.62
270,2.3202,2.738333333333332,-20.791666666666668,-23.53,4.833682133333333,-27.654962926590475,1030.67
271,2.2532,2.729999999999998,-20.75,-23.48,5.0928608,-27.83915171873157,1030.72
272,2.1862,2.7216666666666653,-20.708333333333336,-23.43,5.352039466666668,-28.013175889696114,1030.77
273,2.1192,2.7133333333333325,-20.666666666666668,-23.38,5.611218133333334,-28.177913272851846,1030.8200000000002
274,2.0522,2.704999999999999,-20.625,-23.33,5.8703968,-28.334129044682978,1030.87
275,2.0254,2.7033333333333327,-20.56,-23.26333333333333,6.123096,-28.449473398371303,1030.9366666666667
276,2.0589,2.711666666666666,-20.46,-23.171666666666667,6.3660760000000005,-28.50830983723614,1031.0283333333334
277,2.0924,2.72,-20.36,-23.08,6.609056000000001,-28.560762891001332,1031.12
278,2.1259,2.728333333333333,-20.26,-22.988333333333333,6.852036,-28.607243103817424,1031.2116666666668
279,2.1594,2.7366666666666664,-20.16,-22.89666666666667,7.095016,-28.64812069821611,1031.3033333333333
280,2.1929,2.745,-20.06,-22.805,7.337996,-28.683730778322435,1031.395
281,2.2264,2.7533333333333334,-19.96,-22.71333333333333,7.580976,-28.714377712595454,1031.486666666667
282,2.2599,2.7616666666666667,-19.86,-22.621666666666663,7.823956,-28.740338847436995,1031.5783333333334
283,2.2934,2.7700000000000005,-19.76,-22.53,8.066936,-28.76186767129451,1031.67
284,2.3269,2.7783333333333338,-19.66,-22.438333333333333,8.309916,-28.779196524563876,1031.7616666666668
285,2.3604000000000003,2.786666666666667,-19.56,-22.346666666666668,8.552896,-28.792538931783973,1031.8533333333332
286,2.3939000000000004,2.795000000000001,-19.46,-22.255,8.795876,-28.802091617940423,1031.945
287,2.414,2.8000000000000007,-19.4,-22.2,8.941664,-28.806080319706975,1031.986666666667
288,2.414,2.8000000000000007,-19.4,-22.2,8.941664,-28.806080319706975,1031.9533333333334
289,2.414,2.8000000000000007,-19.4,-22.2,8.941664,-28.806080319706975,1031.92
290,2.414,2.8000000000000007,-19.4,-22.2,8.941664,-28.806080319706975,1031.8866666666663
291,2.414,2.8000000000000007,-19.4,-22.2,8.941664,-28.806080319706975,1031.8533333333332
292,2.414,2.8000000000000007,-19.4,-22.2,8.941664,-28.806080319706975,1031.82
293,2.414,2.8000000000000007,-19.4,-22.2,8.941664,-28.806080319706975,1031.7866666666666
294,2.414,2.8000000000000007,-19.4,-22.2,8.941664,-28.806080319706975,1031.753333333333
295,2.414,2.8000000000000007,-19.4,-22.2,8.941664,-28.806080319706975,1031.72
296,2.414,2.8000000000000007,-19.4,-22.2,8.941664,-28.806080319706975,1031.6866666666665
297,2.414,2.8000000000000007,-19.4,-22.2,8.941664,-28.806080319706975,1031.6533333333332
298,2.414,2.8000000000000007,-19.4,-22.2,8.941664,-28.806080319706975,1031.62
299,2.6554,2.836666666666668,-19.363333333333333,-22.2,8.909266666666666,-28.743182899895025,1031.6033333333332
300,3.258900000000001,2.9283333333333337,-19.271666666666665,-22.2,8.828273333333332,-28.585822816258887,1031.611666666667
301,3.862400000000001,3.0200000000000005,-19.18,-22.2,8.74728,-28.42829328566466,1031.62
302,4.4659,3.111666666666667,-19.08833333333333,-22.2,8.666286666666666,-28.27059050680122,1031.628333333333
303,5.069400000000001,3.203333333333333,-18.996666666666663,-22.2,8.585293333333333,-28.112710569943857,1031.6366666666663
304,5.6729,3.295,-18.905,-22.2,8.504299999999999,-27.954649452887026,1031.645
305,6.276400000000001,3.3866666666666663,-18.813333333333333,-22.2,8.423306666666665,-27.79640301668538,1031.6533333333334
306,6.879900000000001,3.4783333333333326,-18.721666666666668,-22.2,8.342313333333333,-27.63796700119243,1031.6616666666666
307,7.483400000000001,3.5699999999999994,-18.63,-22.2,8.26132,-27.479337020384804,1031.67
308,8.086900000000002,3.6616666666666657,-18.53833333333333,-22.2,8.180326666666666,-27.320508557459984,1031.6783333333333
309,8.690400000000002,3.753333333333332,-18.446666666666665,-22.2,8.099333333333332,-27.161476959694053,1031.6866666666667
310,9.2939,3.844999999999999,-18.355,-22.2,8.01834,-27.002237433045128,1031.695
311,9.870566666666669,3.899999999999999,-18.3,-22.2,8.002141333333332,-26.925196313060745,1031.6833333333334
312,10.406983333333336,3.899999999999999,-18.3,-22.2,8.083134666666666,-26.971432124575355,1031.6416666666669
313,10.9434,3.899999999999999,-18.3,-22.2,8.164128,-27.01728040094359,1031.6
314,11.479816666666668,3.899999999999999,-18.3,-22.2,8.245121333333334,-27.062748187057306,1031.5583333333334
315,12.016233333333334,3.899999999999999,-18.3,-22.2,8.326114666666665,-27.107842332071566,1031.5166666666669
316,12.55265,3.899999999999999,-18.3,-22.2,8.407108,-27.15256949668681,1031.475
317,13.089066666666668,3.899999999999999,-18.3,-22.2,8.488101333333333,-27.19693616009278,1031.4333333333334
318,13.625483333333332,3.899999999999999,-18.3,-22.2,8.569094666666667,-27.240948626593024,1031.3916666666669
319,14.1619,3.899999999999999,-18.3,-22.2,8.650088,-27.284613031927556,1031.35
320,14.698316666666669,3.899999999999999,-18.3,-22.2,8.731081333333332,-27.327935349310067,1031.3083333333334
321,15.234733333333336,3.899999999999999,-18.3,-22.2,8.812074666666666,-27.370921395195147,1031.2666666666669
322,15.77115,3.899999999999999,-18.3,-22.2,8.893068,-27.413576834789858,1031.225
323,15.878433333333334,3.919999999999999,-18.3,-22.22,8.941664,-27.43901370944682,1031.1933333333334
324,15.342016666666666,3.969999999999999,-18.3,-22.27,8.941664,-27.43901370944682,1031.1766666666667
325,14.8056,4.019999999999999,-18.3,-22.32,8.941664,-27.43901370944682,1031.16
326,14.269183333333334,4.069999999999999,-18.3,-22.37,8.941664,-27.43901370944682,1031.1433333333334
327,13.732766666666668,4.119999999999999,-18.3,-22.42,8.941664,-27.43901370944682,1031.1266666666668
328,13.19635,4.169999999999999,-18.3,-22.47,8.941664,-27.43901370944682,1031.11
329,12.659933333333331,4.22,-18.3,-22.52,8.941664,-27.43901370944682,1031.0933333333332
330,12.123516666666667,4.27,-18.3,-22.57,8.941664,-27.43901370944682,1031.0766666666666
331,11.5871,4.319999999999999,-18.3,-22.62,8.941664,-27.43901370944682,1031.06
332,11.050683333333334,4.37,-18.3,-22.67,8.941664,-27.43901370944682,1031.0433333333333
333,10.514266666666668,4.42,-18.3,-22.72,8.941664,-27.43901370944682,1031.0266666666666
334,9.97785,4.47,-18.3,-22.77,8.941664,-27.43901370944682,1031.01
335,9.816933333333331,4.48,-18.3,-22.78,8.909266666666666,-27.42206873815782,1031.0
336,10.219266666666668,4.43,-18.3,-22.73,8.828273333333332,-27.3794787529325,1031.0
337,10.6216,4.38,-18.3,-22.68,8.74728,-27.336559276776374,1031.0
338,11.023933333333334,4.329999999999999,-18.3,-22.63,8.666286666666666,-27.293304674091996,1031.0
339,11.426266666666669,4.279999999999999,-18.3,-22.58,8.585293333333333,-27.249709159107283,1031.0
340,11.8286,4.23,-18.3,-22.53,8.504299999999999,-27.205766790413364,1031.0
341,12.230933333333333,4.179999999999999,-18.3,-22.48,8.423306666666665,-27.161471465249598,1031.0
342,12.633266666666668,4.129999999999999,-18.3,-22.43,8.342313333333333,-27.116816913521603,1031.0
343,13.0356,4.079999999999999,-18.3,-22.38,8.26132,-27.071796691536925,1031.0
344,13.437933333333334,4.029999999999999,-18.3,-22.33,8.180326666666666,-27.026404175442295,1031.0
345,13.840266666666666,3.979999999999999,-18.3,-22.28,8.099333333333332,-26.98063255434505,1031.0
346,14.2426,3.929999999999999,-18.3,-22.23,8.01834,-26.934474823100146,1031.0
347,14.269433333333334,3.883333333333332,-18.336666666666662,-22.22,8.002141333333332,-26.970364144092073,1031.0433333333333
348,13.733016666666666,3.8416666666666655,-18.42833333333333,-22.27,8.083134666666666,-27.129645844634314,1031.1516666666666
349,13.1966,3.8,-18.52,-22.32,8.164128,-27.288718640033373,1031.26
350,12.660183333333332,3.758333333333333,-18.611666666666668,-22.37,8.245121333333334,-27.44758735326569,1031.368333333333
351,12.123766666666668,3.716666666666667,-18.703333333333333,-22.42,8.326114666666665,-27.606256664878686,1031.4766666666667
352,11.58735,3.675,-18.795,-22.47,8.407108,-27.764731118439848,1031.585
353,11.050933333333331,3.6333333333333337,-18.886666666666667,-22.52,8.488101333333333,-27.9230151257287,1031.6933333333334
354,10.514516666666667,3.591666666666668,-18.97833333333333,-22.57,8.569094666666667,-28.081112971686,1031.8016666666667
355,9.9781,3.550000000000001,-19.07,-22.62,8.650088,-28.23902881913372,1031.91
356,9.441683333333334,3.508333333333334,-19.161666666666665,-22.67,8.731081333333332,-28.396766713278325,1032.0183333333332
357,8.905266666666666,3.466666666666669,-19.25333333333333,-22.72,8.812074666666666,-28.554330586009343,1032.1266666666666
358,8.36885,3.425000000000002,-19.345,-22.77,8.893068,-28.711724260004083,1032.235
359,8.3152,3.380000000000002,-19.456666666666667,-22.836666666666662,8.941664,-28.876504963265837,1032.3233333333333
360,8.985700000000001,3.3300000000000014,-19.598333333333333,-22.92833333333333,8.941664,-29.052566572162977,1032.381666666667
361,9.6562,3.280000000000001,-19.74,-23.02,8.941664,-29.228628181060117,1032.44
362,10.3267,3.230000000000001,-19.881666666666668,-23.111666666666668,8.941664,-29.40468978995726,1032.4983333333332
363,10.9972,3.18,-20.023333333333333,-23.203333333333333,8.941664,-29.5807513988544,1032.5566666666666
364,11.6677,3.13,-20.165,-23.295,8.941664,-29.75681300775154,1032.615
365,12.3382,3.08,-20.30666666666667,-23.386666666666667,8.941664,-29.93287461664869,1032.6733333333334
366,13.0087,3.029999999999999,-20.44833333333333,-23.47833333333333,8.941664,-30.108936225545825,1032.7316666666666
367,13.6792,2.979999999999998,-20.59,-23.57,8.941664,-30.28499783444297,1032.79
368,14.3497,2.9299999999999984,-20.73166666666667,-23.661666666666665,8.941664,-30.461059443340112,1032.8483333333334
369,15.0202,2.8799999999999977,-20.87333333333333,-23.75333333333333,8.941664,-30.637121052237248,1032.9066666666668
370,15.6907,2.8299999999999974,-21.015,-23.845,8.941664,-30.813182661134398,1032.965
371,16.093,2.799999999999997,-21.136666666666667,-23.936666666666664,8.941664,-30.964388513481353,1033.03
372,16.093,2.7999999999999976,-21.22833333333333,-24.02833333333333,8.941664,-31.07831073100303,1033.105
373,16.093,2.799999999999998,-21.32,-24.12,8.941664,-31.192232948524712,1033.18
374,16.093,2.799999999999998,-21.41166666666667,-24.211666666666662,8.941664,-31.306155166046395,1033.255
375,16.093,2.7999999999999985,-21.50333333333333,-24.30333333333333,8.941664,-31.42007738356807,1033.33
376,16.093,2.799999999999999,-21.595,-24.395,8.941664,-31.533999601089747,1033.405
377,16.093,2.799999999999999,-21.686666666666667,-24.486666666666665,8.941664,-31.647921818611433,1033.48
378,16.093,2.7999999999999994,-21.77833333333333,-24.578333333333333,8.941664,-31.76184403613311,1033.555
379,16.093,2.8,-21.87,-24.67,8.941664,-31.875766253654795,1033.63
380,16.093,2.8,-21.961666666666662,-24.761666666666667,8.941664,-31.989688471176464,1033.7050000000002
381,16.093,2.8000000000000003,-22.05333333333333,-24.85333333333333,8.941664,-32.10361068869815,1033.78
382,16.093,2.8000000000000007,-22.145,-24.945,8.941664,-32.21753290621983,1033.855
383,16.093,2.8000000000000007,-22.236666666666665,-25.036666666666665,8.941664,-32.331455123741506,1033.91
384,16.093,2.8000000000000007,-22.328333333333333,-25.12833333333333,8.941664,-32.44537734126319,1033.9350000000002
385,16.093,2.8000000000000007,-22.42,-25.22,8.941664,-32.55929955878487,1033.96
386,16.093,2.8000000000000007,-22.511666666666667,-25.311666666666667,8.941664,-32.673221776306555,1033.985
387,16.093,2.8000000000000007,-22.60333333333333,-25.40333333333333,8.941664,-32.78714399382823,1034.01
388,16.093,2.8000000000000007,-22.695,-25.495,8.941664,-32.901066211349914,1034.035
389,16.093,2.8000000000000007,-22.786666666666665,-25.586666666666662,8.941664,-33.01498842887159,1034.0600000000002
390,16.093,2.8000000000000007,-22.87833333333333,-25.67833333333333,8.941664,-33.128910646393265,1034.085
391,16.093,2.8000000000000007,-22.97,-25.77,8.941664,-33.24283286391495,1034.11
392,16.093,2.8000000000000007,-23.061666666666667,-25.861666666666668,8.941664,-33.35675508143663,1034.135
393,16.093,2.8000000000000007,-23.15333333333333,-25.953333333333333,8.941664,-33.47067729895831,1034.16
394,16.093,2.8000000000000007,-23.245,-26.045,8.941664,-33.58459951647999,1034.185
395,16.093,2.8000000000000007,-23.32,-26.12,8.974061333333333,-33.69650737377636,1034.21
396,16.093,2.8000000000000007,-23.37,-26.17,9.055054666666669,-33.80520949994339,1034.235
397,16.093,2.8000000000000007,-23.42,-26.22,9.136048,-33.91365231534482,1034.26
398,16.093,2.8000000000000007,-23.47,-26.27,9.217041333333333,-34.02184048899071,1034.285
399,16.093,2.8000000000000007,-23.52,-26.32,9.298034666666666,-34.12977857045188,1034.31
400,16.093,2.8000000000000007,-23.57,-26.37,9.379028,-34.23747099389401,1034.335
401,16.093,2.8000000000000007,-23.62,-26.42,9.460021333333334,-34.344922081942514,1034.36
402,16.093,2.8000000000000007,-23.67,-26.47,9.541014666666667,-34.45213604938662,1034.385
403,16.093,2.8000000000000007,-23.72,-26.52,9.622008,-34.559117006730425,1034.41
404,16.093,2.8000000000000007,-23.77,-26.57,9.703001333333331,-34.66586896359887,1034.435
405,16.093,2.8000000000000007,-23.82,-26.62,9.783994666666668,-34.77239583200523,1034.46
406,16.093,2.8000000000000007,-23.87,-26.67,9.864988,-34.878701429487286,1034.485
407,16.093,2.8000000000000007,-23.916666666666664,-26.716666666666665,9.881186666666666,-34.945872303381464,1034.51
408,16.093,2.8000000000000007,-23.95833333333333,-26.758333333333333,9.800193333333333,-34.954343834559275,1034.535
409,16.093,2.8000000000000007,-24.0,-26.8,9.7192,-34.96244126093876,1034.56
410,16.093,2.8000000000000007,-24.041666666666664,-26.841666666666665,9.638206666666669,-34.97015916414225,1034.585
411,16.093,2.8000000000000007,-24.08333333333333,-26.883333333333333,9.557213333333332,-34.97749199841368,1034.61
412,16.093,2.8000000000000007,-24.125,-26.925,9.47622,-34.98443408649594,1034.635
413,16.093,2.8000000000000007,-24.166666666666664,-26.966666666666665,9.395226666666666,-34.9909796153379,1034.66
414,16.093,2.8000000000000007,-24.20833333333333,-27.008333333333333,9.314233333333332,-34.99712263162281,1034.685
415,16.093,2.8000000000000007,-24.25,-27.05,9.23324,-35.00285703710855,1034.71
416,16.093,2.8000000000000007,-24.291666666666664,-27.091666666666665,9.152246666666668,-35.0081765837705,1034.735
417,16.093,2.8000000000000007,-24.33333333333333,-27.133333333333333,9.071253333333331,-35.01307486873663,1034.76
418,16.093,2.8000000000000007,-24.375,-27.175,8.99026,-35.01754532900402,1034.785
419,16.093,2.796666666666668,-24.44,-27.236666666666665,8.909266666666666,-35.05057120185672,1034.81
420,16.093,2.788333333333334,-24.54,-27.328333333333333,8.828273333333332,-35.12656652839391,1034.835
421,16.093,2.78,-24.64,-27.42,8.74728,-35.20200656808518,1034.86
422,16.093,2.771666666666667,-24.74,-27.511666666666667,8.666286666666666,-35.27688280852846,1034.885
423,16.093,2.7633333333333336,-24.84,-27.60333333333333,8.585293333333333,-35.3511865182526,1034.91
424,16.093,2.755,-24.94,-27.695,8.504299999999999,-35.424908738884646,1034.935
425,16.093,2.7466666666666666,-25.04,-27.786666666666665,8.423306666666665,-35.498040276958406,1034.96
426,16.093,2.7383333333333333,-25.14,-27.87833333333333,8.342313333333333,-35.57057169534403,1034.985
427,16.093,2.7299999999999995,-25.24,-27.97,8.26132,-35.64249330427717,1035.01
428,16.093,2.7216666666666662,-25.34,-28.061666666666667,8.180326666666666,-35.71379515196497,1035.035
429,16.093,2.713333333333333,-25.44,-28.15333333333333,8.099333333333332,-35.78446701474446,1035.06
430,16.093,2.704999999999999,-25.540000000000003,-28.245,8.01834,-35.854498386767006,1035.0849999999998
431,16.093,2.7,-25.6,-28.3,8.034538666666666,-35.939123436456924,1035.11
432,16.093,2.7,-25.6,-28.3,8.196525333333334,-36.04516037397461,1035.135
433,16.093,2.7,-25.6,-28.3,8.358512,-36.149451385082855,1035.16
434,16.093,2.7,-25.6,-28.3,8.520498666666667,-36.25205823134429,1035.185
435,16.093,2.7,-25.6,-28.3,8.682485333333332,-36.353039365633336,1035.21
436,16.093,2.7,-25.6,-28.3,8.844472,-36.452450167372646,1035.235
437,16.093,2.7,-25.6,-28.3,9.006458666666667,-36.550343157072405,1035.26
438,16.093,2.7,-25.6,-28.3,9.168445333333333,-36.64676819233023,1035.285
439,16.093,2.7,-25.6,-28.3,9.330432,-36.74177264719124,1035.31
440,16.093,2.7,-25.6,-28.3,9.492418666666666,-36.83540157654332,1035.335
441,16.093,2.7,-25.6,-28.3,9.654405333333331,-36.92769786702867,1035.36
442,16.093,2.7,-25.6,-28.3,9.816392,-37.01870237578393,1035.385
443,16.093,2.7033333333333327,-25.616666666666667,-28.32,9.9524608,-37.11506852244929,1035.4266666666667
444,16.093,2.7116666666666656,-25.65833333333333,-28.37,10.0496528,-37.220737250507305,1035.493333333333
445,16.093,2.719999999999999,-25.700000000000003,-28.42,10.1468448,-37.32605523244141,1035.5600000000002
446,16.093,2.728333333333332,-25.741666666666667,-28.47,10.2440368,-37.431029075226675,1035.6266666666668
447,16.093,2.736666666666665,-25.78333333333333,-28.52,10.3412288,-37.53566520494287,1035.6933333333334
448,16.093,2.7449999999999983,-25.825000000000003,-28.57,10.4384208,-37.63996987333911,1035.76
449,16.093,2.753333333333332,-25.866666666666667,-28.62,10.5356128,-37.74394916410223,1035.8266666666668
450,16.093,2.7616666666666645,-25.90833333333333,-28.67,10.6328048,-37.84760899884475,1035.8933333333334
451,16.093,2.769999999999998,-25.950000000000003,-28.72,10.7299968,-37.95095514282752,1035.96
452,16.093,2.778333333333331,-25.991666666666667,-28.77,10.8271888,-38.053993210430875,1036.0266666666666
453,16.093,2.786666666666664,-26.03333333333333,-28.82,10.9243808,-38.1567286703878,1036.0933333333337
454,16.093,2.7949999999999973,-26.075000000000003,-28.87,11.0215728,-38.259166850791104,1036.16
455,16.093,2.796666666666664,-26.12,-28.916666666666664,11.17708,-38.39504615029328,1036.2166666666667
456,16.093,2.788333333333331,-26.17,-28.95833333333333,11.42006,-38.58003802371414,1036.2583333333334
457,16.093,2.7799999999999976,-26.22,-29.0,11.66304,-38.763093483180015,1036.3
458,16.093,2.7716666666666643,-26.27,-29.041666666666664,11.90602,-38.94428873474346,1036.3416666666667
459,16.093,2.7633333333333314,-26.32,-29.08333333333333,12.149,-39.12369556005932,1036.3833333333334
460,16.093,2.754999999999998,-26.37,-29.125,12.39198,-39.3013816550338,1036.425
461,16.093,2.746666666666665,-26.42,-29.166666666666664,12.63496,-39.47741093650076,1036.4666666666667
462,16.093,2.738333333333332,-26.47,-29.20833333333333,12.87794,-39.651843820494854,1036.5083333333334
463,16.093,2.729999999999998,-26.52,-29.25,13.120920000000002,-39.82473747523321,1036.55
464,16.093,2.7216666666666653,-26.57,-29.291666666666664,13.3639,-39.996146051525514,1036.5916666666667
465,16.093,2.7133333333333325,-26.62,-29.33333333333333,13.60688,-40.16612089299642,1036.6333333333334
466,16.093,2.704999999999999,-26.67,-29.375,13.84986,-40.33471072821434,1036.675
467,16.093,2.7033333333333327,-26.716666666666665,-29.42,13.898456,-40.41550117774645,1036.7133333333334
468,16.093,2.711666666666666,-26.758333333333333,-29.47,13.655476,-40.36502802548909,1036.746666666667
469,16.093,2.72,-26.8,-29.52,13.412496,-40.31282864670554,1036.78
470,16.093,2.728333333333333,-26.841666666666665,-29.57,13.169516000000002,-40.258846737035924,1036.8133333333333
471,16.093,2.7366666666666664,-26.883333333333333,-29.62,12.926536,-40.20302304473434,1036.8466666666666
472,16.093,2.745,-26.925,-29.67,12.683556,-40.14529515711442,1036.88
473,16.093,2.7533333333333334,-26.966666666666665,-29.72,12.440576,-40.08559726707965,1036.9133333333334
474,16.093,2.7616666666666667,-27.008333333333333,-29.77,12.197596,-40.02385991745149,1036.9466666666667
475,16.093,2.7700000000000005,-27.05,-29.82,11.954616,-39.96000972049415,1036.98
476,16.093,2.7783333333333338,-27.091666666666665,-29.87,11.711636,-39.89396904967035,1037.013333333333
477,16.093,2.786666666666667,-27.133333333333333,-29.92,11.468656,-39.825655700238855,1037.0466666666666
478,16.093,2.795000000000001,-27.175,-29.97,11.225676,-39.754982514808155,1037.08
479,16.093,2.8000000000000007,-27.236666666666665,-30.036666666666665,11.112285333333334,-39.774569757033404,1037.1133333333332
480,16.093,2.8000000000000007,-27.328333333333333,-30.12833333333333,11.193278666666668,-39.93239189240598,1037.1466666666663
481,16.093,2.8000000000000007,-27.42,-30.22,11.274272,-40.09009691199424,1037.1799999999998
482,16.093,2.8000000000000007,-27.511666666666667,-30.311666666666667,11.355265333333334,-40.24768692539039,1037.2133333333334
483,16.093,2.8000000000000007,-27.60333333333333,-30.40333333333333,11.436258666666667,-40.40516399619795,1037.246666666667
484,16.093,2.8000000000000007,-27.695,-30.495,11.517252,-40.56253014332265,1037.28
485,16.093,2.8000000000000007,-27.786666666666665,-30.586666666666662,11.598245333333336,-40.71978734221871,1037.3133333333333
486,16.093,2.8000000000000007,-27.87833333333333,-30.67833333333333,11.679238666666668,-40.876937526092256,1037.3466666666666
487,16.093,2.8000000000000007,-27.97,-30.77,11.760232,-41.03398258706366,1037.38
488,16.093,2.8000000000000007,-28.061666666666667,-30.861666666666668,11.841225333333334,-41.190924377290386,1037.4133333333334
489,16.093,2.8000000000000007,-28.15333333333333,-30.953333333333333,11.922218666666668,-41.34776471005212,1037.4466666666667
490,16.093,2.8000000000000007,-28.245,-31.045,12.003212,-41.504505360799484,1037.48
491,16.093,2.8000000000000007,-28.32,-31.12,11.980533866666669,-41.588732462149125,1037.52
492,16.093,2.8000000000000007,-28.37,-31.17,11.802348533333335,-41.563421655008696,1037.57
493,16.093,2.8000000000000007,-28.42,-31.22,11.624163200000002,-41.53681879127441,1037.62
494,16.093,2.8000000000000007,-28.47,-31.27,11.445977866666668,-41.50888860290061,1037.67
495,16.093,2.8000000000000007,-28.52,-31.32,11.267792533333337,-41.47959427078174,1037.72
496,16.093,2.8000000000000007,-28.57,-31.37,11.0896072,-41.44889733046931,1037.77
497,16.093,2.8000000000000007,-28.62,-31.42,10.911421866666668,-41.416757570530834,1037.82
498,16.093,2.8000000000000007,-28.67,-31.47,10.733236533333336,-41.38313292284567,1037.87
499,16.093,2.8000000000000007,-28.72,-31.52,10.5550512,-41.347979344051936,1037.9199999999998
500,16.093,2.8000000000000007,-28.77,-31.57,10.376865866666668,-41.31125068726806,1037.97
501,16.093,2.8000000000000007,-28.82,-31.62,10.198680533333334,-41.27289856310806,1038.02
502,16.093,2.8000000000000007,-28.87,-31.67,10.0204952,-41.23287218889246,1038.07
503,16.093,2.816666666666668,-28.9,-31.716666666666665,9.881186666666666,-41.18898923692522,1038.12
504,16.093,2.8583333333333343,-28.9,-31.758333333333333,9.800193333333333,-41.14115526549813,1038.1699999999998
505,16.093,2.900000000000001,-28.9,-31.8,9.7192,-41.092988062806754,1038.22
506,16.093,2.941666666666668,-28.9,-31.84166666666667,9.638206666666669,-41.04448250126109,1038.27
507,16.093,2.983333333333335,-28.9,-31.883333333333333,9.557213333333332,-40.99563333046182,1038.32
508,16.093,3.025000000000002,-28.9,-31.925,9.47622,-40.946435173189286,1038.37
509,16.093,3.066666666666669,-28.9,-31.96666666666667,9.395226666666666,-40.89688252122613,1038.42
510,16.093,3.108333333333336,-28.9,-32.00833333333333,9.314233333333332,-40.84696973100486,1038.47
511,16.093,3.150000000000003,-28.9,-32.050000000000004,9.23324,-40.79669101907163,1038.52
512,16.093,3.19166666666667,-28.9,-32.09166666666667,9.152246666666668,-40.74604045735665,1038.57
513,16.093,3.233333333333337,-28.9,-32.13333333333333,9.071253333333331,-40.69501196824136,1038.62
514,16.093,3.275000000000004,-28.9,-32.175000000000004,8.99026,-40.64359931941149,1038.67
515,16.093,3.2833333333333377,-28.916666666666664,-32.2,8.974061333333333,-40.653989254954695,1038.6966666666667
516,16.093,3.241666666666671,-28.95833333333333,-32.2,9.055054666666669,-40.75732947551039,1038.6883333333333
517,16.093,3.200000000000004,-29.0,-32.2,9.136048,-40.860358126584,1038.68
518,16.093,3.1583333333333377,-29.041666666666664,-32.2,9.217041333333333,-40.96308065070244,1038.6716666666666
519,16.093,3.116666666666671,-29.08333333333333,-32.2,9.298034666666666,-41.065502352277264,1038.6633333333334
520,16.093,3.075000000000004,-29.125,-32.2,9.379028,-41.16762840225232,1038.655
521,16.093,3.0333333333333377,-29.166666666666664,-32.2,9.460021333333334,-41.26946384255683,1038.6466666666663
522,16.093,2.9916666666666707,-29.20833333333333,-32.2,9.541014666666667,-41.37101359037359,1038.638333333333
523,16.093,2.950000000000004,-29.25,-32.2,9.622008,-41.472282442231325,1038.63
524,16.093,2.9083333333333377,-29.291666666666664,-32.2,9.703001333333331,-41.57327507792997,1038.621666666667
525,16.093,2.866666666666671,-29.33333333333333,-32.2,9.783994666666668,-41.67399606430709,1038.6133333333332
526,16.093,2.825000000000004,-29.375,-32.2,9.864988,-41.77444985885289,1038.605
527,16.093,2.800000000000004,-29.42,-32.220000000000006,9.881186666666666,-41.84044491694718,1038.6066666666666
528,16.093,2.800000000000004,-29.47,-32.27,9.800193333333333,-41.854777359724466,1038.6233333333332
529,16.093,2.800000000000003,-29.52,-32.32,9.7192,-41.86868990304311,1038.64
530,16.093,2.800000000000002,-29.57,-32.370000000000005,9.638206666666669,-41.88217649149155,1038.6566666666663
531,16.093,2.8000000000000016,-29.62,-32.42,9.557213333333332,-41.895230927501544,1038.6733333333332
532,16.093,2.800000000000001,-29.67,-32.47,9.47622,-41.90784686675032,1038.6899999999998
533,16.093,2.8000000000000003,-29.72,-32.52,9.395226666666666,-41.920017813372965,1038.7066666666667
534,16.093,2.8,-29.77,-32.57,9.314233333333332,-41.93173711497553,1038.7233333333334
535,16.093,2.7999999999999994,-29.82,-32.62,9.23324,-41.94299795743852,1038.74
536,16.093,2.7999999999999985,-29.87,-32.67,9.152246666666668,-41.95379335950029,1038.756666666667
537,16.093,2.799999999999998,-29.92,-32.72,9.071253333333331,-41.96411616710885,1038.7733333333333
538,16.093,2.7999999999999976,-29.97,-32.77,8.99026,-41.973959047529945,1038.79
539,16.093,2.819999999999997,-29.98,-32.8,8.974061333333333,-41.97586937413033,1038.8166666666666
540,16.093,2.869999999999997,-29.93,-32.8,9.055054666666669,-41.96612337522872,1038.8583333333331
541,16.093,2.9199999999999973,-29.88,-32.8,9.136048,-41.955895960614555,1038.9
542,16.093,2.969999999999997,-29.83,-32.8,9.217041333333333,-41.945194499487855,1038.9416666666666
543,16.093,3.019999999999998,-29.78,-32.8,9.298034666666666,-41.93402618115774,1038.9833333333331
544,16.093,3.0699999999999976,-29.73,-32.8,9.379028,-41.92239802098442,1039.025
545,16.093,3.119999999999998,-29.68,-32.8,9.460021333333334,-41.910316866075235,1039.0666666666666
546,16.093,3.169999999999998,-29.63,-32.8,9.541014666666667,-41.897789400746674,1039.1083333333331
547,16.093,3.219999999999998,-29.58,-32.8,9.622008,-41.88482215176393,1039.15
548,16.093,3.2699999999999982,-29.53,-32.8,9.703001333333331,-41.871421493368956,1039.1916666666666
549,16.093,3.3199999999999985,-29.48,-32.8,9.783994666666668,-41.85759365210714,1039.2333333333331
550,16.093,3.3699999999999983,-29.43,-32.8,9.864988,-41.84334471146235,1039.275
551,16.093,3.3999999999999986,-29.363333333333333,-32.76333333333333,9.881186666666666,-41.769452951816575,1039.31
552,16.093,3.3999999999999986,-29.271666666666665,-32.67166666666667,9.800193333333333,-41.60647025676268,1039.335
553,16.093,3.3999999999999986,-29.18,-32.58,9.7192,-41.44330502291349,1039.36
554,16.093,3.3999999999999986,-29.08833333333333,-32.48833333333333,9.638206666666669,-41.2799536975199,1039.385
555,16.093,3.3999999999999986,-28.996666666666663,-32.39666666666666,9.557213333333332,-41.11641263747178,1039.41
556,16.093,3.3999999999999986,-28.905,-32.305,9.47622,-40.95267810626436,1039.435
557,16.093,3.3999999999999986,-28.813333333333333,-32.21333333333333,9.395226666666666,-40.788746270836626,1039.46
558,16.093,3.3999999999999986,-28.721666666666668,-32.12166666666666,9.314233333333332,-40.62461319827524,1039.485
559,16.093,3.3999999999999986,-28.63,-32.03,9.23324,-40.460274852377,1039.51
560,16.093,3.3999999999999986,-28.53833333333333,-31.938333333333333,9.152246666666668,-40.29572709006254,1039.535
561,16.093,3.3999999999999986,-28.446666666666665,-31.846666666666664,9.071253333333331,-40.130965657633595,1039.56
562,16.093,3.3999999999999986,-28.355,-31.755,8.99026,-39.96598618686518,1039.5849999999998
563,16.093,3.416666666666665,-28.26333333333333,-31.68,8.941664,-39.8213230975305,1039.5933333333332
564,16.093,3.458333333333332,-28.171666666666667,-31.63,8.941664,-39.707400880008834,1039.5766666666666
565,16.093,3.499999999999999,-28.08,-31.58,8.941664,-39.59347866248714,1039.56
566,16.093,3.541666666666666,-27.988333333333333,-31.53,8.941664,-39.47955644496547,1039.5433333333333
567,16.093,3.583333333333333,-27.89666666666667,-31.48,8.941664,-39.36563422744379,1039.5266666666666
568,16.093,3.625,-27.805,-31.43,8.941664,-39.25171200992211,1039.51
569,16.093,3.666666666666667,-27.71333333333333,-31.38,8.941664,-39.137789792400426,1039.493333333333
570,16.093,3.708333333333334,-27.621666666666663,-31.33,8.941664,-39.02386757487874,1039.4766666666667
571,16.093,3.750000000000001,-27.53,-31.28,8.941664,-38.909945357357074,1039.46
572,16.093,3.791666666666668,-27.438333333333333,-31.23,8.941664,-38.79602313983539,1039.4433333333334
573,16.093,3.833333333333335,-27.346666666666668,-31.18,8.941664,-38.68210092231371,1039.4266666666667
574,16.093,3.8750000000000018,-27.255,-31.130000000000003,8.941664,-38.56817870479203,1039.41
575,16.093,3.9166666666666687,-27.146666666666665,-31.063333333333336,8.974061333333333,-38.45361827287864,1039.3833333333334
576,16.093,3.9583333333333353,-27.01333333333333,-30.971666666666668,9.055054666666669,-38.33766827315826,1039.3416666666667
577,16.093,4.000000000000002,-26.88,-30.880000000000003,9.136048,-38.22110789005585,1039.3000000000002
578,16.093,4.041666666666668,-26.746666666666663,-30.78833333333333,9.217041333333333,-38.10394583087682,1039.2583333333334
579,16.093,4.083333333333334,-26.613333333333333,-30.69666666666667,9.298034666666666,-37.98619059533742,1039.2166666666667
580,16.093,4.125000000000001,-26.48,-30.605,9.379028,-37.86785048234094,1039.1750000000002
581,16.093,4.166666666666667,-26.346666666666668,-30.51333333333333,9.460021333333334,-37.74893359647528,1039.1333333333334
582,16.093,4.208333333333333,-26.21333333333333,-30.421666666666667,9.541014666666667,-37.62944785424552,1039.0916666666667
583,16.093,4.25,-26.08,-30.33,9.622008,-37.509400990054495,1039.0500000000002
584,16.093,4.291666666666666,-25.94666666666667,-30.238333333333333,9.703001333333331,-37.388800561943704,1039.0083333333334
585,16.093,4.333333333333332,-25.813333333333333,-30.14666666666667,9.783994666666668,-37.26765395710591,1038.9666666666667
586,16.093,4.374999999999999,-25.68,-30.055,9.864988,-37.14596839718061,1038.9250000000002
587,16.093,4.399999999999999,-25.58,-29.98,9.881186666666666,-37.029695279861954,1038.8666666666668
588,16.093,4.399999999999999,-25.53,-29.93,9.800193333333333,-36.922021129458216,1038.7833333333335
589,16.093,4.399999999999999,-25.48,-29.88,9.7192,-36.814116621502976,1038.7
590,16.093,4.399999999999999,-25.43,-29.83,9.638206666666669,-36.70597780558993,1038.6166666666668
591,16.093,4.399999999999999,-25.380000000000003,-29.78,9.557213333333332,-36.597600633823184,1038.5333333333335
592,16.093,4.399999999999999,-25.33,-29.73,9.47622,-36.48898095758818,1038.45
593,16.093,4.399999999999999,-25.28,-29.68,9.395226666666666,-36.380114524187675,1038.3666666666668
594,16.093,4.399999999999999,-25.23,-29.63,9.314233333333332,-36.2709969733355,1038.2833333333335
595,16.093,4.399999999999999,-25.18,-29.58,9.23324,-36.16162383350117,1038.2
596,16.093,4.399999999999999,-25.13,-29.53,9.152246666666668,-36.051990518097384,1038.1166666666668
597,16.093,4.399999999999999,-25.08,-29.48,9.071253333333331,-35.94209232150237,1038.0333333333335
598,16.093,4.399999999999999,-25.03,-29.43,8.99026,-35.83192441490831,1037.95
599,16.093,4.419999999999999,-24.98,-29.4,8.844472,-35.6825947035037,1037.89
600,16.093,4.469999999999999,-24.93,-29.4,8.601492,-35.47265586749299,1037.865
601,16.093,4.519999999999999,-24.88,-29.4,8.358512,-35.259445131415944,1037.84
602,16.093,4.569999999999999,-24.83,-29.4,8.115532,-35.042780459589274,1037.815
603,16.093,4.619999999999999,-24.78,-29.4,7.872552,-34.82246401268072,1037.79
604,16.093,4.669999999999999,-24.73,-29.4,7.629572,-34.59828024218657,1037.765
605,16.093,4.72,-24.68,-29.4,7.386592,-34.36999368639738,1037.74
606,16.093,4.77,-24.63,-29.4,7.143612,-34.137346409580175,1037.715
607,16.093,4.819999999999999,-24.58,-29.4,6.900632,-33.900055012326945,1037.69
608,16.093,4.87,-24.53,-29.4,6.657652000000001,-33.657807123373466,1037.665
609,16.093,4.92,-24.48,-29.4,6.414672,-33.410257260408954,1037.64
610,16.093,4.97,-24.43,-29.4,6.171692,-33.15702191772773,1037.615
611,16.093,5.016666666666667,-24.383333333333333,-29.4,6.090698666666667,-33.03510115650819,1037.59
612,16.093,5.058333333333334,-24.341666666666665,-29.4,6.252685333333334,-33.115226922115774,1037.5649999999998
613,16.093,5.1,-24.3,-29.4,6.414672,-33.192343205171824,1037.54
614,16.093,5.141666666666667,-24.258333333333333,-29.4,6.576658666666667,-33.26658549029554,1037.515
615,16.093,5.183333333333334,-24.216666666666665,-29.4,6.738645333333333,-33.338079939295504,1037.49
616,16.093,5.225,-24.175,-29.4,6.900632,-33.4069442407632,1037.465
617,16.093,5.266666666666667,-24.133333333333333,-29.4,7.062618666666667,-33.47328836422366,1037.4399999999998
618,16.093,5.308333333333334,-24.091666666666665,-29.4,7.224605333333333,-33.537215231495026,1037.415
619,16.093,5.35,-24.05,-29.4,7.386592,-33.598821315987365,1037.39
620,16.093,5.391666666666667,-24.008333333333333,-29.4,7.548578666666667,-33.65819717907689,1037.365
621,16.093,5.433333333333334,-23.966666666666665,-29.4,7.710565333333333,-33.715427951363644,1037.34
622,16.093,5.475,-23.925,-29.4,7.872552,-33.77059376550864,1037.315
623,16.093,5.5,-23.9,-29.4,7.969743999999999,-33.802733673328696,1037.3266666666666
624,16.093,5.5,-23.9,-29.4,7.969743999999999,-33.802733673328696,1037.3933333333332
625,16.093,5.5,-23.9,-29.4,7.969743999999999,-33.802733673328696,1037.46
626,16.093,5.5,-23.9,-29.4,7.969743999999999,-33.802733673328696,1037.5266666666666
627,16.093,5.5,-23.9,-29.4,7.969743999999999,-33.802733673328696,1037.5933333333332
628,16.093,5.5,-23.9,-29.4,7.969743999999999,-33.802733673328696,1037.66
629,16.093,5.5,-23.9,-29.4,7.969743999999999,-33.802733673328696,1037.7266666666667
630,16.093,5.5,-23.9,-29.4,7.969743999999999,-33.802733673328696,1037.7933333333333
631,16.093,5.5,-23.9,-29.4,7.969743999999999,-33.802733673328696,1037.86
632,16.093,5.5,-23.9,-29.4,7.969743999999999,-33.802733673328696,1037.9266666666665
633,16.093,5.5,-23.9,-29.4,7.969743999999999,-33.802733673328696,1037.993333333333
634,16.093,5.5,-23.9,-29.4,7.969743999999999,-33.802733673328696,1038.06
635,16.093,5.483333333333333,-23.936666666666664,-29.42,7.969743999999999,-33.84788698280752,1038.1166666666666
636,16.093,5.441666666666666,-24.02833333333333,-29.47,7.969743999999999,-33.96077025650461,1038.1583333333333
637,16.093,5.4,-24.12,-29.52,7.969743999999999,-34.073653530201696,1038.1999999999998
638,16.093,5.358333333333333,-24.211666666666662,-29.57,7.969743999999999,-34.186536803898775,1038.2416666666666
639,16.093,5.316666666666666,-24.30333333333333,-29.62,7.969743999999999,-34.299420077595855,1038.2833333333333
640,16.093,5.275,-24.395,-29.67,7.969743999999999,-34.41230335129295,1038.3249999999998
641,16.093,5.233333333333333,-24.486666666666665,-29.72,7.969743999999999,-34.52518662499003,1038.3666666666666
642,16.093,5.191666666666666,-24.578333333333333,-29.77,7.969743999999999,-34.638069898687114,1038.4083333333333
643,16.093,5.15,-24.67,-29.82,7.969743999999999,-34.7509531723842,1038.4499999999998
644,16.093,5.108333333333333,-24.761666666666667,-29.87,7.969743999999999,-34.86383644608128,1038.4916666666666
645,16.093,5.066666666666666,-24.85333333333333,-29.92,7.969743999999999,-34.97671971977836,1038.5333333333333
646,16.093,5.025,-24.945,-29.97,7.969743999999999,-35.089602993475445,1038.5749999999998
647,16.093,5.0,-25.02,-30.02,8.002141333333332,-35.203227891166776,1038.6133333333332
648,16.093,5.0,-25.07,-30.07,8.083134666666666,-35.31771953859495,1038.6466666666663
649,16.093,5.0,-25.12,-30.12,8.164128,-35.43186581272681,1038.6799999999998
650,16.093,5.0,-25.17,-30.17,8.245121333333334,-35.54567355128709,1038.7133333333334
651,16.093,5.0,-25.22,-30.22,8.326114666666665,-35.65914939742347,1038.746666666667
652,16.093,5.0,-25.27,-30.27,8.407108,-35.77229980702755,1038.78
653,16.093,5.0,-25.32,-30.32,8.488101333333333,-35.885131055713515,1038.8133333333333
654,16.093,5.0,-25.37,-30.37,8.569094666666667,-35.997649245473674,1038.8466666666666
655,16.093,5.0,-25.42,-30.42,8.650088,-36.109860311028704,1038.88
656,16.093,5.0,-25.47,-30.47,8.731081333333332,-36.22177002588926,1038.9133333333334
657,16.093,5.0,-25.52,-30.52,8.812074666666666,-36.333384008144655,1038.9466666666667
658,16.093,5.0,-25.57,-30.57,8.893068,-36.44470772599314,1038.98
659,16.093,4.963333333333333,-25.616666666666667,-30.58,8.844472,-36.473145206723956,1039.0166666666669
660,16.093,4.871666666666666,-25.65833333333333,-30.53,8.601492,-36.37502022687787,1039.0583333333334
661,16.093,4.779999999999999,-25.700000000000003,-30.48,8.358512,-36.27306336475882,1039.1
662,16.093,4.688333333333333,-25.741666666666667,-30.43,8.115532,-36.16707109685865,1039.1416666666669
663,16.093,4.596666666666666,-25.78333333333333,-30.380000000000003,7.872552,-36.05682247037582,1039.1833333333334
664,16.093,4.504999999999999,-25.825000000000003,-30.33,7.629572,-35.94207701538541,1039.225
665,16.093,4.413333333333332,-25.866666666666667,-30.28,7.386592,-35.82257233119086,1039.2666666666669
666,16.093,4.321666666666665,-25.90833333333333,-30.23,7.143612,-35.69802128341566,1039.3083333333334
667,16.093,4.229999999999999,-25.950000000000003,-30.18,6.900632,-35.56810873341915,1039.35
668,16.093,4.138333333333332,-25.991666666666667,-30.13,6.657652000000001,-35.43248770244879,1039.3916666666669
669,16.093,4.046666666666665,-26.03333333333333,-30.08,6.414672,-35.29077484819602,1039.4333333333334
670,16.093,3.954999999999999,-26.075000000000003,-30.03,6.171692,-35.142545099205634,1039.475
671,16.093,3.899999999999999,-26.12,-30.02,6.0583013333333335,-35.10181118851291,1039.513333333333
672,16.093,3.899999999999999,-26.17,-30.07,6.139294666666667,-35.23017974023378,1039.5466666666666
673,16.093,3.9,-26.22,-30.12,6.220288000000001,-35.35792119264512,1039.58
674,16.093,3.9,-26.27,-30.17,6.301281333333334,-35.48505141145871,1039.6133333333337
675,16.093,3.9,-26.32,-30.22,6.382274666666667,-35.611585676393254,1039.6466666666668
676,16.093,3.9,-26.37,-30.27,6.463268,-35.73753870981137,1039.68
677,16.093,3.9,-26.42,-30.32,6.544261333333334,-35.86292470362043,1039.7133333333334
678,16.093,3.900000000000001,-26.47,-30.37,6.625254666666667,-35.987757344562496,1039.746666666667
679,16.093,3.900000000000001,-26.52,-30.42,6.706248,-36.11204983800832,1039.78
680,16.093,3.900000000000001,-26.57,-30.47,6.787241333333334,-36.235814930360405,1039.8133333333335
681,16.093,3.9000000000000017,-26.62,-30.52,6.868234666666667,-36.3590649301623,1039.8466666666668
682,16.093,3.900000000000002,-26.67,-30.57,6.949228000000001,-36.481811728002704,1039.88
683,16.093,3.900000000000002,-26.7,-30.6,7.030221333333333,-36.579680125976054,1039.9466666666667
684,16.093,3.900000000000002,-26.7,-30.6,7.111214666666667,-36.64041112010727,1040.0633333333335
685,16.093,3.900000000000002,-26.7,-30.6,7.192208,-36.700563841663225,1040.18
686,16.093,3.900000000000002,-26.7,-30.6,7.273201333333334,-36.7601502168782,1040.2966666666666
687,16.093,3.900000000000002,-26.7,-30.6,7.354194666666666,-36.81918179654782,1040.4133333333334
688,16.093,3.900000000000002,-26.7,-30.6,7.435188,-36.87766977183442,1040.53
689,16.093,3.900000000000002,-26.7,-30.6,7.516181333333333,-36.93562498924292,1040.6466666666668
690,16.093,3.900000000000002,-26.7,-30.6,7.597174666666667,-36.99305796481897,1040.763333333333
691,16.093,3.900000000000002,-26.7,-30.6,7.678167999999999,-37.04997889761782,1040.88
692,16.093,3.900000000000002,-26.7,-30.6,7.759161333333333,-37.106397682488414,1040.996666666667
693,16.093,3.900000000000002,-26.7,-30.6,7.840154666666666,-37.16232392221454,1041.1133333333332
694,16.093,3.900000000000002,-26.7,-30.6,7.921148,-37.21776693905131,1041.23
695,16.093,3.900000000000002,-26.7,-30.6,7.937346666666666,-37.228798356934064,1041.2933333333333
696,16.093,3.900000000000002,-26.7,-30.6,7.856353333333333,-37.173450889912786,1041.2766666666666
697,16.093,3.900000000000002,-26.7,-30.6,7.77536,-37.117622031764554,1041.26
698,16.093,3.900000000000002,-26.7,-30.6,7.694366666666666,-37.061302515006204,1041.243333333333
699,16.093,3.900000000000002,-26.7,-30.6,7.613373333333333,-37.00448279386394,1041.2266666666667
700,16.093,3.900000000000002,-26.7,-30.6,7.53238,-36.94715303285325,1041.21
701,16.093,3.900000000000002,-26.7,-30.6,7.451386666666667,-36.88930309476173,1041.1933333333332
702,16.093,3.900000000000002,-26.7,-30.6,7.370393333333333,-36.83092252799675,1041.1766666666665
703,16.093,3.900000000000002,-26.7,-30.6,7.2894,-36.7720005532571,1041.16
704,16.093,3.900000000000002,-26.7,-30.6,7.208406666666667,-36.7125260494844,1041.1433333333332
705,16.093,3.900000000000002,-26.7,-30.6,7.127413333333334,-36.65248753904678,1041.1266666666666
706,16.093,3.900000000000002,-26.7,-30.6,7.04642,-36.591873172103796,1041.11
707,16.093,3.883333333333336,-26.716666666666665,-30.6,6.965426666666668,-36.550978200676376,1041.12
708,16.093,3.841666666666669,-26.758333333333333,-30.6,6.884433333333334,-36.53987862145701,1041.1699999999998
709,16.093,3.800000000000002,-26.8,-30.6,6.80344,-36.528071119153324,1041.22
710,16.093,3.758333333333336,-26.841666666666665,-30.6,6.722446666666667,-36.51554076021146,1041.27
711,16.093,3.716666666666669,-26.883333333333333,-30.6,6.641453333333334,-36.502272104103085,1041.32
712,16.093,3.675000000000002,-26.925,-30.6,6.560460000000001,-36.48824917961002,1041.37
713,16.093,3.633333333333336,-26.966666666666665,-30.6,6.479466666666667,-36.473455459689326,1041.42
714,16.093,3.591666666666669,-27.008333333333333,-30.6,6.3984733333333335,-36.457873834815274,1041.47
715,16.093,3.550000000000002,-27.05,-30.6,6.317480000000001,-36.44148658468514,1041.52
716,16.093,3.5083333333333355,-27.091666666666665,-30.6,6.236486666666667,-36.424275348165956,1041.57
717,16.093,3.466666666666669,-27.133333333333333,-30.6,6.155493333333334,-36.40622109134834,1041.62
718,16.093,3.425000000000002,-27.175,-30.6,6.0745000000000005,-36.38730407356151,1041.67
719,16.093,3.390000000000002,-27.218333333333334,-30.60833333333333,6.0583013333333335,-36.425599812614934,1041.7116666666668
720,16.093,3.365000000000002,-27.264166666666664,-30.629166666666663,6.139294666666667,-36.55030508829225,1041.7408333333333
721,16.093,3.340000000000002,-27.31,-30.65,6.220288000000001,-36.674357999599906,1041.77
722,16.093,3.3150000000000017,-27.355833333333333,-30.67083333333333,6.301281333333334,-36.79777493742101,1041.799166666667
723,16.093,3.290000000000002,-27.401666666666667,-30.691666666666663,6.382274666666667,-36.92057168840222,1041.8283333333334
724,16.093,3.265000000000002,-27.4475,-30.7125,6.463268,-37.042763464455916,1041.8575
725,16.093,3.240000000000001,-27.49333333333333,-30.73333333333333,6.544261333333334,-37.16436493047466,1041.8866666666668
726,16.093,3.2150000000000016,-27.539166666666667,-30.754166666666663,6.625254666666667,-37.28539023038704,1041.9158333333337
727,16.093,3.1900000000000017,-27.585,-30.775,6.706248,-37.40585301167289,1041.9450000000002
728,16.093,3.1650000000000014,-27.63083333333333,-30.79583333333333,6.787241333333333,-37.52576644844639,1041.9741666666666
729,16.093,3.140000000000001,-27.676666666666662,-30.816666666666663,6.868234666666667,-37.64514326320669,1042.003333333333
730,16.093,3.115000000000001,-27.7225,-30.8375,6.949228,-37.76399574734755,1042.0325
731,16.093,3.090000000000001,-27.76833333333333,-30.85833333333333,7.030221333333333,-37.882335780510246,1042.0616666666667
732,16.093,3.0650000000000013,-27.814166666666665,-30.879166666666663,7.111214666666667,-38.00017484885778,1042.0908333333334
733,16.093,3.0400000000000014,-27.86,-30.9,7.192208,-38.117524062341545,1042.12
734,16.093,3.015000000000001,-27.905833333333334,-30.92083333333333,7.273201333333334,-38.23439417102688,1042.1491666666668
735,16.093,2.990000000000001,-27.951666666666668,-30.941666666666663,7.354194666666666,-38.35079558053868,1042.1783333333335
736,16.093,2.965000000000001,-27.9975,-30.9625,7.435188,-38.466738366683366,1042.2075
737,16.093,2.940000000000001,-28.043333333333333,-30.98333333333333,7.516181333333333,-38.58223228929972,1042.236666666667
738,16.093,2.915000000000001,-28.089166666666667,-31.004166666666663,7.597174666666667,-38.69728680538688,1042.2658333333334
739,16.093,2.890000000000001,-28.135,-31.025,7.678167999999999,-38.8119110815547,1042.295
740,16.093,2.865000000000001,-28.18083333333333,-31.04583333333333,7.759161333333333,-38.92611400583788,1042.3241666666668
741,16.093,2.8400000000000007,-28.226666666666667,-31.066666666666663,7.840154666666667,-39.03990419891289,1042.3533333333337
742,16.093,2.815000000000001,-28.2725,-31.0875,7.921148,-39.15329002475342,1042.3825000000002
743,16.093,2.8000000000000007,-28.32,-31.12,7.969743999999999,-39.24575988868624,1042.4166666666667
744,16.093,2.8000000000000007,-28.37,-31.17,7.969743999999999,-39.3073325834301,1042.4583333333337
745,16.093,2.8000000000000007,-28.42,-31.22,7.969743999999999,-39.36890527817397,1042.5
746,16.093,2.8000000000000007,-28.47,-31.27,7.969743999999999,-39.43047797291783,1042.5416666666667
747,16.093,2.8000000000000007,-28.52,-31.32,7.969743999999999,-39.4920506676617,1042.5833333333337
748,16.093,2.8000000000000007,-28.57,-31.37,7.969743999999999,-39.55362336240556,1042.625
749,16.093,2.8000000000000007,-28.62,-31.42,7.969743999999999,-39.61519605714942,1042.6666666666667
750,16.093,2.8000000000000007,-28.67,-31.47,7.969743999999999,-39.676768751893285,1042.7083333333337
751,16.093,2.8000000000000007,-28.72,-31.52,7.969743999999999,-39.73834144663715,1042.75
752,16.093,2.8000000000000007,-28.77,-31.57,7.969743999999999,-39.79991414138102,1042.7916666666667
753,16.093,2.8000000000000007,-28.82,-31.62,7.969743999999999,-39.86148683612488,1042.8333333333337
754,16.093,2.8000000000000007,-28.87,-31.67,7.969743999999999,-39.92305953086874,1042.875
755,16.093,2.8200000000000007,-28.916666666666664,-31.736666666666665,7.904949333333333,-39.93467453673334,1042.9166666666667
756,16.093,2.870000000000001,-28.95833333333333,-31.828333333333333,7.742962666666666,-39.8698392749032,1042.9583333333337
757,16.093,2.9200000000000004,-29.0,-31.92,7.580976,-39.80277591432592,1043.0
758,16.093,2.97,-29.041666666666664,-32.01166666666666,7.418989333333333,-39.73339818738309,1043.0416666666667
759,16.093,3.02,-29.08333333333333,-32.10333333333333,7.257002666666667,-39.661614466229835,1043.0833333333337
760,16.093,3.07,-29.125,-32.195,7.095016,-39.58732730053443,1043.125
761,16.093,3.12,-29.166666666666664,-32.28666666666666,6.933029333333334,-39.51043290373542,1043.1666666666667
762,16.093,3.1699999999999995,-29.20833333333333,-32.37833333333333,6.771042666666666,-39.43082058072916,1043.2083333333337
763,16.093,3.22,-29.25,-32.47,6.609056,-39.34837208873001,1043.25
764,16.093,3.269999999999999,-29.291666666666664,-32.56166666666667,6.447069333333333,-39.26296092164706,1043.2916666666667
765,16.093,3.319999999999999,-29.33333333333333,-32.65333333333333,6.285082666666667,-39.17445150664547,1043.3333333333337
766,16.093,3.3699999999999988,-29.375,-32.745,6.123096,-39.08269829954116,1043.375
767,16.093,3.376666666666665,-29.44,-32.81666666666666,6.0583013333333335,-39.10330882009296,1043.4033333333334
768,16.093,3.318333333333332,-29.54,-32.85833333333333,6.139294666666667,-39.2961255951831,1043.4116666666669
769,16.093,3.259999999999998,-29.64,-32.9,6.220288000000001,-39.48839264198948,1043.42
770,16.093,3.2016666666666644,-29.74,-32.94166666666666,6.301281333333334,-39.680124905017436,1043.4283333333333
771,16.093,3.143333333333331,-29.84,-32.98333333333333,6.382274666666667,-39.871336766320766,1043.4366666666667
772,16.093,3.0849999999999973,-29.94,-33.025,6.463268,-40.06204207322766,1043.4450000000002
773,16.093,3.026666666666664,-30.04,-33.06666666666666,6.544261333333334,-40.25225416437727,1043.4533333333334
774,16.093,2.96833333333333,-30.14,-33.10833333333333,6.625254666666667,-40.441985894189386,1043.4616666666666
775,16.093,2.9099999999999966,-30.24,-33.15,6.706248,-40.63124965587892,1043.47
776,16.093,2.851666666666663,-30.34,-33.19166666666666,6.787241333333334,-40.820057403118454,1043.4783333333337
777,16.093,2.793333333333329,-30.44,-33.23333333333333,6.868234666666667,-41.00842067044269,1043.486666666667
778,16.093,2.734999999999996,-30.540000000000003,-33.275,6.949228000000001,-41.196350592482105,1043.495
779,16.093,2.699999999999996,-30.6,-33.3,7.030221333333333,-41.335084543464376,1043.503333333333
780,16.093,2.699999999999996,-30.6,-33.3,7.111214666666667,-41.400092683721674,1043.5116666666668
781,16.093,2.699999999999996,-30.6,-33.3,7.192208,-41.46448182497827,1043.52
782,16.093,2.699999999999996,-30.6,-33.3,7.273201333333334,-41.528264733406054,1043.5283333333332
783,16.093,2.699999999999996,-30.6,-33.3,7.354194666666666,-41.591453773296976,1043.5366666666666
784,16.093,2.699999999999996,-30.6,-33.3,7.435188,-41.654060923981554,1043.545
785,16.093,2.699999999999996,-30.6,-33.3,7.516181333333333,-41.716097795859426,1043.5533333333333
786,16.093,2.699999999999996,-30.6,-33.3,7.597174666666667,-41.7775756455975,1043.5616666666665
787,16.093,2.699999999999996,-30.6,-33.3,7.678167999999999,-41.838505390547326,1043.57
788,16.093,2.699999999999996,-30.6,-33.3,7.759161333333333,-41.898897622429615,1043.5783333333334
789,16.093,2.699999999999996,-30.6,-33.3,7.840154666666666,-41.95876262033043,1043.5866666666666
790,16.093,2.699999999999996,-30.6,-33.3,7.921148,-42.01811036305016,1043.5949999999998
791,16.093,2.699999999999996,-30.618333333333336,-33.31833333333333,7.904949333333333,-42.02884378421906,1043.6083333333331
792,16.093,2.699999999999996,-30.664166666666667,-33.36416666666666,7.742962666666666,-41.96569961084441,1043.6291666666666
793,16.093,2.699999999999996,-30.71,-33.41,7.580976,-41.90024946797185,1043.65
794,16.093,2.699999999999996,-30.75583333333333,-33.45583333333333,7.418989333333333,-41.8324042120054,1043.6708333333331
795,16.093,2.699999999999996,-30.80166666666667,-33.501666666666665,7.257002666666667,-41.76206916306224,1043.6916666666666
796,16.093,2.6999999999999966,-30.8475,-33.5475,7.095015999999999,-41.6891436276391,1043.7125
797,16.093,2.6999999999999966,-30.89333333333333,-33.593333333333334,6.933029333333333,-41.613520368125,1043.7333333333331
798,16.093,2.6999999999999966,-30.93916666666667,-33.63916666666666,6.771042666666666,-41.535085011843435,1043.7541666666666
799,16.093,2.699999999999997,-30.985,-33.684999999999995,6.609056,-41.45371539109888,1043.775
800,16.093,2.699999999999997,-31.030833333333334,-33.73083333333333,6.447069333333333,-41.36928080425958,1043.7958333333331
801,16.093,2.699999999999997,-31.076666666666668,-33.776666666666664,6.285082666666666,-41.281641186177566,1043.8166666666666
802,16.093,2.699999999999997,-31.1225,-33.8225,6.123095999999999,-41.19064617416332,1043.8375
803,16.093,2.699999999999997,-31.168333333333333,-33.86833333333333,5.961109333333333,-41.09613405321146,1043.8583333333331
804,16.093,2.699999999999997,-31.214166666666667,-33.91416666666667,5.799122666666666,-40.997930561109854,1043.8791666666666
805,16.093,2.699999999999998,-31.26,-33.96,5.637136,-40.89584753032139,1043.9
806,16.093,2.699999999999998,-31.30583333333333,-34.00583333333333,5.4751493333333325,-40.78968133893129,1043.9208333333331
807,16.093,2.699999999999998,-31.351666666666667,-34.05166666666666,5.313162666666667,-40.679211137276646,1043.9416666666666
808,16.093,2.6999999999999984,-31.3975,-34.0975,5.151176,-40.56419680982401,1043.9625
809,16.093,2.6999999999999984,-31.44333333333333,-34.14333333333333,4.989189333333333,-40.44437662304896,1043.9833333333331
810,16.093,2.6999999999999984,-31.489166666666662,-34.189166666666665,4.8272026666666665,-40.31946449898396,1044.0041666666666
811,16.093,2.699999999999999,-31.535,-34.235,4.665216,-40.18914684005496,1044.025
812,16.093,2.699999999999999,-31.58083333333333,-34.280833333333334,4.5032293333333335,-40.053078812898605,1044.0458333333331
813,16.093,2.699999999999999,-31.626666666666665,-34.32666666666667,4.341242666666666,-39.910879975788376,1044.0666666666666
814,16.093,2.7,-31.6725,-34.372499999999995,4.179256,-39.762129104375816,1044.0875
815,16.093,2.7,-31.7,-34.4,4.082064,-39.669541011561265,1044.1166666666666
816,16.093,2.7,-31.7,-34.4,4.082064,-39.669541011561265,1044.1583333333333
817,16.093,2.7,-31.7,-34.4,4.082064,-39.669541011561265,1044.1999999999998
818,16.093,2.7,-31.7,-34.4,4.082064,-39.669541011561265,1044.2416666666666
819,16.093,2.7,-31.7,-34.4,4.082064,-39.669541011561265,1044.2833333333333
820,16.093,2.7,-31.7,-34.4,4.082064,-39.669541011561265,1044.3249999999998
821,16.093,2.7,-31.7,-34.4,4.082064,-39.669541011561265,1044.3666666666666
822,16.093,2.7,-31.7,-34.4,4.082064,-39.669541011561265,1044.4083333333333
823,16.093,2.7,-31.7,-34.4,4.082064,-39.669541011561265,1044.4499999999998
824,16.093,2.7,-31.7,-34.4,4.082064,-39.669541011561265,1044.4916666666666
825,16.093,2.7,-31.7,-34.4,4.082064,-39.669541011561265,1044.5333333333333
826,16.093,2.7,-31.7,-34.4,4.082064,-39.669541011561265,1044.5749999999998
827,16.093,2.6833333333333327,-31.66333333333333,-34.346666666666664,4.082064,-39.62665813635361,1044.61
828,16.093,2.6416666666666657,-31.571666666666665,-34.21333333333333,4.082064,-39.51945094833448,1044.635
829,16.093,2.5999999999999988,-31.48,-34.08,4.082064,-39.41224376031535,1044.66
830,16.093,2.558333333333332,-31.38833333333333,-33.946666666666665,4.082064,-39.30503657229622,1044.685
831,16.093,2.516666666666665,-31.296666666666667,-33.81333333333333,4.082064,-39.19782938427709,1044.71
832,16.093,2.474999999999998,-31.205,-33.68,4.082064,-39.090622196257954,1044.735
833,16.093,2.433333333333331,-31.113333333333333,-33.54666666666667,4.082064,-38.98341500823883,1044.76
834,16.093,2.391666666666664,-31.02166666666667,-33.413333333333334,4.082064,-38.876207820219705,1044.785
835,16.093,2.349999999999997,-30.93,-33.28,4.082064,-38.76900063220056,1044.81
836,16.093,2.30833333333333,-30.83833333333333,-33.14666666666666,4.082064,-38.661793444181434,1044.835
837,16.093,2.266666666666663,-30.746666666666663,-33.01333333333333,4.082064,-38.554586256162295,1044.86
838,16.093,2.224999999999996,-30.655,-32.879999999999995,4.082064,-38.44737906814317,1044.885
839,16.093,2.2366666666666624,-30.506666666666668,-32.74333333333333,4.244050666666666,-38.47647761667595,1044.91
840,16.093,2.3283333333333296,-30.273333333333333,-32.60166666666667,4.649017333333333,-38.680292399802596,1044.9350000000002
841,16.093,2.419999999999997,-30.040000000000003,-32.46,5.053984,-38.84671041030167,1044.96
842,16.093,2.511666666666664,-29.80666666666667,-32.318333333333335,5.4589506666666665,-38.98091683567209,1044.985
843,16.093,2.603333333333331,-29.57333333333333,-32.17666666666666,5.863917333333333,-39.087044769437526,1045.01
844,16.093,2.694999999999998,-29.34,-32.035,6.268884,-39.16844582619832,1045.035
845,16.093,2.786666666666665,-29.10666666666667,-31.89333333333333,6.673850666666667,-39.227878374480156,1045.0600000000002
846,16.093,2.878333333333332,-28.87333333333333,-31.751666666666665,7.078817333333333,-39.26764188787532,1045.085
847,16.093,2.97,-28.64,-31.61,7.483784,-39.289675004980204,1045.11
848,16.093,3.061666666666666,-28.406666666666663,-31.468333333333334,7.888750666666667,-39.29562851417471,1045.135
849,16.093,3.1533333333333333,-28.173333333333336,-31.326666666666668,8.293717333333333,-39.28692062059312,1045.16
850,16.093,3.245,-27.94,-31.185,8.698684,-39.2647794434168,1045.185
851,16.093,3.336666666666668,-27.726666666666667,-31.063333333333336,8.844472,-39.09313718860053,1045.2066666666667
852,16.093,3.4283333333333337,-27.543333333333333,-30.971666666666668,8.601492,-38.71043004487399,1045.2233333333334
853,16.093,3.5200000000000005,-27.36,-30.880000000000003,8.358512,-38.325022227379755,1045.24
854,16.093,3.611666666666667,-27.176666666666662,-30.78833333333333,8.115532,-37.936749778191256,1045.256666666667
855,16.093,3.703333333333333,-26.993333333333336,-30.69666666666667,7.872552,-37.545434165204135,1045.2733333333333
856,16.093,3.795,-26.81,-30.605,7.629572,-37.15088050543185,1045.29
857,16.093,3.8866666666666654,-26.62666666666667,-30.51333333333333,7.386592,-36.752875508193426,1045.3066666666668
858,16.093,3.9783333333333326,-26.44333333333333,-30.421666666666667,7.143612,-36.351185083286836,1045.3233333333335
859,16.093,4.069999999999999,-26.26,-30.33,6.900632,-35.945551546221026,1045.34
860,16.093,4.161666666666665,-26.076666666666668,-30.238333333333333,6.657652000000001,-35.53569033589559,1045.3566666666668
861,16.093,4.253333333333332,-25.89333333333333,-30.14666666666667,6.414672,-35.12128613856714,1045.3733333333334
862,16.093,4.344999999999999,-25.71,-30.055,6.171692,-34.701988283862505,1045.39
863,16.093,4.436666666666666,-25.543333333333333,-29.98,6.123096,-34.4606933746424,1045.3866666666668
864,16.093,4.528333333333332,-25.401666666666667,-29.93,6.3660760000000005,-34.4873176109766,1045.3533333333337
865,16.093,4.619999999999999,-25.26,-29.88,6.609056000000001,-34.506689220458085,1045.3200000000002
866,16.093,4.711666666666666,-25.11833333333333,-29.83,6.852036,-34.519270482470716,1045.2866666666666
867,16.093,4.803333333333333,-24.976666666666667,-29.78,7.095016,-34.525478400521365,1045.253333333333
868,16.093,4.895,-24.835,-29.73,7.337996,-34.52569053678406,1045.22
869,16.093,4.986666666666666,-24.69333333333333,-29.68,7.580976,-34.52024992736583,1045.1866666666667
870,16.093,5.078333333333333,-24.551666666666662,-29.63,7.823956,-34.509469247767996,1045.1533333333334
871,16.093,5.17,-24.41,-29.58,8.066936,-34.49363436251701,1045.12
872,16.093,5.261666666666667,-24.26833333333333,-29.53,8.309916,-34.47300736571226,1045.0866666666666
873,16.093,5.3533333333333335,-24.126666666666665,-29.48,8.552896,-34.44782919817466,1045.0533333333333
874,16.093,5.445,-23.985,-29.43,8.795876,-34.41832191044829,1045.02
875,16.093,5.5,-23.9,-29.4,9.012938133333332,-34.44014617688471,1044.98
876,16.093,5.5,-23.9,-29.4,9.191123466666664,-34.542753705098704,1044.93
877,16.093,5.5,-23.9,-29.4,9.3693088,-34.64370367511562,1044.88
878,16.093,5.5,-23.9,-29.4,9.547494133333332,-34.743053636102864,1044.83
879,16.093,5.5,-23.9,-29.4,9.725679466666666,-34.840858110274,1044.78
880,16.093,5.5,-23.9,-29.4,9.9038648,-34.93716880425199,1044.73
881,16.093,5.5,-23.9,-29.4,10.082050133333333,-35.03203480216193,1044.68
882,16.093,5.5,-23.9,-29.4,10.260235466666666,-35.125502742325224,1044.63
883,16.093,5.5,-23.9,-29.4,10.4384208,-35.217616979206944,1044.5800000000002
884,16.093,5.5,-23.9,-29.4,10.616606133333333,-35.308419732076075,1044.53
885,16.093,5.5,-23.9,-29.4,10.794791466666666,-35.39795122167231,1044.48
886,16.093,5.5,-23.9,-29.4,10.9729768,-35.48624979602769,1044.43
887,16.093,5.483333333333333,-23.9,-29.383333333333333,11.079888,-35.538652433128775,1044.39
888,16.093,5.441666666666666,-23.9,-29.341666666666665,11.079888,-35.538652433128775,1044.365
889,16.093,5.4,-23.9,-29.3,11.079888,-35.538652433128775,1044.34
890,16.093,5.358333333333333,-23.9,-29.258333333333333,11.079888,-35.538652433128775,1044.315
891,16.093,5.316666666666666,-23.9,-29.216666666666665,11.079888,-35.538652433128775,1044.29
892,16.093,5.275,-23.9,-29.175,11.079888,-35.538652433128775,1044.265
893,16.093,5.233333333333333,-23.9,-29.133333333333333,11.079888,-35.538652433128775,1044.24
894,16.093,5.191666666666666,-23.9,-29.091666666666665,11.079888,-35.538652433128775,1044.215
895,16.093,5.15,-23.9,-29.05,11.079888,-35.538652433128775,1044.19
896,16.093,5.108333333333333,-23.9,-29.008333333333333,11.079888,-35.538652433128775,1044.165
897,16.093,5.066666666666666,-23.9,-28.966666666666665,11.079888,-35.538652433128775,1044.14
898,16.093,5.025,-23.9,-28.925,11.079888,-35.538652433128775,1044.115
899,16.093,5.0,-23.9,-28.9,11.008613866666668,-35.503764810789725,1044.0966666666666
900,16.093,5.0,-23.9,-28.9,10.830428533333334,-35.4157083742474,1044.0883333333331
901,16.093,5.0,-23.9,-28.9,10.6522432,-35.326426477715856,1044.08
902,16.093,5.0,-23.9,-28.9,10.474057866666667,-35.235881133487105,1044.0716666666667
903,16.093,5.0,-23.9,-28.9,10.295872533333334,-35.14403250510041,1044.0633333333333
904,16.093,5.0,-23.9,-28.9,10.1176872,-35.050838783563265,1044.0549999999998
905,16.093,5.0,-23.9,-28.9,9.939501866666667,-34.95625605294118,1044.0466666666666
906,16.093,5.0,-23.9,-28.9,9.761316533333334,-34.86023814419473,1044.0383333333334
907,16.093,5.0,-23.9,-28.9,9.5831312,-34.76273647600072,1044.03
908,16.093,5.0,-23.9,-28.9,9.404945866666669,-34.66369988113293,1044.0216666666663
909,16.093,5.0,-23.9,-28.9,9.226760533333334,-34.56307441679144,1044.013333333333
910,16.093,5.0,-23.9,-28.9,9.0485752,-34.460803157054876,1044.005
911,16.093,4.983333333333333,-23.916666666666664,-28.9,8.941664,-34.41933867395703,1044.013333333333
912,16.093,4.941666666666666,-23.95833333333333,-28.9,8.941664,-34.471121500103244,1044.0466666666666
913,16.093,4.9,-24.0,-28.9,8.941664,-34.52290432624947,1044.08
914,16.093,4.858333333333333,-24.041666666666664,-28.9,8.941664,-34.57468715239568,1044.1133333333337
915,16.093,4.816666666666666,-24.08333333333333,-28.9,8.941664,-34.6264699785419,1044.1466666666668
916,16.093,4.775,-24.125,-28.9,8.941664,-34.67825280468812,1044.18
917,16.093,4.733333333333333,-24.166666666666664,-28.9,8.941664,-34.73003563083434,1044.2133333333334
918,16.093,4.691666666666666,-24.20833333333333,-28.9,8.941664,-34.781818456980545,1044.246666666667
919,16.093,4.65,-24.25,-28.9,8.941664,-34.833601283126775,1044.28
920,16.093,4.608333333333333,-24.291666666666664,-28.9,8.941664,-34.88538410927299,1044.3133333333335
921,16.093,4.566666666666666,-24.33333333333333,-28.9,8.941664,-34.9371669354192,1044.3466666666668
922,16.093,4.525,-24.375,-28.9,8.941664,-34.98894976156543,1044.38
923,16.093,4.46,-24.44,-28.9,8.909266666666666,-35.05057120185672,1044.4033333333334
924,16.093,4.359999999999999,-24.54,-28.9,8.828273333333332,-35.12656652839391,1044.4116666666669
925,16.093,4.26,-24.64,-28.9,8.74728,-35.20200656808518,1044.42
926,16.093,4.159999999999999,-24.74,-28.9,8.666286666666666,-35.27688280852846,1044.4283333333333
927,16.093,4.059999999999999,-24.84,-28.9,8.585293333333333,-35.3511865182526,1044.4366666666667
928,16.093,3.959999999999999,-24.94,-28.9,8.504299999999999,-35.424908738884646,1044.4450000000002
929,16.093,3.859999999999999,-25.04,-28.9,8.423306666666665,-35.498040276958406,1044.4533333333334
930,16.093,3.759999999999998,-25.14,-28.9,8.342313333333333,-35.57057169534403,1044.4616666666666
931,16.093,3.659999999999998,-25.24,-28.9,8.26132,-35.64249330427717,1044.47
932,16.093,3.559999999999998,-25.34,-28.9,8.180326666666666,-35.71379515196497,1044.4783333333337
933,16.093,3.4599999999999973,-25.44,-28.9,8.099333333333332,-35.78446701474446,1044.486666666667
934,16.093,3.359999999999997,-25.540000000000003,-28.9,8.01834,-35.854498386767006,1044.495
935,16.093,3.2833333333333306,-25.616666666666667,-28.9,8.002141333333332,-35.93823168704028,1042.57
936,16.093,3.241666666666664,-25.65833333333333,-28.9,8.083134666666666,-36.04303698250162,1037.745
937,16.093,3.199999999999997,-25.700000000000003,-28.9,8.164128,-36.14747571578169,1032.92
938,16.093,3.1583333333333306,-25.741666666666667,-28.9,8.245121333333334,-36.2515550165784,1028.095
939,16.093,3.116666666666664,-25.78333333333333,-28.9,8.326114666666665,-36.35528181266647,1023.27
940,16.093,3.074999999999997,-25.825000000000003,-28.9,8.407108,-36.45866283747793,1018.445
941,16.093,3.0333333333333306,-25.866666666666667,-28.9,8.488101333333333,-36.5617046373288,1013.62
942,16.093,2.991666666666664,-25.90833333333333,-28.9,8.569094666666667,-36.66441357831158,1008.795
943,16.093,2.949999999999997,-25.950000000000003,-28.9,8.650088,-36.76679585287191,1003.97
944,16.093,2.9083333333333306,-25.991666666666667,-28.9,8.731081333333332,-36.86885748608668,999.145
945,16.093,2.866666666666664,-26.03333333333333,-28.9,8.812074666666666,-36.97060434165999,994.32
946,16.093,2.824999999999997,-26.075000000000003,-28.9,8.893068,-37.07204212765169,989.495
947,16.093,2.799999999999997,-26.1,-28.9,8.941664,-37.13275876401886,986.6
948,16.093,2.799999999999997,-26.1,-28.9,8.941664,-37.13275876401886,986.6
949,16.093,2.799999999999997,-26.1,-28.9,8.941664,-37.13275876401886,986.6
950,16.093,2.799999999999997,-26.1,-28.9,8.941664,-37.13275876401886,986.6
951,16.093,2.799999999999997,-26.1,-28.9,8.941664,-37.13275876401886,986.6
952,16.093,2.799999999999997,-26.1,-28.9,8.941664,-37.13275876401886,986.6
953,16.093,2.799999999999997,-26.1,-28.9,8.941664,-37.13275876401886,986.6
954,16.093,2.799999999999997,-26.1,-28.9,8.941664,-37.13275876401886,986.6
955,16.093,2.799999999999997,-26.1,-28.9,8.941664,-37.13275876401886,986.6
956,16.093,2.799999999999997,-26.1,-28.9,8.941664,-37.13275876401886,986.6
957,16.093,2.799999999999997,-26.1,-28.9,8.941664,-37.13275876401886,986.6
958,16.093,2.799999999999997,-26.1,-28.9,8.941664,-37.13275876401886,986.6
959,16.093,2.799999999999997,-26.1,-28.9,8.941664,-37.13275876401886,986.6
960,16.093,2.799999999999997,-26.1,-28.9,8.941664,-37.13275876401886,986.6
961,16.093,2.799999999999997,-26.1,-28.9,8.941664,-37.13275876401886,986.6
962,16.093,2.799999999999997,-26.1,-28.9,8.941664,-37.13275876401886,986.6
963,16.093,2.799999999999997,-26.1,-28.9,8.941664,-37.13275876401886,986.6
964,16.093,2.799999999999997,-26.1,-28.9,8.941664,-37.13275876401886,986.6
965,16.093,2.799999999999997,-26.1,-28.9,8.941664,-37.13275876401886,986.6
966,16.093,2.799999999999997,-26.1,-28.9,8.941664,-37.13275876401886,986.6
967,16.093,2.799999999999997,-26.1,-28.9,8.941664,-37.13275876401886,986.6
968,16.093,2.799999999999997,-26.1,-28.9,8.941664,-37.13275876401886,986.6
969,16.093,2.799999999999997,-26.1,-28.9,8.941664,-37.13275876401886,986.6
970,16.093,2.799999999999997,-26.1,-28.9,8.941664,-37.13275876401886,986.6
971,16.093,2.799999999999997,-26.1,-28.9,8.941664,-37.13275876401886,986.6
972,16.093,2.799999999999997,-26.1,-28.9,8.941664,-37.13275876401886,986.6
973,16.093,2.799999999999997,-26.1,-28.9,8.941664,-37.13275876401886,986.6
974,16.093,2.799999999999997,-26.1,-28.9,8.941664,-37.13275876401886,986.6
975,16.093,2.799999999999997,-26.1,-28.9,8.941664,-37.13275876401886,986.6
976,16.093,2.799999999999997,-26.1,-28.9,8.941664,-37.13275876401886,986.6
977,16.093,2.799999999999997,-26.1,-28.9,8.941664,-37.13275876401886,986.6
978,16.093,2.799999999999997,-26.1,-28.9,8.941664,-37.13275876401886,986.6
979,16.093,2.799999999999997,-26.1,-28.9,8.941664,-37.13275876401886,986.6
980,16.093,2.799999999999997,-26.1,-28.9,8.941664,-37.13275876401886,986.6
981,16.093,2.799999999999997,-26.1,-28.9,8.941664,-37.13275876401886,986.6
982,16.093,2.799999999999997,-26.1,-28.9,8.941664,-37.13275876401886,986.6
983,16.093,2.799999999999997,-26.1,-28.9,8.941664,-37.13275876401886,986.6
984,16.093,2.799999999999997,-26.1,-28.9,8.941664,-37.13275876401886,986.6
985,16.093,2.799999999999997,-26.1,-28.9,8.941664,-37.13275876401886,986.6
986,16.093,2.799999999999997,-26.1,-28.9,8.941664,-37.13275876401886,986.6
987,16.093,2.799999999999997,-26.1,-28.9,8.941664,-37.13275876401886,986.6
988,16.093,2.799999999999997,-26.1,-28.9,8.941664,-37.13275876401886,986.6
989,16.093,2.799999999999997,-26.1,-28.9,8.941664,-37.13275876401886,986.6
990,16.093,2.799999999999997,-26.1,-28.9,8.941664,-37.13275876401886,986.6
991,16.093,2.799999999999997,-26.1,-28.9,8.941664,-37.13275876401886,986.6
992,16.093,2.799999999999997,-26.1,-28.9,8.941664,-37.13275876401886,986.6
993,16.093,2.799999999999997,-26.1,-28.9,8.941664,-37.13275876401886,986.6
994,16.093,2.799999999999997,-26.1,-28.9,8.941664,-37.13275876401886,986.6
995,16.093,2.799999999999997,-26.1,-28.9,8.941664,-37.13275876401886,986.6
996,16.093,2.799999999999997,-26.1,-28.9,8.941664,-37.13275876401886,986.6
997,16.093,2.799999999999997,-26.1,-28.9,8.941664,-37.13275876401886,986.6
998,16.093,2.799999999999997,-26.1,-28.9,8.941664,-37.13275876401886,986.6
999,16.093,2.799999999999997,-26.1,-28.9,8.941664,-37.13275876401886,986.6
1000,16.093,2.799999999999997,-26.1,-28.9,8.941664,-37.13275876401886,986.6
1001,16.093,2.799999999999997,-26.1,-28.9,8.941664,-37.13275876401886,986.6
1002,16.093,2.799999999999997,-26.1,-28.9,8.941664,-37.13275876401886,986.6
1003,16.093,2.799999999999997,-26.1,-28.9,8.941664,-37.13275876401886,986.6
1004,16.093,2.799999999999997,-26.1,-28.9,8.941664,-37.13275876401886,986.6
1005,16.093,2.799999999999997,-26.1,-28.9,8.941664,-37.13275876401886,986.6
1006,16.093,2.799999999999997,-26.1,-28.9,8.941664,-37.13275876401886,986.6
1007,16.093,2.799999999999997,-26.1,-28.9,8.941664,-37.13275876401886,986.6
1008,16.093,2.799999999999997,-26.1,-28.9,8.941664,-37.13275876401886,986.6
1009,16.093,2.799999999999997,-26.1,-28.9,8.941664,-37.13275876401886,986.6
1010,16.093,2.799999999999997,-26.1,-28.9,8.941664,-37.13275876401886,986.6
1011,16.093,2.799999999999997,-26.1,-28.9,8.941664,-37.13275876401886,986.6
1012,16.093,2.799999999999997,-26.1,-28.9,8.941664,-37.13275876401886,986.6
1013,16.093,2.799999999999997,-26.1,-28.9,8.941664,-37.13275876401886,986.6
1014,16.093,2.799999999999997,-26.1,-28.9,8.941664,-37.13275876401886,986.6
1015,16.093,2.799999999999997,-26.1,-28.9,8.941664,-37.13275876401886,986.6
1016,16.093,2.799999999999997,-26.1,-28.9,8.941664,-37.13275876401886,986.6
1017,16.093,2.799999999999997,-26.1,-28.9,8.941664,-37.13275876401886,986.6
1018,16.093,2.799999999999997,-26.1,-28.9,8.941664,-37.13275876401886,986.6
1019,16.093,2.799999999999997,-26.1,-28.9,8.941664,-37.13275876401886,986.6
1020,16.093,2.799999999999997,-26.1,-28.9,8.941664,-37.13275876401886,986.6
1021,16.093,2.799999999999997,-26.1,-28.9,8.941664,-37.13275876401886,986.6
1022,16.093,2.799999999999997,-26.1,-28.9,8.941664,-37.13275876401886,986.6
1023,16.093,2.799999999999997,-26.1,-28.9,8.941664,-37.13275876401886,986.6
1024,16.093,2.799999999999997,-26.1,-28.9,8.941664,-37.13275876401886,986.6
1025,16.093,2.799999999999997,-26.1,-28.9,8.941664,-37.13275876401886,986.6
1026,16.093,2.799999999999997,-26.1,-28.9,8.941664,-37.13275876401886,986.6
1027,16.093,2.799999999999997,-26.1,-28.9,8.941664,-37.13275876401886,986.6
1028,16.093,2.799999999999997,-26.1,-28.9,8.941664,-37.13275876401886,986.6
1029,16.093,2.799999999999997,-26.1,-28.9,8.941664,-37.13275876401886,986.6
1030,16.093,2.799999999999997,-26.1,-28.9,8.941664,-37.13275876401886,986.6
1031,16.093,2.799999999999997,-26.1,-28.9,8.941664,-37.13275876401886,986.6
1032,16.093,2.799999999999997,-26.1,-28.9,8.941664,-37.13275876401886,986.6
1033,16.093,2.799999999999997,-26.1,-28.9,8.941664,-37.13275876401886,986.6
1034,16.093,2.799999999999997,-26.1,-28.9,8.941664,-37.13275876401886,986.6
1035,16.093,2.799999999999997,-26.1,-28.9,8.941664,-37.13275876401886,986.6
1036,16.093,2.799999999999997,-26.1,-28.9,8.941664,-37.13275876401886,986.6
1037,16.093,2.799999999999997,-26.1,-28.9,8.941664,-37.13275876401886,986.6
1038,16.093,2.799999999999997,-26.1,-28.9,8.941664,-37.13275876401886,986.6
1039,16.093,2.799999999999997,-26.1,-28.9,8.941664,-37.13275876401886,986.6
1040,16.093,2.799999999999997,-26.1,-28.9,8.941664,-37.13275876401886,986.6
1041,16.093,2.799999999999997,-26.1,-28.9,8.941664,-37.13275876401886,986.6
1042,16.093,2.799999999999997,-26.1,-28.9,8.941664,-37.13275876401886,986.6
1043,16.093,2.799999999999997,-26.1,-28.9,8.941664,-37.13275876401886,986.6
1044,16.093,2.799999999999997,-26.1,-28.9,8.941664,-37.13275876401886,986.6
1045,16.093,2.799999999999997,-26.1,-28.9,8.941664,-37.13275876401886,986.6
1046,16.093,2.799999999999997,-26.1,-28.9,8.941664,-37.13275876401886,986.6
1047,16.093,2.799999999999997,-26.1,-28.9,8.941664,-37.13275876401886,986.6
1048,16.093,2.799999999999997,-26.1,-28.9,8.941664,-37.13275876401886,986.6
1049,16.093,2.799999999999997,-26.1,-28.9,8.941664,-37.13275876401886,986.6
1050,16.093,2.799999999999997,-26.1,-28.9,8.941664,-37.13275876401886,986.6
1051,16.093,2.799999999999997,-26.1,-28.9,8.941664,-37.13275876401886,986.6
1052,16.093,2.799999999999997,-26.1,-28.9,8.941664,-37.13275876401886,986.6
1053,16.093,2.799999999999997,-26.1,-28.9,8.941664,-37.13275876401886,986.6
1054,16.093,2.799999999999997,-26.1,-28.9,8.941664,-37.13275876401886,986.6
1055,16.093,2.799999999999997,-26.1,-28.9,8.941664,-37.13275876401886,986.6
1056,16.093,2.799999999999997,-26.1,-28.9,8.941664,-37.13275876401886,986.6
1057,16.093,2.799999999999997,-26.1,-28.9,8.941664,-37.13275876401886,986.6
1058,16.093,2.799999999999997,-26.1,-28.9,8.941664,-37.13275876401886,986.6
1059,16.093,2.799999999999997,-26.1,-28.9,8.941664,-37.13275876401886,986.6
1060,16.093,2.799999999999997,-26.1,-28.9,8.941664,-37.13275876401886,986.6
1061,16.093,2.799999999999997,-26.1,-28.9,8.941664,-37.13275876401886,986.6
1062,16.093,2.799999999999997,-26.1,-28.9,8.941664,-37.13275876401886,986.6
1063,16.093,2.799999999999997,-26.1,-28.9,8.941664,-37.13275876401886,986.6
1064,16.093,2.799999999999997,-26.1,-28.9,8.941664,-37.13275876401886,986.6
1065,16.093,2.799999999999997,-26.1,-28.9,8.941664,-37.13275876401886,986.6
1066,16.093,2.799999999999997,-26.1,-28.9,8.941664,-37.13275876401886,986.6
1067,16.093,2.799999999999997,-26.1,-28.9,8.941664,-37.13275876401886,986.6
1068,16.093,2.799999999999997,-26.1,-28.9,8.941664,-37.13275876401886,986.6
1069,16.093,2.799999999999997,-26.1,-28.9,8.941664,-37.13275876401886,986.6
1070,16.093,2.799999999999997,-26.1,-28.9,8.941664,-37.13275876401886,986.6
1071,16.093,2.799999999999997,-26.1,-28.9,8.941664,-37.13275876401886,986.6
1072,16.093,2.799999999999997,-26.1,-28.9,8.941664,-37.13275876401886,986.6
1073,16.093,2.799999999999997,-26.1,-28.9,8.941664,-37.13275876401886,986.6
1074,16.093,2.799999999999997,-26.1,-28.9,8.941664,-37.13275876401886,986.6
1075,16.093,2.799999999999997,-26.1,-28.9,8.941664,-37.13275876401886,986.6
1076,16.093,2.799999999999997,-26.1,-28.9,8.941664,-37.13275876401886,986.6
1077,16.093,2.799999999999997,-26.1,-28.9,8.941664,-37.13275876401886,986.6
1078,16.093,2.799999999999997,-26.1,-28.9,8.941664,-37.13275876401886,986.6
1079,16.093,2.799999999999997,-26.1,-28.9,8.941664,-37.13275876401886,986.6
1080,16.093,2.799999999999997,-26.1,-28.9,8.941664,-37.13275876401886,986.6
1081,16.093,2.799999999999997,-26.1,-28.9,8.941664,-37.13275876401886,986.6
1082,16.093,2.799999999999997,-26.1,-28.9,8.941664,-37.13275876401886,986.6
1083,16.093,2.799999999999997,-26.1,-28.9,8.941664,-37.13275876401886,986.6
1084,16.093,2.799999999999997,-26.1,-28.9,8.941664,-37.13275876401886,986.6
1085,16.093,2.799999999999997,-26.1,-28.9,8.941664,-37.13275876401886,986.6
1086,16.093,2.799999999999997,-26.1,-28.9,8.941664,-37.13275876401886,986.6
1087,16.093,2.799999999999997,-26.1,-28.9,8.941664,-37.13275876401886,986.6
1088,16.093,2.799999999999997,-26.1,-28.9,8.941664,-37.13275876401886,986.6
1089,16.093,2.799999999999997,-26.1,-28.9,8.941664,-37.13275876401886,986.6
1090,16.093,2.799999999999997,-26.1,-28.9,8.941664,-37.13275876401886,986.6
1091,16.093,2.799999999999997,-26.1,-28.9,8.941664,-37.13275876401886,986.6
1092,16.093,2.799999999999997,-26.1,-28.9,8.941664,-37.13275876401886,986.6
1093,16.093,2.799999999999997,-26.1,-28.9,8.941664,-37.13275876401886,986.6
1094,16.093,2.799999999999997,-26.1,-28.9,8.941664,-37.13275876401886,986.6
1095,16.093,2.799999999999997,-26.1,-28.9,8.941664,-37.13275876401886,986.6
1096,16.093,2.799999999999997,-26.1,-28.9,8.941664,-37.13275876401886,986.6
1097,16.093,2.799999999999997,-26.1,-28.9,8.941664,-37.13275876401886,986.6
1098,16.093,2.799999999999997,-26.1,-28.9,8.941664,-37.13275876401886,986.6
1099,16.093,2.799999999999997,-26.1,-28.9,8.941664,-37.13275876401886,986.6
1100,16.093,2.799999999999997,-26.1,-28.9,8.941664,-37.13275876401886,986.6
1101,16.093,2.799999999999997,-26.1,-28.9,8.941664,-37.13275876401886,986.6
1102,16.093,2.799999999999997,-26.1,-28.9,8.941664,-37.13275876401886,986.6
1103,16.093,2.799999999999997,-26.1,-28.9,8.941664,-37.13275876401886,986.6
1104,16.093,2.799999999999997,-26.1,-28.9,8.941664,-37.13275876401886,986.6
1105,16.093,2.799999999999997,-26.1,-28.9,8.941664,-37.13275876401886,986.6
1106,16.093,2.799999999999997,-26.1,-28.9,8.941664,-37.13275876401886,986.6
1107,16.093,2.799999999999997,-26.1,-28.9,8.941664,-37.13275876401886,986.6
1108,16.093,2.799999999999997,-26.1,-28.9,8.941664,-37.13275876401886,986.6
1109,16.093,2.799999999999997,-26.1,-28.9,8.941664,-37.13275876401886,986.6
1110,16.093,2.799999999999997,-26.1,-28.9,8.941664,-37.13275876401886,986.6
1111,16.093,2.799999999999997,-26.1,-28.9,8.941664,-37.13275876401886,986.6
1112,16.093,2.799999999999997,-26.1,-28.9,8.941664,-37.13275876401886,986.6
1113,16.093,2.799999999999997,-26.1,-28.9,8.941664,-37.13275876401886,986.6
1114,16.093,2.799999999999997,-26.1,-28.9,8.941664,-37.13275876401886,986.6
1115,16.093,2.799999999999997,-26.1,-28.9,8.941664,-37.13275876401886,986.6
1116,16.093,2.799999999999997,-26.1,-28.9,8.941664,-37.13275876401886,986.6
1117,16.093,2.799999999999997,-26.1,-28.9,8.941664,-37.13275876401886,986.6
1118,16.093,2.799999999999997,-26.1,-28.9,8.941664,-37.13275876401886,986.6
1119,16.093,2.799999999999997,-26.1,-28.9,8.941664,-37.13275876401886,986.6
1120,16.093,2.799999999999997,-26.1,-28.9,8.941664,-37.13275876401886,986.6
1121,16.093,2.799999999999997,-26.1,-28.9,8.941664,-37.13275876401886,986.6
1122,16.093,2.799999999999997,-26.1,-28.9,8.941664,-37.13275876401886,986.6
1123,16.093,2.799999999999997,-26.1,-28.9,8.941664,-37.13275876401886,986.6
1124,16.093,2.799999999999997,-26.1,-28.9,8.941664,-37.13275876401886,986.6
1125,16.093,2.799999999999997,-26.1,-28.9,8.941664,-37.13275876401886,986.6
1126,16.093,2.799999999999997,-26.1,-28.9,8.941664,-37.13275876401886,986.6
1127,16.093,2.799999999999997,-26.1,-28.9,8.941664,-37.13275876401886,986.6
1128,16.093,2.799999999999997,-26.1,-28.9,8.941664,-37.13275876401886,986.6
1129,16.093,2.799999999999997,-26.1,-28.9,8.941664,-37.13275876401886,986.6
1130,16.093,2.799999999999997,-26.1,-28.9,8.941664,-37.13275876401886,986.6
1131,16.093,2.799999999999997,-26.1,-28.9,8.941664,-37.13275876401886,986.6
1132,16.093,2.799999999999997,-26.1,-28.9,8.941664,-37.13275876401886,986.6
1133,16.093,2.799999999999997,-26.1,-28.9,8.941664,-37.13275876401886,986.6
1134,16.093,2.799999999999997,-26.1,-28.9,8.941664,-37.13275876401886,986.6
1135,16.093,2.799999999999997,-26.1,-28.9,8.941664,-37.13275876401886,986.6
1136,16.093,2.799999999999997,-26.1,-28.9,8.941664,-37.13275876401886,986.6
1137,16.093,2.799999999999997,-26.1,-28.9,8.941664,-37.13275876401886,986.6
1138,16.093,2.799999999999997,-26.1,-28.9,8.941664,-37.13275876401886,986.6
1139,16.093,2.799999999999997,-26.1,-28.9,8.941664,-37.13275876401886,986.6
1140,16.093,2.799999999999997,-26.1,-28.9,8.941664,-37.13275876401886,986.6
1141,16.093,2.799999999999997,-26.1,-28.9,8.941664,-37.13275876401886,986.6
1142,16.093,2.799999999999997,-26.1,-28.9,8.941664,-37.13275876401886,986.6
1143,16.093,2.799999999999997,-26.1,-28.9,8.941664,-37.13275876401886,986.6
1144,16.093,2.799999999999997,-26.1,-28.9,8.941664,-37.13275876401886,986.6
1145,16.093,2.799999999999997,-26.1,-28.9,8.941664,-37.13275876401886,986.6
1146,16.093,2.799999999999997,-26.1,-28.9,8.941664,-37.13275876401886,986.6
1147,16.093,2.799999999999997,-26.1,-28.9,8.941664,-37.13275876401886,986.6
1148,16.093,2.799999999999997,-26.1,-28.9,8.941664,-37.13275876401886,986.6
1149,16.093,2.799999999999997,-26.1,-28.9,8.941664,-37.13275876401886,986.6
1150,16.093,2.799999999999997,-26.1,-28.9,8.941664,-37.13275876401886,986.6
1151,16.093,2.799999999999997,-26.1,-28.9,8.941664,-37.13275876401886,986.6
1152,16.093,2.799999999999997,-26.1,-28.9,8.941664,-37.13275876401886,986.6
1153,16.093,2.799999999999997,-26.1,-28.9,8.941664,-37.13275876401886,986.6
1154,16.093,2.799999999999997,-26.1,-28.9,8.941664,-37.13275876401886,986.6
1155,16.093,2.799999999999997,-26.1,-28.9,8.941664,-37.13275876401886,986.6
1156,16.093,2.799999999999997,-26.1,-28.9,8.941664,-37.13275876401886,986.6
1157,16.093,2.799999999999997,-26.1,-28.9,8.941664,-37.13275876401886,986.6
1158,16.093,2.799999999999997,-26.1,-28.9,8.941664,-37.13275876401886,986.6
1159,16.093,2.799999999999997,-26.1,-28.9,8.941664,-37.13275876401886,986.6
1160,16.093,2.799999999999997,-26.1,-28.9,8.941664,-37.13275876401886,986.6
1161,16.093,2.799999999999997,-26.1,-28.9,8.941664,-37.13275876401886,986.6
1162,16.093,2.799999999999997,-26.1,-28.9,8.941664,-37.13275876401886,986.6
1163,16.093,2.799999999999997,-26.1,-28.9,8.941664,-37.13275876401886,986.6
1164,16.093,2.799999999999997,-26.1,-28.9,8.941664,-37.13275876401886,986.6
1165,16.093,2.799999999999997,-26.1,-28.9,8.941664,-37.13275876401886,986.6
1166,16.093,2.799999999999997,-26.1,-28.9,8.941664,-37.13275876401886,986.6
1167,16.093,2.799999999999997,-26.1,-28.9,8.941664,-37.13275876401886,986.6
1168,16.093,2.799999999999997,-26.1,-28.9,8.941664,-37.13275876401886,986.6
1169,16.093,2.799999999999997,-26.1,-28.9,8.941664,-37.13275876401886,986.6
1170,16.093,2.799999999999997,-26.1,-28.9,8.941664,-37.13275876401886,986.6
1171,16.093,2.799999999999997,-26.1,-28.9,8.941664,-37.13275876401886,986.6
1172,16.093,2.799999999999997,-26.1,-28.9,8.941664,-37.13275876401886,986.6
1173,16.093,2.799999999999997,-26.1,-28.9,8.941664,-37.13275876401886,986.6
1174,16.093,2.799999999999997,-26.1,-28.9,8.941664,-37.13275876401886,986.6
1175,16.093,2.799999999999997,-26.1,-28.9,8.941664,-37.13275876401886,986.6
1176,16.093,2.799999999999997,-26.1,-28.9,8.941664,-37.13275876401886,986.6
1177,16.093,2.799999999999997,-26.1,-28.9,8.941664,-37.13275876401886,986.6
1178,16.093,2.799999999999997,-26.1,-28.9,8.941664,-37.13275876401886,986.6
1179,16.093,2.799999999999997,-26.1,-28.9,8.941664,-37.13275876401886,986.6
1180,16.093,2.799999999999997,-26.1,-28.9,8.941664,-37.13275876401886,986.6
1181,16.093,2.799999999999997,-26.1,-28.9,8.941664,-37.13275876401886,986.6
1182,16.093,2.799999999999997,-26.1,-28.9,8.941664,-37.13275876401886,986.6
1183,16.093,2.799999999999997,-26.1,-28.9,8.941664,-37.13275876401886,986.6
1184,16.093,2.799999999999997,-26.1,-28.9,8.941664,-37.13275876401886,986.6
1185,16.093,2.799999999999997,-26.1,-28.9,8.941664,-37.13275876401886,986.6
1186,16.093,2.799999999999997,-26.1,-28.9,8.941664,-37.13275876401886,986.6
1187,16.093,2.799999999999997,-26.1,-28.9,8.941664,-37.13275876401886,986.6
1188,16.093,2.799999999999997,-26.1,-28.9,8.941664,-37.13275876401886,986.6
1189,16.093,2.799999999999997,-26.1,-28.9,8.941664,-37.13275876401886,986.6
1190,16.093,2.799999999999997,-26.1,-28.9,8.941664,-37.13275876401886,986.6
1191,16.093,2.799999999999997,-26.1,-28.9,8.941664,-37.13275876401886,986.6
1192,16.093,2.799999999999997,-26.1,-28.9,8.941664,-37.13275876401886,986.6
1193,16.093,2.799999999999997,-26.1,-28.9,8.941664,-37.13275876401886,986.6
1194,16.093,2.799999999999997,-26.1,-28.9,8.941664,-37.13275876401886,986.6
1195,16.093,2.799999999999997,-26.1,-28.9,8.941664,-37.13275876401886,986.6
1196,16.093,2.799999999999997,-26.1,-28.9,8.941664,-37.13275876401886,986.6
1197,16.093,2.799999999999997,-26.1,-28.9,8.941664,-37.13275876401886,986.6
1198,16.093,2.799999999999997,-26.1,-28.9,8.941664,-37.13275876401886,986.6
1199,16.093,2.799999999999997,-26.1,-28.9,8.941664,-37.13275876401886,986.6
1200,16.093,2.799999999999997,-26.1,-28.9,8.941664,-37.13275876401886,986.6
1201,16.093,2.799999999999997,-26.1,-28.9,8.941664,-37.13275876401886,986.6
1202,16.093,2.799999999999997,-26.1,-28.9,8.941664,-37.13275876401886,986.6
1203,16.093,2.799999999999997,-26.1,-28.9,8.941664,-37.13275876401886,986.6
1204,16.093,2.799999999999997,-26.1,-28.9,8.941664,-37.13275876401886,986.6
1205,16.093,2.799999999999997,-26.1,-28.9,8.941664,-37.13275876401886,986.6
1206,16.093,2.799999999999997,-26.1,-28.9,8.941664,-37.13275876401886,986.6
1207,16.093,2.799999999999997,-26.1,-28.9,8.941664,-37.13275876401886,986.6
1208,16.093,2.799999999999997,-26.1,-28.9,8.941664,-37.13275876401886,986.6
1209,16.093,2.799999999999997,-26.1,-28.9,8.941664,-37.13275876401886,986.6
1210,16.093,2.799999999999997,-26.1,-28.9,8.941664,-37.13275876401886,986.6
1211,16.093,2.799999999999997,-26.1,-28.9,8.941664,-37.13275876401886,986.6
1212,16.093,2.799999999999997,-26.1,-28.9,8.941664,-37.13275876401886,986.6
1213,16.093,2.799999999999997,-26.1,-28.9,8.941664,-37.13275876401886,986.6
1214,16.093,2.799999999999997,-26.1,-28.9,8.941664,-37.13275876401886,986.6
1215,16.093,2.799999999999997,-26.1,-28.9,8.941664,-37.13275876401886,986.6
1216,16.093,2.799999999999997,-26.1,-28.9,8.941664,-37.13275876401886,986.6
1217,16.093,2.799999999999997,-26.1,-28.9,8.941664,-37.13275876401886,986.6
1218,16.093,2.799999999999997,-26.1,-28.9,8.941664,-37.13275876401886,986.6
1219,16.093,2.799999999999997,-26.1,-28.9,8.941664,-37.13275876401886,986.6
1220,16.093,2.799999999999997,-26.1,-28.9,8.941664,-37.13275876401886,986.6
1221,16.093,2.799999999999997,-26.1,-28.9,8.941664,-37.13275876401886,986.6
1222,16.093,2.799999999999997,-26.1,-28.9,8.941664,-37.13275876401886,986.6
1223,16.093,2.799999999999997,-26.1,-28.9,8.941664,-37.13275876401886,986.6
1224,16.093,2.799999999999997,-26.1,-28.9,8.941664,-37.13275876401886,986.6
1225,16.093,2.799999999999997,-26.1,-28.9,8.941664,-37.13275876401886,986.6
1226,16.093,2.799999999999997,-26.1,-28.9,8.941664,-37.13275876401886,986.6
1227,16.093,2.799999999999997,-26.1,-28.9,8.941664,-37.13275876401886,986.6
1228,16.093,2.799999999999997,-26.1,-28.9,8.941664,-37.13275876401886,986.6
1229,16.093,2.799999999999997,-26.1,-28.9,8.941664,-37.13275876401886,986.6
1230,16.093,2.799999999999997,-26.1,-28.9,8.941664,-37.13275876401886,986.6
1231,16.093,2.799999999999997,-26.1,-28.9,8.941664,-37.13275876401886,986.6
1232,16.093,2.799999999999997,-26.1,-28.9,8.941664,-37.13275876401886,986.6
1233,16.093,2.799999999999997,-26.1,-28.9,8.941664,-37.13275876401886,986.6
1234,16.093,2.799999999999997,-26.1,-28.9,8.941664,-37.13275876401886,986.6
1235,16.093,2.799999999999997,-26.1,-28.9,8.941664,-37.13275876401886,986.6
1236,16.093,2.799999999999997,-26.1,-28.9,8.941664,-37.13275876401886,986.6
1237,16.093,2.799999999999997,-26.1,-28.9,8.941664,-37.13275876401886,986.6
1238,16.093,2.799999999999997,-26.1,-28.9,8.941664,-37.13275876401886,986.6
1239,16.093,2.799999999999997,-26.1,-28.9,8.941664,-37.13275876401886,986.6
1240,16.093,2.799999999999997,-26.1,-28.9,8.941664,-37.13275876401886,986.6
1241,16.093,2.799999999999997,-26.1,-28.9,8.941664,-37.13275876401886,986.6
1242,16.093,2.799999999999997,-26.1,-28.9,8.941664,-37.13275876401886,986.6
1243,16.093,2.799999999999997,-26.1,-28.9,8.941664,-37.13275876401886,986.6
1244,16.093,2.799999999999997,-26.1,-28.9,8.941664,-37.13275876401886,986.6
1245,16.093,2.799999999999997,-26.1,-28.9,8.941664,-37.13275876401886,986.6
1246,16.093,2.799999999999997,-26.1,-28.9,8.941664,-37.13275876401886,986.6
1247,16.093,2.799999999999997,-26.1,-28.9,8.941664,-37.13275876401886,986.6
1248,16.093,2.799999999999997,-26.1,-28.9,8.941664,-37.13275876401886,986.6
1249,16.093,2.799999999999997,-26.1,-28.9,8.941664,-37.13275876401886,986.6
1250,16.093,2.799999999999997,-26.1,-28.9,8.941664,-37.13275876401886,986.6
1251,16.093,2.799999999999997,-26.1,-28.9,8.941664,-37.13275876401886,986.6
1252,16.093,2.799999999999997,-26.1,-28.9,8.941664,-37.13275876401886,986.6
1253,16.093,2.799999999999997,-26.1,-28.9,8.941664,-37.13275876401886,986.6
1254,16.093,2.799999999999997,-26.1,-28.9,8.941664,-37.13275876401886,986.6
1255,16.093,2.799999999999997,-26.1,-28.9,8.941664,-37.13275876401886,986.6
1256,16.093,2.799999999999997,-26.1,-28.9,8.941664,-37.13275876401886,986.6
1257,16.093,2.799999999999997,-26.1,-28.9,8.941664,-37.13275876401886,986.6
1258,16.093,2.799999999999997,-26.1,-28.9,8.941664,-37.13275876401886,986.6
1259,16.093,2.799999999999997,-26.1,-28.9,8.941664,-37.13275876401886,986.6
1260,16.093,2.799999999999997,-26.1,-28.9,8.941664,-37.13275876401886,986.6
1261,16.093,2.799999999999997,-26.1,-28.9,8.941664,-37.13275876401886,986.6
1262,16.093,2.799999999999997,-26.1,-28.9,8.941664,-37.13275876401886,986.6
1263,16.093,2.799999999999997,-26.1,-28.9,8.941664,-37.13275876401886,986.6
1264,16.093,2.799999999999997,-26.1,-28.9,8.941664,-37.13275876401886,986.6
1265,16.093,2.799999999999997,-26.1,-28.9,8.941664,-37.13275876401886,986.6
1266,16.093,2.799999999999997,-26.1,-28.9,8.941664,-37.13275876401886,986.6
1267,16.093,2.799999999999997,-26.1,-28.9,8.941664,-37.13275876401886,986.6
1268,16.093,2.799999999999997,-26.1,-28.9,8.941664,-37.13275876401886,986.6
1269,16.093,2.799999999999997,-26.1,-28.9,8.941664,-37.13275876401886,986.6
1270,16.093,2.799999999999997,-26.1,-28.9,8.941664,-37.13275876401886,986.6
1271,16.093,2.799999999999997,-26.1,-28.9,8.941664,-37.13275876401886,986.6
1272,16.093,2.799999999999997,-26.1,-28.9,8.941664,-37.13275876401886,986.6
1273,16.093,2.799999999999997,-26.1,-28.9,8.941664,-37.13275876401886,986.6
1274,16.093,2.799999999999997,-26.1,-28.9,8.941664,-37.13275876401886,986.6
1275,16.093,2.799999999999997,-26.1,-28.9,8.941664,-37.13275876401886,986.6
1276,16.093,2.799999999999997,-26.1,-28.9,8.941664,-37.13275876401886,986.6
1277,16.093,2.799999999999997,-26.1,-28.9,8.941664,-37.13275876401886,986.6
1278,16.093,2.799999999999997,-26.1,-28.9,8.941664,-37.13275876401886,986.6
1279,16.093,2.799999999999997,-26.1,-28.9,8.941664,-37.13275876401886,986.6
1280,16.093,2.799999999999997,-26.1,-28.9,8.941664,-37.13275876401886,986.6
1281,16.093,2.799999999999997,-26.1,-28.9,8.941664,-37.13275876401886,986.6
1282,16.093,2.799999999999997,-26.1,-28.9,8.941664,-37.13275876401886,986.6
1283,16.093,2.799999999999997,-26.1,-28.9,8.941664,-37.13275876401886,986.6
1284,16.093,2.799999999999997,-26.1,-28.9,8.941664,-37.13275876401886,986.6
1285,16.093,2.799999999999997,-26.1,-28.9,8.941664,-37.13275876401886,986.6
1286,16.093,2.799999999999997,-26.1,-28.9,8.941664,-37.13275876401886,986.6
1287,16.093,2.799999999999997,-26.1,-28.9,8.941664,-37.13275876401886,986.6
1288,16.093,2.799999999999997,-26.1,-28.9,8.941664,-37.13275876401886,986.6
1289,16.093,2.799999999999997,-26.1,-28.9,8.941664,-37.13275876401886,986.6
1290,16.093,2.799999999999997,-26.1,-28.9,8.941664,-37.13275876401886,986.6
1291,16.093,2.799999999999997,-26.1,-28.9,8.941664,-37.13275876401886,986.6
1292,16.093,2.799999999999997,-26.1,-28.9,8.941664,-37.13275876401886,986.6
1293,16.093,2.799999999999997,-26.1,-28.9,8.941664,-37.13275876401886,986.6
1294,16.093,2.799999999999997,-26.1,-28.9,8.941664,-37.13275876401886,986.6
1295,16.093,2.799999999999997,-26.1,-28.9,8.941664,-37.13275876401886,986.6
1296,16.093,2.799999999999997,-26.1,-28.9,8.941664,-37.13275876401886,986.6
1297,16.093,2.799999999999997,-26.1,-28.9,8.941664,-37.13275876401886,986.6
1298,16.093,2.799999999999997,-26.1,-28.9,8.941664,-37.13275876401886,986.6
1299,16.093,2.799999999999997,-26.1,-28.9,8.941664,-37.13275876401886,986.6
1300,16.093,2.799999999999997,-26.1,-28.9,8.941664,-37.13275876401886,986.6
1301,16.093,2.799999999999997,-26.1,-28.9,8.941664,-37.13275876401886,986.6
1302,16.093,2.799999999999997,-26.1,-28.9,8.941664,-37.13275876401886,986.6
1303,16.093,2.799999999999997,-26.1,-28.9,8.941664,-37.13275876401886,986.6
1304,16.093,2.799999999999997,-26.1,-28.9,8.941664,-37.13275876401886,986.6
1305,16.093,2.799999999999997,-26.1,-28.9,8.941664,-37.13275876401886,986.6
1306,16.093,2.799999999999997,-26.1,-28.9,8.941664,-37.13275876401886,986.6
1307,16.093,2.799999999999997,-26.1,-28.9,8.941664,-37.13275876401886,986.6
1308,16.093,2.799999999999997,-26.1,-28.9,8.941664,-37.13275876401886,986.6
