idx,VIS_km,TD_SPREAD,TEMP_C,DEWP_C,WND_KT,WIND_CHILL,SLP_hPa
0,14.484,2.200000000000001,-11.1,-13.3,6.9978240000000005,-17.540495217211724,1030.4
1,14.484,2.200000000000001,-11.1,-13.3,6.9978240000000005,-17.540495217211724,1030.4
2,14.484,2.200000000000001,-11.1,-13.3,6.9978240000000005,-17.540495217211724,1030.4
3,14.484,2.200000000000001,-11.1,-13.3,6.9978240000000005,-17.540495217211724,1030.4
4,14.484,2.200000000000001,-11.1,-13.3,6.9978240000000005,-17.540495217211724,1030.4
5,14.484,2.200000000000001,-11.1,-13.3,6.9978240000000005,-17.540495217211724,1030.4
6,14.484,2.200000000000001,-11.1,-13.3,6.9978240000000005,-17.540495217211724,1030.4
7,14.484,2.200000000000001,-11.1,-13.3,6.9978240000000005,-17.540495217211724,1030.4
8,14.484,2.200000000000001,-11.1,-13.3,6.9978240000000005,-17.540495217211724,1030.4
9,14.484,2.200000000000001,-11.1,-13.3,6.9978240000000005,-17.540495217211724,1030.4
10,14.484,2.200000000000001,-11.1,-13.3,6.9978240000000005,-17.540495217211724,1030.4
11,14.484,2.200000000000001,-11.1,-13.3,6.9978240000000005,-17.540495217211724,1030.4
12,14.484,2.2733333333333343,-11.1,-13.373333333333337,7.062618666666667,-17.57556182372618,1030.4
13,14.484,2.365000000000001,-11.1,-13.465,7.143612,-17.61901704087546,1030.4
14,14.484,2.456666666666668,-11.1,-13.556666666666668,7.224605333333334,-17.662060350858177,1030.4
15,14.484,2.5483333333333342,-11.1,-13.648333333333332,7.305598666666667,-17.70470021088662,1030.4
16,14.484,2.640000000000001,-11.1,-13.74,7.386592,-17.746944813114723,1030.4
17,14.484,2.731666666666668,-11.1,-13.831666666666669,7.467585333333333,-17.788802095747926,1030.4
18,14.484,2.823333333333334,-11.1,-13.923333333333334,7.548578666666667,-17.830279753572384,1030.4
19,14.484,2.915000000000001,-11.1,-14.015,7.629572,-17.871385247939802,1030.4
20,14.484,3.006666666666668,-11.1,-14.106666666666667,7.710565333333333,-17.912125816241506,1030.4
21,14.484,3.098333333333334,-11.1,-14.198333333333334,7.791558666666666,-17.952508480902928,1030.4
22,14.484,3.190000000000001,-11.1,-14.29,7.872552,-17.99254005792752,1030.4
23,14.484,3.281666666666667,-11.1,-14.381666666666668,7.953545333333333,-18.032227165016984,1030.4
24,14.591266666666666,3.3066666666666675,-11.173333333333334,-14.48,8.371470933333333,-18.322434733469752,1030.4066666666668
25,14.72535,3.315000000000001,-11.265,-14.58,8.8736296,-18.665695025041178,1030.415
26,14.859433333333332,3.323333333333334,-11.356666666666666,-14.68,9.375788266666667,-18.99930392022801,1030.4233333333334
27,14.993516666666666,3.3316666666666674,-11.448333333333332,-14.78,9.877946933333334,-19.32422298411444,1030.4316666666668
28,15.1276,3.3400000000000007,-11.54,-14.88,10.3801056,-19.641276440176323,1030.44
29,15.261683333333334,3.348333333333334,-11.631666666666666,-14.98,10.882264266666668,-19.95117631711824,1030.4483333333333
30,15.395766666666669,3.356666666666668,-11.723333333333333,-15.08,11.384422933333331,-20.254542064514393,1030.4566666666667
31,15.52985,3.3650000000000007,-11.815,-15.18,11.8865816,-20.55191604058134,1030.465
32,15.663933333333333,3.373333333333334,-11.906666666666666,-15.28,12.388740266666666,-20.843775875872108,1030.4733333333334
33,15.798016666666667,3.381666666666668,-11.998333333333331,-15.38,12.890898933333334,-21.130544442301307,1030.4816666666666
34,15.9321,3.390000000000001,-12.09,-15.48,13.3930576,-21.412597965181128,1030.49
35,16.066183333333335,3.398333333333334,-12.181666666666668,-15.58,13.895216266666669,-21.690272679837072,1030.4983333333334
36,16.093,3.393333333333333,-12.386666666666668,-15.78,14.060442666666669,-22.006177572025887,1030.5266666666666
37,16.093,3.385,-12.62,-16.005,14.141436,-22.33241137558354,1030.56
38,16.093,3.376666666666667,-12.853333333333332,-16.23,14.222429333333334,-22.658809368309665,1030.5933333333332
39,16.093,3.3683333333333336,-13.086666666666666,-16.455,14.303422666666668,-22.98537077370955,1030.6266666666668
40,16.093,3.3600000000000003,-13.32,-16.68,14.384416,-23.31209482328634,1030.66
41,16.093,3.351666666666667,-13.553333333333333,-16.905,14.465409333333334,-23.63898075641461,1030.6933333333334
42,16.093,3.3433333333333337,-13.786666666666669,-17.13,14.546402666666667,-23.966027820216652,1030.7266666666667
43,16.093,3.3350000000000004,-14.02,-17.355,14.627396,-24.29323526944131,1030.76
44,16.093,3.326666666666667,-14.253333333333334,-17.580000000000002,14.708389333333333,-24.620602366345473,1030.7933333333333
45,16.093,3.318333333333334,-14.486666666666666,-17.805,14.789382666666668,-24.948128380577906,1030.8266666666668
46,16.093,3.3100000000000005,-14.72,-18.03,14.870376,-25.27581258906562,1030.86
47,16.093,3.301666666666667,-14.953333333333331,-18.255000000000003,14.951369333333334,-25.6036542759025,1030.8933333333334
48,16.093,2.9285714285714293,-15.285714285714286,-18.214285714285715,14.689876571428572,-25.950838146242916,1019.4428571428572
49,16.093,2.4642857142857144,-15.642857142857142,-18.107142857142858,14.342762285714286,-26.29919236548129,1005.1214285714286
50,16.093,2.0,-16.0,-18.0,13.995648,-26.643354627283408,990.8
51,16.093,2.0760869565217392,-16.07608695652174,-18.15217391304348,13.551945391304349,-26.5878548258205,995.2021739130436
52,16.093,2.152173913043478,-16.152173913043477,-18.30434782608696,13.108242782608697,-26.527542207023806,999.604347826087
53,16.093,2.2282608695652173,-16.22826086956522,-18.45652173913044,12.664540173913045,-26.462123294611164,1004.0065217391304
54,16.093,2.304347826086956,-16.304347826086957,-18.60869565217392,12.220837565217392,-26.39127528193208,1008.4086956521738
55,16.093,2.380434782608696,-16.380434782608695,-18.76086956521739,11.77713495652174,-26.31464189867632,1012.8108695652172
56,16.093,2.456521739130434,-16.456521739130434,-18.913043478260867,11.333432347826088,-26.23182851355559,1017.2130434782608
57,16.093,2.5326086956521734,-16.532608695652172,-19.065217391304348,10.889729739130434,-26.142396295549332,1021.6152173913044
58,16.093,2.608695652173912,-16.608695652173914,-19.217391304347824,10.446027130434782,-26.045855206016192,1026.0173913043477
59,16.093,2.6847826086956514,-16.684782608695652,-19.369565217391305,10.00232452173913,-25.941655526628008,1030.4195652173912
60,16.093,2.74,-16.773333333333333,-19.51333333333333,9.654405333333331,-25.890317465653673,1031.32
61,16.093,2.79,-16.865,-19.655,9.330432,-25.8489398462196,1031.345
62,16.093,2.84,-16.956666666666667,-19.796666666666667,9.006458666666667,-25.80230648207357,1031.37
63,16.093,2.89,-17.048333333333332,-19.938333333333333,8.682485333333334,-25.7500777554419,1031.395
64,16.093,2.94,-17.14,-20.08,8.358512000000001,-25.691877904496618,1031.4199999999998
65,16.093,2.99,-17.231666666666666,-20.221666666666668,8.034538666666666,-25.627289582759225,1031.445
66,16.093,3.04,-17.323333333333334,-20.363333333333333,7.710565333333333,-25.555847341182705,1031.47
67,16.093,3.0900000000000003,-17.415,-20.505,7.386592,-25.477029764129448,1031.495
68,16.093,3.140000000000001,-17.506666666666668,-20.64666666666667,7.062618666666667,-25.39024990833901,1031.52
69,16.093,3.1900000000000004,-17.598333333333333,-20.78833333333333,6.738645333333334,-25.294843581728244,1031.5449999999998
70,16.093,3.2400000000000007,-17.69,-20.93,6.414672,-25.190054843408404,1031.57
71,16.093,3.290000000000001,-17.781666666666666,-21.07166666666667,6.090698666666667,-25.07501788790656,1031.5949999999998
72,16.093,3.3000000000000007,-17.8,-21.1,6.362836266666667,-25.287702713540547,1031.5933333333332
73,16.093,3.3000000000000007,-17.8,-21.1,6.784001600000001,-25.569564766925197,1031.585
74,16.093,3.3000000000000007,-17.8,-21.1,7.205166933333334,-25.837091933780282,1031.5766666666666
75,16.093,3.3000000000000007,-17.8,-21.1,7.626332266666667,-26.091790467686053,1031.5683333333332
76,16.093,3.3000000000000007,-17.8,-21.1,8.0474976,-26.334935465777747,1031.56
77,16.093,3.3000000000000007,-17.8,-21.1,8.468662933333334,-26.567616386525927,1031.5516666666667
78,16.093,3.3000000000000007,-17.8,-21.1,8.889828266666667,-26.790771818925105,1031.5433333333333
79,16.093,3.3000000000000007,-17.8,-21.1,9.3109936,-27.005216423822183,1031.535
80,16.093,3.3000000000000007,-17.8,-21.1,9.732158933333334,-27.211662079721233,1031.5266666666666
81,16.093,3.3000000000000007,-17.8,-21.1,10.153324266666669,-27.4107346735995,1031.5183333333334
82,16.093,3.3000000000000007,-17.8,-21.1,10.5744896,-27.60298757495436,1031.51
83,16.093,3.3000000000000007,-17.8,-21.1,10.995654933333334,-27.788912552738843,1031.5016666666666
84,16.093,3.2666666666666675,-17.833333333333336,-21.1,11.144682666666666,-27.895438695028844,1031.506666666667
85,16.093,3.2250000000000005,-17.875,-21.1,11.225676,-27.982880002468484,1031.515
86,16.093,3.183333333333334,-17.916666666666668,-21.1,11.306669333333334,-28.070173443270413,1031.5233333333333
87,16.093,3.1416666666666675,-17.958333333333336,-21.1,11.387662666666667,-28.15732121655799,1031.5316666666668
88,16.093,3.1000000000000005,-18.0,-21.1,11.468656,-28.244325475640792,1031.54
89,16.093,3.058333333333334,-18.041666666666668,-21.1,11.549649333333337,-28.331188329273147,1031.5483333333332
90,16.093,3.0166666666666675,-18.083333333333336,-21.1,11.630642666666668,-28.417911842869593,1031.5566666666666
91,16.093,2.9750000000000005,-18.125,-21.1,11.711636,-28.50449803967927,1031.565
92,16.093,2.933333333333334,-18.166666666666668,-21.1,11.792629333333334,-28.590948901920626,1031.5733333333333
93,16.093,2.8916666666666675,-18.208333333333336,-21.1,11.873622666666668,-28.677266371878176,1031.5816666666665
94,16.093,2.8500000000000005,-18.25,-21.1,11.954616,-28.76345235296286,1031.59
95,16.093,2.808333333333334,-18.291666666666668,-21.1,12.035609333333335,-28.849508710737375,1031.5983333333334
96,16.093,2.8400000000000007,-18.3,-21.14,11.909259733333334,-28.808479917172757,1031.6133333333332
97,16.093,2.890000000000001,-18.3,-21.19,11.7310744,-28.734870122483894,1031.63
98,16.093,2.9400000000000004,-18.3,-21.24,11.552889066666667,-28.660315078349704,1031.6466666666663
99,16.093,2.99,-18.3,-21.29,11.374703733333334,-28.58478778274221,1031.6633333333332
100,16.093,3.04,-18.3,-21.34,11.1965184,-28.50826002428171,1031.6799999999998
101,16.093,3.09,-18.3,-21.39,11.018333066666669,-28.43070230782608,1031.6966666666665
102,16.093,3.14,-18.3,-21.44,10.840147733333334,-28.352083774194988,1031.7133333333334
103,16.093,3.1899999999999995,-18.3,-21.49,10.6619624,-28.272372113462374,1031.73
104,16.093,3.24,-18.3,-21.54,10.483777066666669,-28.19153347118459,1031.746666666667
105,16.093,3.289999999999999,-18.3,-21.59,10.305591733333332,-28.109532346858103,1031.763333333333
106,16.093,3.339999999999999,-18.3,-21.64,10.1274064,-28.026331483816,1031.78
107,16.093,3.389999999999999,-18.3,-21.69,9.949221066666668,-27.941891749677147,1031.7966666666666
108,16.093,3.433333333333332,-18.3,-21.73333333333333,9.848789333333334,-27.893737117897743,1031.76
109,16.093,3.4749999999999988,-18.3,-21.775,9.767796,-27.854601351432112,1031.71
110,16.093,3.5166666666666653,-18.3,-21.816666666666663,9.686802666666669,-27.81519204155431,1031.66
111,16.093,3.558333333333332,-18.3,-21.85833333333333,9.605809333333331,-27.77550496499255,1031.61
112,16.093,3.5999999999999988,-18.3,-21.9,9.524816,-27.73553579698233,1031.56
113,16.093,3.641666666666665,-18.3,-21.941666666666663,9.443822666666666,-27.69528010794043,1031.51
114,16.093,3.683333333333332,-18.3,-21.98333333333333,9.362829333333334,-27.65473336000028,1031.46
115,16.093,3.724999999999999,-18.3,-22.025,9.281836,-27.61389090340178,1031.41
116,16.093,3.766666666666665,-18.3,-22.066666666666663,9.200842666666668,-27.572747972728067,1031.36
117,16.093,3.808333333333332,-18.3,-22.10833333333333,9.119849333333333,-27.531299682981313,1031.31
118,16.093,3.849999999999999,-18.3,-22.15,9.038856,-27.489541025489288,1031.26
119,16.093,3.891666666666665,-18.3,-22.191666666666663,8.957862666666665,-27.44746686363359,1031.21
120,16.093,3.899999999999999,-18.3,-22.2,8.876869333333334,-27.40507192839037,1031.1266666666668
121,16.093,3.899999999999999,-18.3,-22.2,8.795876,-27.362350813673213,1031.035
122,16.093,3.899999999999999,-18.3,-22.2,8.714882666666666,-27.319297971467755,1030.9433333333334
123,16.093,3.899999999999999,-18.3,-22.2,8.633889333333332,-27.275907706746544,1030.8516666666667
124,16.093,3.899999999999999,-18.3,-22.2,8.552895999999999,-27.2321741721521,1030.76
125,16.093,3.899999999999999,-18.3,-22.2,8.471902666666667,-27.188091362435244,1030.6683333333333
126,16.093,3.899999999999999,-18.3,-22.2,8.390909333333333,-27.143653108635156,1030.5766666666666
127,16.093,3.899999999999999,-18.3,-22.2,8.309916,-27.09885307198627,1030.485
128,16.093,3.899999999999999,-18.3,-22.2,8.228922666666666,-27.05368473753662,1030.3933333333332
129,16.093,3.899999999999999,-18.3,-22.2,8.147929333333332,-27.00814140746091,1030.3016666666665
130,16.093,3.899999999999999,-18.3,-22.2,8.066936,-26.96221619405046,1030.21
131,16.093,3.899999999999999,-18.3,-22.2,7.985942666666666,-26.91590201236103,1030.118333333333
132,16.093,3.866666666666666,-18.3,-22.166666666666664,7.904949333333333,-26.869191572498256,1030.0733333333333
133,16.093,3.8249999999999984,-18.3,-22.125,7.823956,-26.822077371518763,1030.04
134,16.093,3.783333333333332,-18.3,-22.08333333333333,7.742962666666666,-26.774551684923715,1030.006666666667
135,16.093,3.741666666666666,-18.3,-22.041666666666664,7.661969333333333,-26.726606557719872,1029.9733333333334
136,16.093,3.6999999999999984,-18.3,-22.0,7.580976,-26.67823379502105,1029.94
137,16.093,3.658333333333332,-18.3,-21.95833333333333,7.499982666666667,-26.629424952161557,1029.9066666666668
138,16.093,3.616666666666666,-18.3,-21.916666666666664,7.418989333333333,-26.580171324290387,1029.8733333333332
139,16.093,3.5749999999999984,-18.3,-21.875,7.337996,-26.530463935413025,1029.84
140,16.093,3.533333333333332,-18.3,-21.83333333333333,7.257002666666667,-26.480293526845117,1029.8066666666666
141,16.093,3.4916666666666654,-18.3,-21.791666666666664,7.176009333333334,-26.429650545039422,1029.7733333333333
142,16.093,3.4499999999999984,-18.3,-21.75,7.095016,-26.378525128744602,1029.74
143,16.093,3.408333333333332,-18.3,-21.70833333333333,7.014022666666667,-26.326907095450974,1029.7066666666667
144,16.093,3.433333333333332,-18.3,-21.73333333333333,6.933029333333334,-26.274785927075083,1029.7133333333334
145,16.093,3.4749999999999988,-18.3,-21.775,6.852036000000001,-26.222150754830707,1029.73
146,16.093,3.5166666666666653,-18.3,-21.816666666666663,6.771042666666667,-26.168990343229996,1029.746666666667
147,16.093,3.558333333333332,-18.3,-21.85833333333333,6.6900493333333335,-26.1152930731536,1029.763333333333
148,16.093,3.5999999999999988,-18.3,-21.9,6.609056000000001,-26.0610469239236,1029.78
149,16.093,3.641666666666665,-18.3,-21.941666666666663,6.528062666666667,-26.00623945430756,1029.7966666666666
150,16.093,3.683333333333332,-18.3,-21.98333333333333,6.447069333333334,-25.950857782375806,1029.8133333333335
151,16.093,3.724999999999999,-18.3,-22.025,6.3660760000000005,-25.89488856412732,1029.8300000000002
152,16.093,3.766666666666665,-18.3,-22.066666666666663,6.285082666666668,-25.838317970792296,1029.8466666666668
153,16.093,3.808333333333332,-18.3,-22.10833333333333,6.204089333333334,-25.78113166471119,1029.8633333333337
154,16.093,3.849999999999999,-18.3,-22.15,6.123096,-25.723314773681132,1029.88
155,16.093,3.891666666666665,-18.3,-22.191666666666663,6.042102666666668,-25.664851863650625,1029.8966666666668
156,15.288333333333334,3.866666666666666,-18.3,-22.166666666666664,6.090698666666667,-25.700008015787176,1029.92
157,14.2825,3.8249999999999984,-18.3,-22.125,6.171692,-25.758081429910384,1029.9450000000002
158,13.276666666666667,3.783333333333332,-18.3,-22.08333333333333,6.252685333333334,-25.815518154473363,1029.97
159,12.270833333333334,3.741666666666666,-18.3,-22.041666666666664,6.333678666666668,-25.872333283045073,1029.995
160,11.265,3.6999999999999984,-18.3,-22.0,6.414672,-25.928541363934222,1030.02
161,10.259166666666664,3.658333333333332,-18.3,-21.95833333333333,6.495665333333334,-25.98415642648874,1030.045
162,9.253333333333334,3.616666666666666,-18.3,-21.916666666666664,6.576658666666667,-26.039192005816076,1030.0700000000002
163,8.247499999999999,3.5749999999999984,-18.3,-21.875,6.657652000000001,-26.093661166037585,1030.095
164,7.241666666666667,3.533333333333332,-18.3,-21.83333333333333,6.738645333333334,-26.14757652218048,1030.12
165,6.235833333333334,3.4916666666666654,-18.3,-21.791666666666664,6.819638666666667,-26.20095026080257,1030.145
166,5.23,3.4499999999999984,-18.3,-21.75,6.900632000000001,-26.253794159437206,1030.17
167,4.224166666666667,3.408333333333332,-18.3,-21.70833333333333,6.981625333333334,-26.30611960493895,1030.195
168,3.0574,3.88,-18.06,-21.94,6.9978240000000005,-26.023989180633933,998.2
169,2.7585714285714285,3.857142857142857,-18.0,-21.857142857142858,6.720132571428572,-25.770790683955482,990.2
170,2.686785714285714,3.678571428571429,-18.0,-21.678571428571427,6.373018285714286,-25.53670332710073,990.2
171,2.615,3.5,-18.0,-21.5,6.025904000000001,-25.29164943108018,990.2
172,2.543214285714286,3.321428571428571,-18.0,-21.321428571428573,5.678789714285714,-25.03443674110028,990.2
173,2.4714285714285715,3.142857142857143,-18.0,-21.142857142857142,5.331675428571429,-24.76366029413593,990.2
174,2.3716315789473685,3.0,-18.0,-21.0,5.105137684210527,-24.578844037253212,990.2
175,2.1597894736842105,3.0,-18.0,-21.0,5.360906105263158,-24.787024674509507,990.2
176,1.9479473684210529,3.0,-18.0,-21.0,5.61667452631579,-24.987022841329853,990.2
177,1.7361052631578948,3.0,-18.0,-21.0,5.872442947368421,-25.17951165517828,990.2
178,1.81025,2.95,-18.075,-21.025,5.782924,-25.20302679874519,1000.275
179,2.313375,2.8250000000000006,-18.2625,-21.0875,5.175474,-24.94952174292567,1025.4625
180,2.2128333333333337,2.833333333333334,-18.25,-21.083333333333336,5.053984,-24.833306075586304,1023.8333333333334
181,1.961375,2.8750000000000004,-18.1875,-21.0625,5.053984,-24.75901958102144,1015.5
182,1.7099166666666668,2.916666666666667,-18.125,-21.041666666666668,5.053984,-24.684733086456582,1007.1666666666666
183,1.4584583333333334,2.958333333333333,-18.0625,-21.02083333333333,5.053984,-24.610446591891723,998.8333333333334
184,1.207,3.0,-18.0,-21.0,5.053984,-24.53616009732686,990.5
185,1.207,3.0,-18.0,-21.0,5.053984,-24.53616009732686,990.5
186,1.207,3.0,-18.0,-21.0,5.053984,-24.53616009732686,990.5
187,1.207,3.0,-18.0,-21.0,5.053984,-24.53616009732686,990.5
188,1.5085,3.0,-18.0,-21.0,5.782924,-25.11295619519763,990.5
189,1.609,2.9466666666666668,-17.946666666666665,-20.89333333333333,5.7667253333333335,-25.036784132866234,1001.22
190,1.609,2.8800000000000003,-17.88,-20.76,5.4427520000000005,-24.70843855308481,1014.62
191,1.609,2.813333333333334,-17.813333333333333,-20.62666666666667,5.118778666666667,-24.36808075018449,1028.02
192,1.70975,2.8500000000000005,-17.85,-20.700000000000003,4.811004,-24.150694667079584,1020.65
193,1.8356875,2.9125000000000005,-17.9125,-20.825,4.507279,-23.952629308282226,1008.0875
194,1.961625,2.975,-17.975,-20.95,4.203554,-23.73795053126306,995.525
195,2.012,3.027272727272728,-17.945454545454545,-20.97272727272728,4.082064,-23.58314674978162,993.2681818181818
196,2.012,3.072727272727273,-17.854545454545455,-20.92727272727273,4.082064,-23.476825571580832,997.8818181818182
197,2.012,3.1181818181818186,-17.763636363636362,-20.881818181818183,4.082064,-23.37050439338004,1002.4954545454544
198,2.012,3.1636363636363645,-17.672727272727272,-20.83636363636364,4.082064,-23.264183215179248,1007.1090909090908
199,2.012,3.2090909090909103,-17.581818181818182,-20.790909090909093,4.082064,-23.157862036978457,1011.7227272727272
200,2.012,3.254545454545456,-17.490909090909092,-20.745454545454542,4.082064,-23.05154085877767,1016.3363636363636
201,2.012,3.3000000000000016,-17.4,-20.700000000000003,4.082064,-22.945219680576876,1020.95
202,2.012,3.3454545454545475,-17.30909090909091,-20.654545454545456,4.082064,-22.838898502376082,1025.5636363636363
203,2.012,3.390909090909093,-17.21818181818182,-20.60909090909091,4.082064,-22.732577324175296,1030.1772727272726
204,1.8508,3.6400000000000015,-17.12,-20.76,4.470832,-22.985730774498393,1014.86
205,1.6493,3.94,-17.02,-20.96,4.956792,-23.2909625658342,994.56
206,1.7702,4.0,-17.0,-21.0,5.053984,-23.347576184289082,990.62
207,1.9717,4.0,-17.0,-21.0,5.053984,-23.347576184289082,990.77
208,1.924972972972973,4.0,-17.0,-21.0,5.2641288648648645,-23.516962882434385,990.8
209,1.8161891891891893,4.0,-17.0,-21.0,5.526809945945946,-23.720884697886497,990.8
210,1.7074054054054053,4.0,-17.0,-21.0,5.789491027027027,-23.916821337472495,990.8
211,1.5986216216216218,4.0,-17.0,-21.0,6.052172108108108,-24.105427346057656,990.8
212,1.489837837837838,4.0,-17.0,-21.0,6.31485318918919,-24.28727797413144,990.8
213,1.381054054054054,4.0,-17.0,-21.0,6.57753427027027,-24.46288163692138,990.8
214,1.2722702702702704,4.0,-17.0,-21.0,6.840215351351352,-24.632690002710376,990.8
215,1.207,3.933333333333335,-16.8,-20.73333333333333,6.349877333333334,-24.06910684609205,1017.6
216,1.3856666666666668,3.9444444444444455,-16.833333333333332,-20.77777777777778,6.025904000000001,-23.88608470785867,1013.0
217,1.609,4.0,-17.0,-21.0,6.025904000000001,-24.086879668318886,990.5
218,2.0115,4.0,-17.0,-21.0,6.511864000000001,-24.419540786961722,990.5
219,2.414,4.0,-17.0,-21.0,6.9978240000000005,-24.731962801147215,990.5
220,2.364975609756098,3.9146341463414633,-16.963414634146343,-20.87804878048781,7.116350829268293,-24.760736756318508,995.3414634146342
221,2.315951219512195,3.829268292682927,-16.926829268292682,-20.75609756097561,7.234877658536585,-24.788374521486837,1000.1829268292684
222,2.266926829268293,3.7439024390243913,-16.890243902439025,-20.634146341463413,7.3534044878048785,-24.814909019854873,1005.0243902439024
223,2.21790243902439,3.658536585365854,-16.853658536585364,-20.51219512195122,7.471931317073171,-24.840371692216696,1009.8658536585366
224,2.168878048780488,3.5731707317073176,-16.817073170731707,-20.390243902439025,7.590458146341463,-24.86479258624282,1014.7073170731708
225,2.1198536585365853,3.487804878048781,-16.78048780487805,-20.26829268292683,7.708984975609756,-24.88820043907915,1019.548780487805
226,2.070829268292683,3.4024390243902447,-16.74390243902439,-20.146341463414632,7.827511804878048,-24.91062275385527,1024.3902439024391
227,2.0218048780487807,3.317073170731708,-16.70731707317073,-20.02439024390244,7.946038634146341,-24.932085870636428,1029.2317073170732
228,1.9791020408163265,3.275510204081633,-16.724489795918366,-20.0,8.12842481632653,-25.053912767205222,1026.8775510204082
229,1.9379795918367344,3.244897959183674,-16.755102040816325,-20.0,8.326775836734694,-25.199107734427873,1022.7244897959184
230,1.8968571428571428,3.214285714285715,-16.785714285714285,-20.0,8.525126857142856,-25.34231734568733,1018.5714285714286
231,1.855734693877551,3.1836734693877555,-16.816326530612244,-20.0,8.72347787755102,-25.483627682416653,1014.4183673469388
232,1.8146122448979591,3.153061224489796,-16.846938775510203,-20.0,8.921828897959184,-25.623119282963067,1010.265306122449
233,1.7734897959183673,3.122448979591837,-16.877551020408163,-20.0,9.120179918367349,-25.760867612997558,1006.1122448979592
234,1.7323673469387757,3.091836734693878,-16.908163265306122,-20.0,9.31853093877551,-25.896943486753116,1001.9591836734694
235,1.6912448979591836,3.0612244897959187,-16.93877551020408,-20.0,9.516881959183674,-26.031413445159043,997.8061224489796
236,1.6501224489795918,3.03061224489796,-16.96938775510204,-20.0,9.715232979591836,-26.164340096080174,993.6530612244898
237,1.609,3.0,-17.0,-20.0,9.913584,-26.295782421147788,989.5
238,1.609,3.1363636363636367,-16.863636363636363,-20.0,10.443722181818185,-26.365658499189912,1007.9090909090908
239,1.609,3.2727272727272734,-16.727272727272727,-20.0,10.973860363636364,-26.424066820558657,1026.3181818181818
240,1.609,3.2600000000000007,-16.74,-20.0,11.079888,-26.48503812949737,1024.56
241,1.609,3.2100000000000004,-16.79,-20.0,11.079888,-26.548261693070213,1017.76
242,1.609,3.16,-16.84,-20.0,11.079888,-26.611485256643057,1010.96
243,1.609,3.1100000000000003,-16.89,-20.0,11.079888,-26.674708820215905,1004.16
244,1.609,3.06,-16.94,-20.0,11.079888,-26.737932383788753,997.36
245,1.609,3.01,-16.99,-20.0,11.079888,-26.801155947361593,990.56
246,2.012,3.0,-17.0,-20.0,11.079888,-26.81380066007616,989.2
247,2.926090909090909,3.0,-17.0,-20.0,11.079888,-26.81380066007616,989.3363636363636
248,3.8401818181818177,3.0,-17.0,-20.0,11.079888,-26.81380066007616,989.4727272727272
249,4.4255,3.0,-17.0,-20.0,11.079888,-26.81380066007616,989.5
250,4.828,3.042857142857143,-16.957142857142856,-20.0,11.218733714285715,-26.818130329813016,995.2571428571428
251,4.828,3.2571428571428576,-16.742857142857144,-20.0,11.912962285714286,-26.829356433662422,1024.0428571428572
252,5.471733333333334,3.3066666666666675,-16.733333333333334,-20.04,11.844465066666668,-26.79000299402355,1029.8466666666666
253,6.2764,3.315000000000001,-16.775,-20.09,11.5852864,-26.738600585262013,1029.905
254,7.081066666666667,3.3233333333333346,-16.816666666666666,-20.14,11.326107733333334,-26.685024773618203,1029.9633333333334
255,7.885733333333333,3.331666666666668,-16.858333333333334,-20.19,11.066929066666669,-26.62918575997837,1030.0216666666663
256,8.6904,3.340000000000001,-16.9,-20.24,10.8077504,-26.57098776404906,1030.08
257,9.495066666666666,3.348333333333335,-16.941666666666666,-20.29,10.548571733333334,-26.51032847013906,1030.138333333333
258,10.299733333333332,3.356666666666668,-16.983333333333334,-20.34,10.289393066666667,-26.447098406488564,1030.1966666666667
259,11.104399999999998,3.365000000000001,-17.025,-20.39,10.0302144,-26.38118024827793,1030.255
260,11.909066666666666,3.373333333333336,-17.066666666666666,-20.44,9.771035733333331,-26.312448032685886,1030.3133333333333
261,12.713733333333332,3.3816666666666686,-17.108333333333334,-20.49,9.511857066666666,-26.240766272234893,1030.371666666667
262,13.5184,3.390000000000002,-17.15,-20.540000000000003,9.2526784,-26.16598895006799,1030.43
263,14.323066666666666,3.398333333333336,-17.191666666666666,-20.59,8.993499733333334,-26.087958377632223,1030.4883333333332
264,14.484,3.400000000000002,-17.2,-20.6,8.941664,-26.071947099186655,1030.5333333333333
265,14.484,3.400000000000002,-17.2,-20.6,8.941664,-26.071947099186655,1030.575
266,14.484,3.400000000000002,-17.2,-20.6,8.941664,-26.071947099186655,1030.6166666666666
267,14.484,3.400000000000002,-17.2,-20.6,8.941664,-26.071947099186655,1030.6583333333333
268,14.484,3.400000000000002,-17.2,-20.6,8.941664,-26.071947099186655,1030.7
269,14.484,3.400000000000002,-17.2,-20.6,8.941664,-26.071947099186655,1030.7416666666666
270,14.484,3.400000000000002,-17.2,-20.6,8.941664,-26.071947099186655,1030.7833333333333
271,14.484,3.400000000000002,-17.2,-20.6,8.941664,-26.071947099186655,1030.825
272,14.484,3.400000000000002,-17.2,-20.6,8.941664,-26.071947099186655,1030.8666666666666
273,14.484,3.400000000000002,-17.2,-20.6,8.941664,-26.071947099186655,1030.9083333333333
274,14.484,3.400000000000002,-17.2,-20.6,8.941664,-26.071947099186655,1030.95
275,14.484,3.400000000000002,-17.2,-20.6,8.941664,-26.071947099186655,1030.9916666666666
276,14.376733333333334,3.360000000000002,-17.2,-20.56,8.876869333333334,-26.038800107540027,1031.006666666667
277,14.24265,3.310000000000002,-17.2,-20.51,8.795876,-25.997079361350856,1031.015
278,14.108566666666666,3.2600000000000016,-17.2,-20.46,8.714882666666666,-25.955034655488934,1031.0233333333333
279,13.974483333333334,3.2100000000000017,-17.2,-20.41,8.633889333333332,-25.912660428283026,1031.0316666666668
280,13.8404,3.160000000000001,-17.2,-20.36,8.552895999999999,-25.869950969298863,1031.04
281,13.706316666666666,3.110000000000001,-17.2,-20.31,8.471902666666667,-25.826900413907726,1031.0483333333332
282,13.572233333333331,3.0600000000000014,-17.2,-20.26,8.390909333333333,-25.78350273760274,1031.0566666666666
283,13.43815,3.010000000000001,-17.2,-20.21,8.309916,-25.739751750048498,1031.065
284,13.304066666666667,2.960000000000001,-17.2,-20.16,8.228922666666666,-25.695641088848813,1031.0733333333333
285,13.169983333333333,2.910000000000001,-17.2,-20.11,8.147929333333332,-25.65116421301638,1031.0816666666665
286,13.0359,2.8600000000000008,-17.2,-20.06,8.066936,-25.606314396126855,1031.09
287,12.901816666666669,2.8100000000000005,-17.2,-20.01,7.985942666666666,-25.56108471913887,1031.0983333333334
288,12.982266666666666,2.8000000000000007,-17.2,-20.0,7.969743999999999,-25.55199257765097,1031.14
289,13.11635,2.8000000000000007,-17.2,-20.0,7.969743999999999,-25.55199257765097,1031.1899999999998
290,13.250433333333334,2.8000000000000007,-17.2,-20.0,7.969743999999999,-25.55199257765097,1031.24
291,13.384516666666666,2.8000000000000007,-17.2,-20.0,7.969743999999999,-25.55199257765097,1031.29
292,13.5186,2.8000000000000007,-17.2,-20.0,7.969743999999999,-25.55199257765097,1031.34
293,13.652683333333334,2.8000000000000007,-17.2,-20.0,7.969743999999999,-25.55199257765097,1031.39
294,13.786766666666669,2.8000000000000007,-17.2,-20.0,7.969743999999999,-25.55199257765097,1031.44
295,13.92085,2.8000000000000007,-17.2,-20.0,7.969743999999999,-25.55199257765097,1031.49
296,14.054933333333333,2.8000000000000007,-17.2,-20.0,7.969743999999999,-25.55199257765097,1031.54
297,14.189016666666667,2.8000000000000007,-17.2,-20.0,7.969743999999999,-25.55199257765097,1031.59
298,14.3231,2.8000000000000007,-17.2,-20.0,7.969743999999999,-25.55199257765097,1031.64
299,14.457183333333331,2.8000000000000007,-17.2,-20.0,7.969743999999999,-25.55199257765097,1031.69
300,14.484,2.7600000000000007,-17.24,-20.0,8.099333333333332,-25.67362071568631,1031.746666666667
301,14.484,2.7100000000000004,-17.29,-20.0,8.26132,-25.824476291123716,1031.805
302,14.484,2.66,-17.34,-20.0,8.423306666666667,-25.974067005421645,1031.8633333333337
303,14.484,2.6100000000000003,-17.39,-20.0,8.585293333333333,-26.122439373660455,1031.9216666666666
304,14.484,2.56,-17.44,-20.0,8.74728,-26.269637404453732,1031.98
305,14.484,2.51,-17.49,-20.0,8.909266666666667,-26.415702777963006,1032.0383333333334
306,14.484,2.46,-17.54,-20.0,9.071253333333331,-26.560675008305516,1032.0966666666668
307,14.484,2.41,-17.59,-20.0,9.23324,-26.70459159197433,1032.155
308,14.484,2.3599999999999994,-17.64,-20.0,9.395226666666666,-26.847488143697657,1032.2133333333334
309,14.484,2.31,-17.69,-20.0,9.557213333333332,-26.98939852099616,1032.2716666666668
310,14.484,2.26,-17.740000000000002,-20.0,9.7192,-27.13035493855231,1032.3300000000002
311,14.484,2.209999999999999,-17.79,-20.0,9.881186666666666,-27.270388073379184,1032.388333333333
312,14.591266666666666,2.24,-17.873333333333335,-20.113333333333333,10.120926933333331,-27.487720033533087,1032.4133333333334
313,14.72535,2.29,-17.965,-20.255,10.3801056,-27.72260632484707,1032.43
314,14.859433333333332,2.34,-18.05666666666667,-20.39666666666667,10.639284266666667,-27.95547137155614,1032.4466666666667
315,14.993516666666666,2.39,-18.148333333333333,-20.53833333333333,10.898462933333333,-28.186411322271827,1032.4633333333334
316,15.1276,2.44,-18.24,-20.68,11.1576416,-28.415515767035636,1032.48
317,15.261683333333334,2.49,-18.331666666666667,-20.821666666666665,11.416820266666669,-28.64286832223916,1032.496666666667
318,15.395766666666669,2.54,-18.42333333333333,-20.96333333333333,11.675998933333334,-28.868547151518342,1032.513333333333
319,15.52985,2.5900000000000003,-18.515,-21.105,11.9351776,-29.092625430876947,1032.53
320,15.663933333333333,2.640000000000001,-18.606666666666666,-21.246666666666663,12.194356266666666,-29.315171765076013,1032.5466666666666
321,15.798016666666667,2.6900000000000004,-18.69833333333333,-21.38833333333333,12.453534933333334,-29.536250561309096,1032.5633333333333
322,15.9321,2.7400000000000007,-18.79,-21.53,12.7127136,-29.755922365330946,1032.58
323,16.066183333333335,2.790000000000001,-18.881666666666664,-21.671666666666667,12.971892266666668,-29.97424416449065,1032.5966666666666
324,16.093,2.8000000000000007,-18.973333333333333,-21.773333333333333,12.958933333333334,-30.086635406240283,1032.6266666666666
325,16.093,2.8000000000000007,-19.065,-21.865,12.87794,-30.172483141965373,1032.66
326,16.093,2.8000000000000007,-19.156666666666663,-21.956666666666667,12.796946666666669,-30.258042203544463,1032.6933333333332
327,16.093,2.8000000000000007,-19.24833333333333,-22.04833333333333,12.715953333333331,-30.343309668631733,1032.7266666666667
328,16.093,2.8000000000000007,-19.34,-22.14,12.63496,-30.428282564281652,1032.76
329,16.093,2.8000000000000007,-19.431666666666665,-22.231666666666666,12.553966666666668,-30.51295786572856,1032.7933333333333
330,16.093,2.8000000000000007,-19.523333333333333,-22.32333333333333,12.472973333333334,-30.597332495128498,1032.8266666666666
331,16.093,2.8000000000000007,-19.615,-22.415,12.39198,-30.68140332026192,1032.86
332,16.093,2.8000000000000007,-19.706666666666667,-22.506666666666668,12.310986666666668,-30.765167153195875,1032.8933333333332
333,16.093,2.8000000000000007,-19.79833333333333,-22.598333333333333,12.229993333333336,-30.84862074890394,1032.9266666666667
334,16.093,2.8000000000000007,-19.89,-22.69,12.149,-30.931760803842494,1032.96
335,16.093,2.8000000000000007,-19.981666666666666,-22.781666666666663,12.068006666666667,-31.014583954481473,1032.993333333333
336,16.093,2.8000000000000003,-20.07333333333333,-22.87333333333333,12.181397333333337,-31.178887728192024,1033.0266666666666
337,16.093,2.8000000000000003,-20.165,-22.965,12.343384,-31.363158867699912,1033.06
338,16.093,2.8,-20.256666666666668,-23.05666666666667,12.505370666666668,-31.54694223801509,1033.0933333333332
339,16.093,2.7999999999999994,-20.348333333333333,-23.148333333333333,12.667357333333335,-31.730251273941306,1033.1266666666668
340,16.093,2.7999999999999994,-20.44,-23.24,12.829344,-31.91309890494668,1033.16
341,16.093,2.799999999999999,-20.531666666666663,-23.331666666666667,12.991330666666668,-32.09549757999964,1033.1933333333334
342,16.093,2.7999999999999985,-20.62333333333333,-23.42333333333333,13.153317333333334,-32.27745929089748,1033.2266666666667
343,16.093,2.7999999999999985,-20.715,-23.515,13.315304,-32.45899559419604,1033.26
344,16.093,2.799999999999998,-20.80666666666667,-23.606666666666666,13.477290666666669,-32.64011763184024,1033.2933333333333
345,16.093,2.7999999999999976,-20.898333333333333,-23.69833333333333,13.639277333333334,-32.82083615058676,1033.3266666666668
346,16.093,2.7999999999999976,-20.99,-23.79,13.801264000000002,-33.00116152030297,1033.36
347,16.093,2.799999999999997,-21.081666666666667,-23.881666666666664,13.963250666666667,-33.18110375121922,1033.3933333333334
348,16.093,2.833333333333331,-21.14,-23.973333333333333,13.930853333333337,-33.2439277216026,1033.4333333333334
349,16.093,2.874999999999998,-21.19,-24.065,13.84986,-33.277336713244466,1033.475
350,16.093,2.9166666666666647,-21.24,-24.156666666666663,13.768866666666668,-33.31053063002437,1033.5166666666669
351,16.093,2.958333333333332,-21.29,-24.24833333333333,13.687873333333334,-33.34350735205764,1033.5583333333334
352,16.093,2.9999999999999987,-21.34,-24.34,13.60688,-33.37626472481149,1033.6
353,16.093,3.0416666666666656,-21.39,-24.431666666666665,13.525886666666668,-33.40880055832278,1033.6416666666669
354,16.093,3.0833333333333326,-21.44,-24.523333333333333,13.444893333333331,-33.441112626393206,1033.6833333333334
355,16.093,3.125,-21.49,-24.615,13.3639,-33.473198665761224,1033.725
356,16.093,3.1666666666666665,-21.54,-24.706666666666667,13.282906666666667,-33.50505637524976,1033.7666666666669
357,16.093,3.208333333333333,-21.59,-24.79833333333333,13.201913333333334,-33.536683414888984,1033.8083333333334
358,16.093,3.2500000000000004,-21.64,-24.89,13.12092,-33.56807740501317,1033.85
359,16.093,3.2916666666666674,-21.69,-24.981666666666666,13.039926666666666,-33.59923592533073,1033.8916666666669
360,16.093,3.3066666666666675,-21.73333333333333,-25.04,13.023728,-33.648149726789114,1033.92
361,16.093,3.315000000000001,-21.775,-25.09,13.023728,-33.70153793888138,1033.9450000000002
362,16.093,3.3233333333333346,-21.816666666666663,-25.14,13.023728,-33.754926150973645,1033.97
363,16.093,3.331666666666668,-21.85833333333333,-25.19,13.023728,-33.808314363065904,1033.995
364,16.093,3.340000000000001,-21.9,-25.24,13.023728,-33.861702575158176,1034.02
365,16.093,3.348333333333335,-21.941666666666663,-25.29,13.023728,-33.915090787250435,1034.045
366,16.093,3.356666666666668,-21.98333333333333,-25.34,13.023728,-33.96847899934271,1034.0700000000002
367,16.093,3.365000000000001,-22.025,-25.39,13.023728,-34.02186721143497,1034.095
368,16.093,3.373333333333336,-22.066666666666663,-25.44,13.023728,-34.07525542352724,1034.12
369,16.093,3.3816666666666686,-22.10833333333333,-25.49,13.023728,-34.1286436356195,1034.145
370,16.093,3.390000000000002,-22.15,-25.540000000000003,13.023728,-34.18203184771177,1034.17
371,16.093,3.398333333333336,-22.191666666666663,-25.59,13.023728,-34.23542005980403,1034.195
372,16.093,3.400000000000002,-22.2,-25.6,13.023728,-34.246097702222485,1034.2733333333333
373,16.093,3.400000000000002,-22.2,-25.6,13.023728,-34.246097702222485,1034.365
374,16.093,3.400000000000002,-22.2,-25.6,13.023728,-34.246097702222485,1034.4566666666667
375,16.093,3.400000000000002,-22.2,-25.6,13.023728,-34.246097702222485,1034.5483333333334
376,16.093,3.400000000000002,-22.2,-25.6,13.023728,-34.246097702222485,1034.64
377,16.093,3.400000000000002,-22.2,-25.6,13.023728,-34.246097702222485,1034.7316666666666
378,16.093,3.400000000000002,-22.2,-25.6,13.023728,-34.246097702222485,1034.8233333333333
379,16.093,3.400000000000002,-22.2,-25.6,13.023728,-34.246097702222485,1034.915
380,16.093,3.400000000000002,-22.2,-25.6,13.023728,-34.246097702222485,1035.006666666667
381,16.093,3.400000000000002,-22.2,-25.6,13.023728,-34.246097702222485,1035.0983333333334
382,16.093,3.400000000000002,-22.2,-25.6,13.023728,-34.246097702222485,1035.19
383,16.093,3.400000000000002,-22.2,-25.6,13.023728,-34.246097702222485,1035.2816666666663
384,16.093,3.393333333333336,-22.24,-25.633333333333336,13.153317333333334,-34.35061310167653,1035.3266666666666
385,16.093,3.385000000000002,-22.29,-25.675,13.315304,-34.4807580314793,1035.36
386,16.093,3.3766666666666683,-22.34,-25.71666666666667,13.477290666666669,-34.610360539806265,1035.3933333333332
387,16.093,3.368333333333335,-22.39,-25.758333333333336,13.639277333333334,-34.73943345224822,1035.4266666666667
388,16.093,3.3600000000000017,-22.44,-25.8,13.801264,-34.867989155092516,1035.46
389,16.093,3.351666666666668,-22.49,-25.84166666666667,13.963250666666667,-34.99603961521656,1035.493333333333
390,16.093,3.3433333333333346,-22.54,-25.883333333333336,14.125237333333333,-35.12359639886359,1035.5266666666666
391,16.093,3.3350000000000013,-22.59,-25.925,14.287224,-35.25067068937511,1035.56
392,16.093,3.3266666666666675,-22.64,-25.96666666666667,14.449210666666666,-35.377273303949494,1035.5933333333332
393,16.093,3.3183333333333342,-22.69,-26.008333333333336,14.611197333333331,-35.50341470948995,1035.6266666666668
394,16.093,3.310000000000001,-22.74,-26.05,14.773184,-35.629105037601235,1035.66
395,16.093,3.301666666666667,-22.79,-26.09166666666667,14.935170666666666,-35.754354098789214,1035.6933333333334
396,15.985733333333334,3.3400000000000007,-22.8,-26.14,15.032362666666666,-35.803363003999905,1035.6933333333334
397,15.85165,3.390000000000001,-22.8,-26.19,15.113356,-35.83325505390476,1035.685
398,15.717566666666666,3.4400000000000004,-22.8,-26.24,15.194349333333331,-35.863012843035904,1035.6766666666667
399,15.583483333333334,3.49,-22.8,-26.29,15.275342666666669,-35.89263768530544,1035.6683333333333
400,15.4494,3.54,-22.8,-26.34,15.356336,-35.9221308748839,1035.66
401,15.315316666666666,3.59,-22.8,-26.39,15.437329333333333,-35.95149368659919,1035.6516666666666
402,15.181233333333331,3.64,-22.8,-26.44,15.518322666666666,-35.980727376325504,1035.6433333333332
403,15.04715,3.69,-22.8,-26.49,15.599316,-36.009833181362254,1035.635
404,14.913066666666667,3.7399999999999993,-22.8,-26.54,15.680309333333332,-36.038812320803686,1035.6266666666666
405,14.778983333333333,3.789999999999999,-22.8,-26.59,15.761302666666666,-36.067665995899176,1035.618333333333
406,14.6449,3.839999999999999,-22.8,-26.64,15.842296,-36.0963953904046,1035.61
407,14.510816666666669,3.889999999999999,-22.8,-26.69,15.923289333333331,-36.12500167092503,1035.6016666666667
408,14.591266666666666,3.859999999999999,-22.87333333333333,-26.73333333333333,15.874693333333331,-36.20337291809703,1035.6466666666663
409,14.72535,3.809999999999999,-22.965,-26.775,15.7937,-36.29400136103362,1035.705
410,14.859433333333332,3.759999999999999,-23.05666666666667,-26.816666666666663,15.712706666666666,-36.38440322982244,1035.763333333333
411,14.993516666666666,3.709999999999999,-23.148333333333333,-26.85833333333333,15.631713333333332,-36.47457667820399,1035.8216666666665
412,15.1276,3.6599999999999993,-23.24,-26.9,15.55072,-36.564519834032225,1035.88
413,15.261683333333334,3.61,-23.331666666666667,-26.941666666666663,15.469726666666666,-36.65423079876855,1035.9383333333333
414,15.395766666666669,3.56,-23.42333333333333,-26.98333333333333,15.388733333333333,-36.74370764696312,1035.996666666667
415,15.52985,3.51,-23.515,-27.025,15.30774,-36.83294842572323,1036.0549999999998
416,15.663933333333333,3.46,-23.606666666666666,-27.066666666666663,15.226746666666669,-36.92195115416807,1036.1133333333332
417,15.798016666666667,3.41,-23.69833333333333,-27.10833333333333,15.145753333333332,-37.01071382286979,1036.1716666666666
418,15.9321,3.3600000000000003,-23.79,-27.15,15.06476,-37.09923439328023,1036.23
419,16.066183333333335,3.3100000000000005,-23.881666666666664,-27.191666666666663,14.983766666666666,-37.18751079714278,1036.2883333333332
420,16.093,3.3000000000000007,-23.973333333333333,-27.273333333333333,14.902773333333334,-37.27554093588928,1036.34
421,16.093,3.3000000000000007,-24.065,-27.365,14.82178,-37.363322680021085,1036.39
422,16.093,3.3000000000000007,-24.156666666666663,-27.456666666666667,14.740786666666668,-37.45085386847397,1036.44
423,16.093,3.3000000000000007,-24.24833333333333,-27.54833333333333,14.659793333333331,-37.53813230796639,1036.49
424,16.093,3.3000000000000007,-24.34,-27.64,14.5788,-37.62515577233055,1036.54
425,16.093,3.3000000000000007,-24.431666666666665,-27.731666666666666,14.497806666666667,-37.7119220018256,1036.59
426,16.093,3.3000000000000007,-24.523333333333333,-27.82333333333333,14.416813333333334,-37.79842870243256,1036.64
427,16.093,3.3000000000000007,-24.615,-27.915,14.33582,-37.884673545130255,1036.69
428,16.093,3.3000000000000007,-24.706666666666667,-28.006666666666668,14.254826666666668,-37.97065416515176,1036.74
429,16.093,3.3000000000000007,-24.79833333333333,-28.098333333333333,14.173833333333334,-38.056368161220476,1036.79
430,16.093,3.3000000000000007,-24.89,-28.19,14.09284,-38.141813094765496,1036.84
431,16.093,3.3000000000000007,-24.981666666666666,-28.281666666666663,14.011846666666669,-38.22698648911523,1036.89
432,16.093,3.2760000000000007,-25.08,-28.356,14.0734016,-38.37892417315909,1033.66
433,16.093,3.2460000000000004,-25.18,-28.426,14.1705936,-38.54751972802493,1029.61
434,16.093,3.2160000000000006,-25.28,-28.496,14.2677856,-38.716034342259356,1025.56
435,16.093,3.1860000000000004,-25.38,-28.566,14.3649776,-38.88446960413444,1021.51
436,16.093,3.1560000000000006,-25.48,-28.636,14.4621696,-39.0528270682213,1017.46
437,16.093,3.1260000000000003,-25.58,-28.706,14.5593616,-39.22110825629757,1013.41
438,16.093,3.096,-25.68,-28.776,14.6565536,-39.3893146582251,1009.36
439,16.093,3.0660000000000003,-25.78,-28.846,14.7537456,-39.55744773279859,1005.31
440,16.093,3.036,-25.88,-28.916,14.8509376,-39.725508908566674,1001.26
441,16.093,3.006,-25.98,-28.986,14.9481296,-39.893499584626355,997.21
442,15.4494,2.919999999999999,-26.04,-28.96,14.5788,-39.82382203439845,1012.8
443,14.6449,2.8199999999999976,-26.09,-28.91,14.09284,-39.68945162053977,1033.3000000000002
444,14.2694,2.793333333333331,-26.14,-28.933333333333334,13.930853333333337,-39.68624734922922,1037.3933333333334
445,14.00115,2.784999999999997,-26.19,-28.975,13.84986,-39.716546580917715,1037.385
446,13.7329,2.776666666666664,-26.24,-29.016666666666666,13.768866666666668,-39.74661542402464,1037.3766666666668
447,13.46465,2.768333333333332,-26.29,-29.058333333333334,13.687873333333334,-39.77645159250475,1037.368333333333
448,13.1964,2.759999999999998,-26.34,-29.1,13.60688,-39.80605276286539,1037.36
449,12.92815,2.7516666666666647,-26.39,-29.141666666666666,13.525886666666668,-39.83541657332015,1037.3516666666667
450,12.6599,2.743333333333332,-26.44,-29.183333333333334,13.444893333333331,-39.864540622918014,1037.3433333333332
451,12.39165,2.7349999999999985,-26.49,-29.225,13.3639,-39.89342247064734,1037.335
452,12.1234,2.726666666666665,-26.54,-29.266666666666666,13.282906666666667,-39.92205963451367,1037.3266666666666
453,11.85515,2.7183333333333324,-26.59,-29.308333333333334,13.201913333333334,-39.950449590590495,1037.3183333333334
454,11.5869,2.709999999999999,-26.64,-29.35,13.12092,-39.9785897720419,1037.31
455,11.31865,2.7016666666666658,-26.69,-29.391666666666666,13.039926666666666,-40.00647756811633,1037.3016666666667
456,12.104652173913044,2.578260869565217,-26.75217391304348,-29.33043478260869,12.482833391304348,-39.8315006246456,1030.1869565217391
457,13.154217391304348,2.426086956521739,-26.817391304347822,-29.24347826086957,11.806715130434783,-39.592185330737244,1021.295652173913
458,14.203782608695652,2.2739130434782604,-26.882608695652173,-29.15652173913044,11.130596869565217,-39.336183679314566,1012.4043478260868
459,15.253347826086957,2.121739130434783,-26.94782608695652,-29.069565217391304,10.454478608695652,-39.061608700989225,1003.5130434782608
460,16.093,2.035135135135135,-26.975675675675674,-29.01081081081081,9.94510572972973,-38.81446104582254,997.5216216216216
461,16.093,2.2108108108108104,-26.854054054054053,-29.064864864864862,10.102714378378378,-38.75040957829393,1003.1297297297298
462,16.093,2.386486486486485,-26.732432432432432,-29.11891891891892,10.260323027027027,-38.68482253816926,1008.737837837838
463,16.093,2.562162162162161,-26.61081081081081,-29.17297297297297,10.417931675675677,-38.61773966836158,1014.345945945946
464,16.093,2.7378378378378363,-26.48918918918919,-29.227027027027027,10.575540324324324,-38.54919905758912,1019.954054054054
465,16.093,2.913513513513512,-26.36756756756757,-29.28108108108108,10.733148972972971,-38.479237233297965,1025.5621621621622
466,16.093,3.089189189189187,-26.245945945945948,-29.335135135135133,10.890757621621622,-38.40788924806843,1031.1702702702703
467,16.093,3.264864864864862,-26.124324324324327,-29.38918918918919,11.048366270270272,-38.33518876004999,1036.7783783783784
468,16.093,3.3333333333333304,-26.066666666666663,-29.4,11.209477333333334,-38.34388635863494,1037.9266666666667
469,16.093,3.3749999999999973,-26.025,-29.4,11.371464,-38.37213195813908,1037.96
470,16.093,3.416666666666664,-25.98333333333333,-29.4,11.533450666666669,-38.39929163640221,1037.993333333333
471,16.093,3.4583333333333304,-25.941666666666663,-29.4,11.695437333333334,-38.42539230619808,1038.0266666666666
472,16.093,3.4999999999999973,-25.9,-29.4,11.857424,-38.45045983915025,1038.06
473,16.093,3.541666666666664,-25.85833333333333,-29.4,12.019410666666667,-38.47451911975758,1038.0933333333332
474,16.093,3.5833333333333304,-25.816666666666663,-29.4,12.181397333333331,-38.49759409592593,1038.1266666666668
475,16.093,3.624999999999997,-25.775,-29.4,12.343384,-38.51970782627551,1038.16
476,16.093,3.666666666666664,-25.73333333333333,-29.4,12.505370666666668,-38.54088252446901,1038.1933333333334
477,16.093,3.7083333333333295,-25.691666666666663,-29.4,12.667357333333332,-38.561139600784514,1038.2266666666667
478,16.093,3.749999999999997,-25.65,-29.4,12.829344,-38.58049970113703,1038.26
479,16.093,3.791666666666664,-25.60833333333333,-29.4,12.991330666666666,-38.59898274373572,1038.2933333333333
480,16.093,3.846666666666664,-25.52,-29.366666666666664,12.958933333333334,-38.47154559367901,1038.3
481,16.093,3.9049999999999976,-25.42,-29.325,12.87794,-38.30770760004165,1038.3
482,16.093,3.963333333333331,-25.32,-29.28333333333333,12.796946666666669,-38.1438127454525,1038.3
483,16.093,4.021666666666665,-25.22,-29.241666666666664,12.715953333333331,-37.979859876768856,1038.3
484,16.093,4.079999999999998,-25.12,-29.2,12.63496,-37.81584781730798,1038.3
485,16.093,4.138333333333332,-25.02,-29.15833333333333,12.553966666666668,-37.651775366234965,1038.3
486,16.093,4.196666666666665,-24.92,-29.116666666666664,12.472973333333334,-37.487641297930935,1038.3
487,16.093,4.254999999999999,-24.82,-29.075,12.39198,-37.323444361340776,1038.3
488,16.093,4.313333333333333,-24.72,-29.03333333333333,12.310986666666668,-37.15918327929954,1038.3
489,16.093,4.371666666666666,-24.62,-28.991666666666664,12.229993333333336,-36.99485674783671,1038.3
490,16.093,4.43,-24.52,-28.95,12.149,-36.83046343545741,1038.3
491,16.093,4.488333333333333,-24.42,-28.90833333333333,12.068006666666667,-36.666001982399834,1038.3
492,16.093,4.5,-24.4,-28.9,12.051808,-36.6331013932127,1038.2666666666669
493,16.093,4.5,-24.4,-28.9,12.051808,-36.6331013932127,1038.225
494,16.093,4.5,-24.4,-28.9,12.051808,-36.6331013932127,1038.1833333333334
495,16.093,4.5,-24.4,-28.9,12.051808,-36.6331013932127,1038.1416666666669
496,16.093,4.5,-24.4,-28.9,12.051808,-36.6331013932127,1038.1
497,16.093,4.5,-24.4,-28.9,12.051808,-36.6331013932127,1038.0583333333334
498,16.093,4.5,-24.4,-28.9,12.051808,-36.6331013932127,1038.0166666666669
499,16.093,4.5,-24.4,-28.9,12.051808,-36.6331013932127,1037.975
500,16.093,4.5,-24.4,-28.9,12.051808,-36.6331013932127,1037.9333333333334
501,16.093,4.5,-24.4,-28.9,12.051808,-36.6331013932127,1037.8916666666669
502,16.093,4.5,-24.4,-28.9,12.051808,-36.6331013932127,1037.85
503,16.093,4.5,-24.4,-28.9,12.051808,-36.6331013932127,1037.8083333333334
504,16.093,4.493333333333333,-24.366666666666664,-28.86,12.116602666666669,-36.62033000716292,1037.7866666666666
505,16.093,4.485,-24.325,-28.81,12.197596,-36.60412664866947,1037.77
506,16.093,4.476666666666668,-24.28333333333333,-28.76,12.278589333333334,-36.58766040800431,1037.753333333333
507,16.093,4.468333333333334,-24.241666666666664,-28.71,12.359582666666668,-36.57093424710071,1037.736666666667
508,16.093,4.460000000000001,-24.2,-28.66,12.440576,-36.553951074125976,1037.72
509,16.093,4.451666666666668,-24.15833333333333,-28.61,12.521569333333334,-36.53671374480754,1037.7033333333334
510,16.093,4.443333333333334,-24.116666666666664,-28.56,12.602562666666667,-36.51922506371793,1037.6866666666665
511,16.093,4.435000000000001,-24.075,-28.51,12.683556,-36.50148778552007,1037.6699999999998
512,16.093,4.4266666666666685,-24.03333333333333,-28.46,12.764549333333331,-36.483504616174486,1037.6533333333332
513,16.093,4.418333333333335,-23.991666666666664,-28.41,12.845542666666669,-36.465278214109816,1037.6366666666663
514,16.093,4.410000000000002,-23.95,-28.36,12.926536,-36.44681119135783,1037.62
515,16.093,4.401666666666669,-23.90833333333333,-28.31,13.007529333333334,-36.42810611465441,1037.6033333333332
516,16.093,4.406666666666669,-23.86,-28.266666666666666,13.023728,-36.373084071978326,1037.5533333333333
517,16.093,4.415000000000002,-23.81,-28.225,13.023728,-36.30901821746761,1037.495
518,16.093,4.423333333333335,-23.76,-28.183333333333334,13.023728,-36.2449523629569,1037.4366666666667
519,16.093,4.431666666666668,-23.71,-28.141666666666666,13.023728,-36.18088650844618,1037.378333333333
520,16.093,4.440000000000001,-23.66,-28.1,13.023728,-36.116820653935456,1037.32
521,16.093,4.448333333333334,-23.61,-28.058333333333334,13.023728,-36.05275479942474,1037.2616666666668
522,16.093,4.456666666666668,-23.56,-28.016666666666666,13.023728,-35.98868894491402,1037.2033333333334
523,16.093,4.465000000000001,-23.51,-27.975,13.023728,-35.92462309040331,1037.145
524,16.093,4.473333333333334,-23.46,-27.933333333333334,13.023728,-35.860557235892585,1037.0866666666668
525,16.093,4.481666666666667,-23.41,-27.891666666666666,13.023728,-35.79649138138187,1037.0283333333334
526,16.093,4.49,-23.36,-27.85,13.023728,-35.73242552687115,1036.97
527,16.093,4.498333333333333,-23.31,-27.808333333333334,13.023728,-35.668359672360424,1036.9116666666669
528,16.093,4.493333333333333,-23.266666666666666,-27.76,13.088522666666666,-35.640060772350324,1036.9133333333334
529,16.093,4.484999999999999,-23.225,-27.71,13.169516,-35.62049584585392,1036.93
530,16.093,4.476666666666667,-23.183333333333334,-27.66,13.250509333333332,-35.60070232046949,1036.9466666666667
531,16.093,4.468333333333333,-23.141666666666666,-27.61,13.331502666666667,-35.58068256950176,1036.9633333333334
532,16.093,4.459999999999999,-23.1,-27.56,13.412496,-35.560438926383426,1036.98
533,16.093,4.451666666666666,-23.058333333333334,-27.51,13.493489333333336,-35.539973685586574,1036.996666666667
534,16.093,4.4433333333333325,-23.016666666666666,-27.46,13.574482666666668,-35.51928910350793,1037.013333333333
535,16.093,4.434999999999999,-22.975,-27.41,13.655476,-35.49838739932879,1037.03
536,16.093,4.426666666666666,-22.933333333333334,-27.36,13.736469333333334,-35.47727075585043,1037.0466666666666
537,16.093,4.418333333333332,-22.891666666666666,-27.31,13.817462666666668,-35.455941320306,1037.0633333333333
538,16.093,4.409999999999998,-22.85,-27.26,13.898456,-35.4344012051495,1037.08
539,16.093,4.4016666666666655,-22.808333333333334,-27.21,13.979449333333337,-35.4126524888228,1037.0966666666666
540,16.093,4.366666666666665,-22.87333333333333,-27.24,13.7235104,-35.394872733782584,1037.1
541,16.093,4.324999999999999,-22.965,-27.29,13.3833384,-35.37512245609616,1037.1
542,16.093,4.283333333333332,-23.05666666666667,-27.34,13.0431664,-35.351905650449716,1037.1
543,16.093,4.241666666666666,-23.148333333333333,-27.39,12.7029944,-35.325061732351514,1037.1
544,16.093,4.2,-23.24,-27.44,12.3628224,-35.294417936292966,1037.1
545,16.093,4.158333333333333,-23.331666666666667,-27.49,12.0226504,-35.259788022115764,1037.1
546,16.093,4.116666666666667,-23.42333333333333,-27.54,11.6824784,-35.22097080274061,1037.1
547,16.093,4.075000000000001,-23.515,-27.59,11.3423064,-35.17774846257026,1037.1
548,16.093,4.033333333333335,-23.606666666666666,-27.64,11.0021344,-35.129884629511196,1037.1
549,16.093,3.991666666666668,-23.69833333333333,-27.69,10.6619624,-35.077122155629134,1037.1
550,16.093,3.950000000000002,-23.79,-27.74,10.3217904,-35.01918055151229,1037.1
551,16.093,3.908333333333336,-23.881666666666664,-27.79,9.9816184,-34.9557530068751,1037.1
552,16.093,3.900000000000002,-23.933333333333334,-27.833333333333336,9.913584,-34.984151135129366,1037.1533333333332
553,16.093,3.900000000000002,-23.975,-27.875,9.913584,-35.03636488942013,1037.22
554,16.093,3.900000000000002,-24.016666666666666,-27.916666666666668,9.913584,-35.088578643710875,1037.2866666666666
555,16.093,3.900000000000002,-24.058333333333334,-27.958333333333336,9.913584,-35.14079239800163,1037.3533333333332
556,16.093,3.900000000000002,-24.1,-28.0,9.913584,-35.19300615229239,1037.42
557,16.093,3.900000000000002,-24.141666666666666,-28.041666666666668,9.913584,-35.24521990658314,1037.486666666667
558,16.093,3.900000000000002,-24.183333333333334,-28.083333333333336,9.913584,-35.29743366087389,1037.5533333333333
559,16.093,3.900000000000002,-24.225,-28.125,9.913584,-35.34964741516465,1037.62
560,16.093,3.900000000000002,-24.266666666666666,-28.166666666666668,9.913584,-35.4018611694554,1037.6866666666667
561,16.093,3.900000000000002,-24.308333333333334,-28.208333333333336,9.913584,-35.45407492374616,1037.753333333333
562,16.093,3.900000000000002,-24.35,-28.25,9.913584,-35.50628867803692,1037.8200000000002
563,16.093,3.900000000000002,-24.391666666666666,-28.291666666666668,9.913584,-35.55850243232767,1037.8866666666668
564,16.093,3.860000000000002,-24.44,-28.3,9.913584,-35.619070387304944,1037.96
565,16.093,3.810000000000002,-24.49,-28.3,9.913584,-35.68172689245385,1038.035
566,16.093,3.7600000000000016,-24.54,-28.3,9.913584,-35.74438339760275,1038.11
567,16.093,3.7100000000000017,-24.59,-28.3,9.913584,-35.807039902751654,1038.185
568,16.093,3.6600000000000015,-24.64,-28.3,9.913584,-35.86969640790056,1038.26
569,16.093,3.610000000000001,-24.69,-28.3,9.913584,-35.93235291304947,1038.335
570,16.093,3.5600000000000014,-24.74,-28.3,9.913584,-35.99500941819838,1038.41
571,16.093,3.510000000000001,-24.79,-28.3,9.913584,-36.05766592334729,1038.485
572,16.093,3.460000000000001,-24.84,-28.3,9.913584,-36.12032242849619,1038.56
573,16.093,3.410000000000001,-24.89,-28.3,9.913584,-36.18297893364509,1038.635
574,16.093,3.3600000000000008,-24.94,-28.3,9.913584,-36.245635438794,1038.71
575,16.093,3.3100000000000005,-24.99,-28.3,9.913584,-36.308291943942905,1038.785
576,16.093,3.3000000000000007,-25.0,-28.3,9.913584,-36.320823244972686,1038.7666666666669
577,16.093,3.3000000000000007,-25.0,-28.3,9.913584,-36.320823244972686,1038.725
578,16.093,3.3000000000000007,-25.0,-28.3,9.913584,-36.320823244972686,1038.6833333333334
579,16.093,3.3000000000000007,-25.0,-28.3,9.913584,-36.320823244972686,1038.6416666666669
580,16.093,3.3000000000000007,-25.0,-28.3,9.913584,-36.320823244972686,1038.6
581,16.093,3.3000000000000007,-25.0,-28.3,9.913584,-36.320823244972686,1038.5583333333334
582,16.093,3.3000000000000007,-25.0,-28.3,9.913584,-36.320823244972686,1038.5166666666669
583,16.093,3.3000000000000007,-25.0,-28.3,9.913584,-36.320823244972686,1038.475
584,16.093,3.3000000000000007,-25.0,-28.3,9.913584,-36.320823244972686,1038.4333333333334
585,16.093,3.3000000000000007,-25.0,-28.3,9.913584,-36.320823244972686,1038.3916666666669
586,16.093,3.3000000000000007,-25.0,-28.3,9.913584,-36.320823244972686,1038.35
587,16.093,3.3000000000000007,-25.0,-28.3,9.913584,-36.320823244972686,1038.3083333333334
588,16.093,3.3066666666666675,-24.96,-28.266666666666666,9.848789333333334,-36.23517236119333,1038.3333333333333
589,16.093,3.315000000000001,-24.91,-28.225,9.767796,-36.12790639739869,1038.375
590,16.093,3.3233333333333346,-24.86,-28.183333333333334,9.686802666666669,-36.02041200122157,1038.4166666666663
591,16.093,3.331666666666668,-24.81,-28.141666666666666,9.605809333333331,-35.912685237580696,1038.4583333333333
592,16.093,3.340000000000001,-24.76,-28.1,9.524816,-35.80472207392566,1038.5
593,16.093,3.348333333333335,-24.71,-28.058333333333334,9.443822666666666,-35.69651837699718,1038.5416666666663
594,16.093,3.356666666666668,-24.66,-28.016666666666666,9.362829333333334,-35.58806990945129,1038.5833333333333
595,16.093,3.365000000000001,-24.61,-27.975,9.281836,-35.479372326340446,1038.625
596,16.093,3.373333333333336,-24.56,-27.933333333333334,9.200842666666668,-35.37042117144429,1038.6666666666663
597,16.093,3.3816666666666686,-24.51,-27.891666666666666,9.119849333333333,-35.26121187344226,1038.7083333333333
598,16.093,3.390000000000002,-24.46,-27.85,9.038856,-35.15173974191965,1038.75
599,16.093,3.398333333333336,-24.41,-27.808333333333334,8.957862666666665,-35.041999963198535,1038.7916666666663
600,16.093,3.4000000000000017,-24.326666666666664,-27.726666666666667,8.941664,-34.928881683235815,1038.8533333333332
601,16.093,3.4000000000000017,-24.235,-27.635,8.941664,-34.81495946571413,1038.9199999999998
602,16.093,3.400000000000001,-24.14333333333333,-27.543333333333333,8.941664,-34.70103724819245,1038.986666666667
603,16.093,3.400000000000001,-24.051666666666662,-27.451666666666668,8.941664,-34.587115030670766,1039.0533333333333
604,16.093,3.400000000000001,-23.96,-27.36,8.941664,-34.4731928131491,1039.12
605,16.093,3.4000000000000004,-23.86833333333333,-27.26833333333333,8.941664,-34.35927059562741,1039.1866666666665
606,16.093,3.4,-23.776666666666667,-27.176666666666662,8.941664,-34.24534837810574,1039.253333333333
607,16.093,3.4,-23.685,-27.085,8.941664,-34.131426160584056,1039.32
608,16.093,3.3999999999999995,-23.593333333333334,-26.99333333333333,8.941664,-34.01750394306237,1039.3866666666663
609,16.093,3.399999999999999,-23.50166666666667,-26.901666666666667,8.941664,-33.9035817255407,1039.4533333333331
610,16.093,3.399999999999999,-23.41,-26.81,8.941664,-33.789659508019014,1039.52
611,16.093,3.3999999999999986,-23.31833333333333,-26.718333333333334,8.941664,-33.67573729049733,1039.5866666666666
612,16.093,3.433333333333332,-23.266666666666666,-26.7,8.941664,-33.611526586076025,1039.64
613,16.093,3.4749999999999988,-23.225,-26.7,8.941664,-33.55974375992981,1039.6899999999998
614,16.093,3.5166666666666653,-23.183333333333334,-26.7,8.941664,-33.507960933783586,1039.74
615,16.093,3.558333333333332,-23.141666666666666,-26.7,8.941664,-33.45617810763737,1039.79
616,16.093,3.5999999999999988,-23.1,-26.7,8.941664,-33.40439528149115,1039.84
617,16.093,3.641666666666665,-23.058333333333334,-26.7,8.941664,-33.35261245534494,1039.89
618,16.093,3.683333333333332,-23.016666666666666,-26.7,8.941664,-33.30082962919872,1039.94
619,16.093,3.724999999999999,-22.975,-26.7,8.941664,-33.2490468030525,1039.99
620,16.093,3.766666666666665,-22.933333333333334,-26.7,8.941664,-33.19726397690628,1040.04
621,16.093,3.808333333333332,-22.891666666666666,-26.7,8.941664,-33.14548115076006,1040.09
622,16.093,3.849999999999999,-22.85,-26.7,8.941664,-33.09369832461385,1040.14
623,16.093,3.891666666666665,-22.808333333333334,-26.7,8.941664,-33.041915498467624,1040.19
624,16.093,3.859999999999999,-22.8,-26.66,8.876869333333334,-32.994365740959964,1040.26
625,16.093,3.809999999999999,-22.8,-26.61,8.795876,-32.94755220953739,1040.335
626,16.093,3.759999999999999,-22.8,-26.56,8.714882666666666,-32.90037517319928,1040.41
627,16.093,3.709999999999999,-22.8,-26.51,8.633889333333332,-32.85282839137002,1040.485
628,16.093,3.6599999999999993,-22.8,-26.46,8.552895999999999,-32.80490545655168,1040.56
629,16.093,3.61,-22.8,-26.41,8.471902666666667,-32.75659978822964,1040.635
630,16.093,3.56,-22.8,-26.36,8.390909333333333,-32.707904626495036,1040.71
631,16.093,3.51,-22.8,-26.31,8.309916,-32.65881302536806,1040.785
632,16.093,3.46,-22.8,-26.26,8.228922666666666,-32.60931784580491,1040.86
633,16.093,3.41,-22.8,-26.21,8.147929333333332,-32.559411748370344,1040.935
634,16.093,3.3600000000000003,-22.8,-26.16,8.066936,-32.509087185556105,1041.01
635,16.093,3.3100000000000005,-22.8,-26.110000000000003,7.985942666666666,-32.45833639372441,1041.0849999999998
636,16.093,3.3066666666666675,-22.76,-26.066666666666663,7.840154666666666,-32.31669098104105,1041.0666666666666
637,16.093,3.315000000000001,-22.71,-26.025,7.678167999999999,-32.15094794715917,1041.025
638,16.093,3.3233333333333346,-22.66,-25.98333333333333,7.516181333333333,-31.98354546649145,1040.9833333333331
639,16.093,3.331666666666668,-22.61,-25.941666666666663,7.354194666666666,-31.814414518367286,1040.9416666666666
640,16.093,3.340000000000001,-22.56,-25.9,7.192208,-31.643481674759563,1040.9
641,16.093,3.348333333333335,-22.51,-25.85833333333333,7.030221333333333,-31.470668713341176,1040.8583333333331
642,16.093,3.356666666666668,-22.46,-25.816666666666663,6.868234666666667,-31.295892186820303,1040.8166666666666
643,16.093,3.365000000000001,-22.41,-25.775,6.706248,-31.11906294245772,1040.775
644,16.093,3.373333333333336,-22.36,-25.73333333333333,6.544261333333333,-30.940085584650042,1040.7333333333331
645,16.093,3.3816666666666686,-22.31,-25.691666666666663,6.382274666666667,-30.75885787224287,1040.6916666666666
646,16.093,3.390000000000002,-22.26,-25.65,6.220288,-30.575270040772715,1040.65
647,16.093,3.398333333333336,-22.21,-25.60833333333333,6.0583013333333335,-30.389204038067717,1040.6083333333331
648,15.985733333333334,3.466666666666669,-22.166666666666664,-25.633333333333336,6.220288000000001,-30.46254762305181,1040.6466666666663
649,15.85165,3.550000000000002,-22.125,-25.675,6.463268,-30.59537714742983,1040.705
650,15.717566666666666,3.633333333333336,-22.08333333333333,-25.71666666666667,6.706248,-30.722215646623198,1040.763333333333
651,15.583483333333334,3.716666666666669,-22.041666666666664,-25.758333333333336,6.949228,-30.84345064847672,1040.8216666666665
652,15.4494,3.800000000000002,-22.0,-25.8,7.192208,-30.959431913052786,1040.88
653,15.315316666666666,3.883333333333336,-21.95833333333333,-25.84166666666667,7.435188,-31.07047625565552,1040.9383333333333
654,15.181233333333331,3.966666666666669,-21.916666666666664,-25.883333333333336,7.678167999999999,-31.17687161782821,1040.996666666667
655,15.04715,4.0500000000000025,-21.875,-25.925,7.921148,-31.278880523462988,1041.0549999999998
656,14.913066666666667,4.133333333333336,-21.83333333333333,-25.96666666666667,8.164128,-31.37674302874916,1041.1133333333332
657,14.778983333333333,4.216666666666669,-21.791666666666664,-26.008333333333336,8.407108,-31.470679252823544,1041.1716666666666
658,14.6449,4.3000000000000025,-21.75,-26.05,8.650088,-31.560891559020103,1041.23
659,14.510816666666669,4.383333333333336,-21.70833333333333,-26.09166666666667,8.893068,-31.647566443343436,1041.2883333333332
660,14.484,4.366666666666669,-21.7,-26.066666666666663,8.876869333333334,-31.62809392010962,1041.2933333333333
661,14.484,4.325000000000002,-21.7,-26.025,8.795876,-31.582280757215035,1041.285
662,14.484,4.283333333333336,-21.7,-25.98333333333333,8.714882666666666,-31.53611185722046,1041.2766666666666
663,14.484,4.241666666666669,-21.7,-25.941666666666663,8.633889333333332,-31.489581112906503,1041.2683333333334
664,14.484,4.200000000000002,-21.7,-25.9,8.552895999999999,-31.442682253698447,1041.26
665,14.484,4.158333333333336,-21.7,-25.85833333333333,8.471902666666667,-31.395408839702124,1041.2516666666666
666,14.484,4.116666666666669,-21.7,-25.816666666666663,8.390909333333333,-31.347754255462622,1041.243333333333
667,14.484,4.075000000000002,-21.7,-25.775,8.309916,-31.29971170343029,1041.235
668,14.484,4.033333333333336,-21.7,-25.73333333333333,8.228922666666666,-31.251274197117105,1041.2266666666667
669,14.484,3.991666666666669,-21.7,-25.691666666666663,8.147929333333332,-31.20243455392582,1041.2183333333332
670,14.484,3.950000000000002,-21.7,-25.65,8.066936,-31.153185387632504,1041.21
671,14.484,3.908333333333336,-21.7,-25.60833333333333,7.985942666666666,-31.10351910050225,1041.2016666666668
672,14.591266666666666,3.900000000000002,-21.73333333333333,-25.633333333333336,7.969743999999999,-31.13458356776127,1041.2266666666667
673,14.72535,3.900000000000002,-21.775,-25.675,7.969743999999999,-31.18589414671449,1041.26
674,14.859433333333332,3.900000000000002,-21.816666666666663,-25.71666666666667,7.969743999999999,-31.23720472566771,1041.2933333333333
675,14.993516666666666,3.900000000000002,-21.85833333333333,-25.758333333333336,7.969743999999999,-31.288515304620926,1041.3266666666666
676,15.1276,3.900000000000002,-21.9,-25.8,7.969743999999999,-31.33982588357415,1041.36
677,15.261683333333334,3.900000000000002,-21.941666666666663,-25.84166666666667,7.969743999999999,-31.391136462527363,1041.3933333333332
678,15.395766666666669,3.900000000000002,-21.98333333333333,-25.883333333333336,7.969743999999999,-31.44244704148059,1041.4266666666667
679,15.52985,3.900000000000002,-22.025,-25.925,7.969743999999999,-31.493757620433808,1041.46
680,15.663933333333333,3.900000000000002,-22.066666666666663,-25.96666666666667,7.969743999999999,-31.545068199387025,1041.493333333333
681,15.798016666666667,3.900000000000002,-22.10833333333333,-26.008333333333336,7.969743999999999,-31.596378778340245,1041.5266666666666
682,15.9321,3.900000000000002,-22.15,-26.05,7.969743999999999,-31.647689357293466,1041.56
683,16.066183333333335,3.900000000000002,-22.191666666666663,-26.09166666666667,7.969743999999999,-31.698999936246683,1041.5933333333332
684,16.093,3.866666666666669,-22.273333333333333,-26.14,8.034538666666666,-31.839856284100698,1041.6266666666666
685,16.093,3.8250000000000015,-22.365,-26.19,8.115532,-32.00287944949528,1041.66
686,16.093,3.783333333333335,-22.456666666666667,-26.24,8.196525333333334,-32.16566371866942,1041.6933333333332
687,16.093,3.741666666666668,-22.54833333333333,-26.29,8.277518666666666,-32.32821443525827,1041.7266666666667
688,16.093,3.7000000000000006,-22.64,-26.34,8.358512,-32.49053678667443,1041.76
689,16.093,3.6583333333333337,-22.731666666666666,-26.39,8.439505333333333,-32.65263581004551,1041.7933333333333
690,16.093,3.616666666666666,-22.82333333333333,-26.44,8.520498666666667,-32.814516397873035,1041.8266666666666
691,16.093,3.575,-22.915,-26.49,8.601492,-32.976183303428165,1041.86
692,16.093,3.5333333333333328,-23.006666666666668,-26.54,8.682485333333332,-33.1376411458988,1041.8933333333332
693,16.093,3.491666666666666,-23.098333333333333,-26.59,8.763478666666666,-33.2988944153017,1041.9266666666667
694,16.093,3.449999999999999,-23.19,-26.64,8.844472,-33.4599474771724,1041.96
695,16.093,3.408333333333332,-23.281666666666663,-26.69,8.925465333333333,-33.6208045770448,1041.993333333333
696,16.093,3.3599999999999985,-23.37333333333333,-26.73333333333333,8.941664,-33.74409062101034,1042.006666666667
697,16.093,3.3099999999999987,-23.465,-26.775,8.941664,-33.85801283853203,1042.015
698,16.093,3.259999999999999,-23.55666666666667,-26.816666666666663,8.941664,-33.97193505605371,1042.0233333333333
699,16.093,3.209999999999999,-23.648333333333333,-26.85833333333333,8.941664,-34.085857273575385,1042.0316666666668
700,16.093,3.16,-23.74,-26.9,8.941664,-34.19977949109706,1042.04
701,16.093,3.1099999999999994,-23.831666666666667,-26.941666666666663,8.941664,-34.313701708618744,1042.0483333333332
702,16.093,3.06,-23.92333333333333,-26.98333333333333,8.941664,-34.42762392614042,1042.0566666666666
703,16.093,3.01,-24.015,-27.025,8.941664,-34.5415461436621,1042.065
704,16.093,2.96,-24.106666666666666,-27.066666666666663,8.941664,-34.655468361183786,1042.0733333333333
705,16.093,2.91,-24.19833333333333,-27.10833333333333,8.941664,-34.76939057870546,1042.0816666666665
706,16.093,2.8600000000000003,-24.29,-27.15,8.941664,-34.883312796227145,1042.09
707,16.093,2.8100000000000005,-24.381666666666664,-27.191666666666663,8.941664,-34.99723501374882,1042.0983333333334
708,16.093,2.833333333333334,-24.48,-27.313333333333333,8.876869333333334,-35.08103543098594,1042.1466666666663
709,16.093,2.875,-24.58,-27.455,8.795876,-35.15680965056811,1042.205
710,16.093,2.9166666666666665,-24.68,-27.596666666666668,8.714882666666666,-35.2320252041449,1042.263333333333
711,16.093,2.958333333333333,-24.78,-27.738333333333333,8.633889333333332,-35.30667349260435,1042.3216666666665
712,16.093,2.999999999999999,-24.88,-27.88,8.552895999999999,-35.38074569467415,1042.38
713,16.093,3.0416666666666656,-24.98,-28.021666666666665,8.471902666666667,-35.45423275894781,1042.4383333333333
714,16.093,3.083333333333332,-25.08,-28.16333333333333,8.390909333333333,-35.52712539554405,1042.496666666667
715,16.093,3.1249999999999982,-25.18,-28.305,8.309916,-35.599414067378866,1042.5549999999998
716,16.093,3.1666666666666647,-25.28,-28.446666666666665,8.228922666666666,-35.67108898102832,1042.6133333333332
717,16.093,3.208333333333332,-25.380000000000003,-28.58833333333333,8.147929333333332,-35.742140077158425,1042.6716666666666
718,16.093,3.2499999999999973,-25.48,-28.73,8.066936,-35.81255702049724,1042.73
719,16.093,3.291666666666664,-25.58,-28.871666666666663,7.985942666666666,-35.88232918932223,1042.7883333333332
720,16.093,3.259999999999997,-25.673333333333336,-28.933333333333334,8.034538666666666,-36.029488043021885,1042.8466666666666
721,16.093,3.2099999999999973,-25.765,-28.975,8.115532,-36.19584635996976,1042.905
722,16.093,3.159999999999997,-25.85666666666667,-29.016666666666666,8.196525333333334,-36.36193793755733,1042.9633333333334
723,16.093,3.1099999999999977,-25.94833333333333,-29.058333333333334,8.277518666666666,-36.52776862357989,1043.0216666666663
724,16.093,3.059999999999998,-26.04,-29.1,8.358512,-36.69334409565708,1043.08
725,16.093,3.009999999999998,-26.131666666666668,-29.141666666666666,8.439505333333333,-36.85866986768757,1043.138333333333
726,16.093,2.959999999999998,-26.223333333333333,-29.183333333333334,8.520498666666667,-37.0237512960011,1043.1966666666667
727,16.093,2.9099999999999984,-26.315,-29.225,8.601492,-37.18859358522488,1043.255
728,16.093,2.8599999999999985,-26.406666666666663,-29.266666666666666,8.682485333333332,-37.353201793879805,1043.3133333333333
729,16.093,2.8099999999999987,-26.49833333333333,-29.308333333333334,8.763478666666666,-37.51758083972163,1043.371666666667
730,16.093,2.759999999999999,-26.59,-29.35,8.844472,-37.6817355048408,1043.43
731,16.093,2.709999999999999,-26.681666666666665,-29.391666666666666,8.925465333333333,-37.84567044053381,1043.4883333333332
732,16.093,2.706666666666666,-26.773333333333333,-29.48,8.876869333333334,-37.92950516657696,1043.56
733,16.093,2.7149999999999994,-26.865,-29.58,8.795876,-37.99285080380136,1043.635
734,16.093,2.723333333333333,-26.956666666666667,-29.68,8.714882666666666,-38.05563685509499,1043.71
735,16.093,2.7316666666666665,-27.04833333333333,-29.78,8.633889333333332,-38.11785462289046,1043.785
736,16.093,2.74,-27.14,-29.88,8.552895999999999,-38.17949518417261,1043.86
737,16.093,2.748333333333333,-27.231666666666666,-29.98,8.471902666666667,-38.24054938237308,1043.935
738,16.093,2.756666666666667,-27.32333333333333,-30.08,8.390909333333333,-38.30100781889197,1044.01
739,16.093,2.765,-27.415,-30.18,8.309916,-38.36086084422515,1044.085
740,16.093,2.773333333333334,-27.506666666666668,-30.28,8.228922666666666,-38.42009854867514,1044.16
741,16.093,2.781666666666667,-27.598333333333333,-30.380000000000003,8.147929333333332,-38.47871075262156,1044.235
742,16.093,2.7900000000000005,-27.69,-30.48,8.066936,-38.53668699632557,1044.3100000000002
743,16.093,2.7983333333333342,-27.781666666666663,-30.58,7.985942666666666,-38.59401652924112,1044.385
744,16.093,2.833333333333334,-27.726666666666667,-30.56,7.775359999999999,-38.37944549944096,1044.44
745,16.093,2.875000000000001,-27.635,-30.51,7.53238,-38.09343539055459,1044.49
746,16.093,2.9166666666666674,-27.543333333333333,-30.46,7.2894,-37.803234847731076,1044.54
747,16.093,2.958333333333334,-27.451666666666668,-30.41,7.04642,-37.50857175281929,1044.59
748,16.093,3.000000000000001,-27.36,-30.36,6.80344,-37.209146600886385,1044.64
749,16.093,3.0416666666666674,-27.26833333333333,-30.31,6.56046,-36.90462866257123,1044.69
750,16.093,3.083333333333334,-27.176666666666662,-30.26,6.31748,-36.59465144472851,1044.74
751,16.093,3.125000000000001,-27.085,-30.21,6.0745,-36.27880728865506,1044.79
752,16.093,3.1666666666666674,-26.99333333333333,-30.16,5.831519999999999,-35.956640900347864,1044.84
753,16.093,3.208333333333334,-26.901666666666667,-30.11,5.58854,-35.62764154745585,1044.89
754,16.093,3.250000000000001,-26.81,-30.06,5.34556,-35.29123357698481,1044.94
755,16.093,3.2916666666666674,-26.718333333333334,-30.01,5.10258,-34.94676479785416,1044.99
756,16.093,3.3400000000000007,-26.73333333333333,-30.07333333333333,5.183573333333333,-35.04400230036881,1045.0666666666666
757,16.093,3.390000000000001,-26.775,-30.165,5.34556,-35.24945421674071,1045.15
758,16.093,3.4400000000000013,-26.816666666666663,-30.256666666666668,5.507546666666666,-35.45121997152616,1045.2333333333331
759,16.093,3.490000000000001,-26.85833333333333,-30.348333333333333,5.669533333333334,-35.649500512565716,1045.3166666666666
760,16.093,3.5400000000000014,-26.9,-30.44,5.83152,-35.84448057926639,1045.4
761,16.093,3.5900000000000016,-26.941666666666663,-30.531666666666663,5.993506666666667,-36.036330416818224,1045.4833333333331
762,16.093,3.6400000000000015,-26.98333333333333,-30.62333333333333,6.155493333333333,-36.2252072682431,1045.5666666666666
763,16.093,3.6900000000000017,-27.025,-30.715,6.31748,-36.41125667809762,1045.65
764,16.093,3.740000000000002,-27.066666666666663,-30.80666666666667,6.479466666666667,-36.59461363577611,1045.7333333333331
765,16.093,3.790000000000002,-27.10833333333333,-30.898333333333333,6.641453333333334,-36.77540358162424,1045.8166666666666
766,16.093,3.840000000000002,-27.15,-30.99,6.80344,-36.953743295236485,1045.9
767,16.093,3.8900000000000015,-27.191666666666663,-31.081666666666667,6.965426666666668,-37.129741682182484,1045.9833333333331
768,16.093,3.973333333333336,-27.093333333333334,-31.066666666666663,7.062618666666667,-37.083820632244574,1046.0266666666666
769,16.093,4.065000000000002,-26.96,-31.025,7.143612,-36.981966323037824,1046.06
770,16.093,4.156666666666668,-26.826666666666668,-30.98333333333333,7.224605333333334,-36.87924591258869,1046.0933333333332
771,16.093,4.248333333333335,-26.69333333333333,-30.941666666666663,7.305598666666667,-36.77567531586378,1046.1266666666668
772,16.093,4.340000000000002,-26.56,-30.9,7.386592,-36.67126996635109,1046.16
773,16.093,4.431666666666668,-26.426666666666662,-30.85833333333333,7.467585333333333,-36.566044835893216,1046.1933333333334
774,16.093,4.523333333333334,-26.293333333333333,-30.816666666666663,7.548578666666667,-36.4600144534948,1046.2266666666667
775,16.093,4.615,-26.16,-30.775,7.629572,-36.3531929231677,1046.26
776,16.093,4.706666666666667,-26.026666666666667,-30.73333333333333,7.710565333333333,-36.24559394087284,1046.2933333333333
777,16.093,4.798333333333334,-25.89333333333333,-30.691666666666663,7.791558666666666,-36.13723081061361,1046.3266666666668
778,16.093,4.890000000000001,-25.76,-30.65,7.872552,-36.02811645973175,1046.36
779,16.093,4.9816666666666665,-25.62666666666667,-30.60833333333333,7.953545333333333,-35.91826345345285,1046.3933333333334
780,16.093,5.0,-25.56,-30.56,7.969743999999999,-35.846947138824966,1046.36
781,16.093,5.0,-25.51,-30.51,7.969743999999999,-35.78537444408111,1046.3100000000002
782,16.093,5.0,-25.46,-30.46,7.969743999999999,-35.72380174933724,1046.26
783,16.093,5.0,-25.41,-30.41,7.969743999999999,-35.66222905459338,1046.21
784,16.093,5.0,-25.36,-30.36,7.969743999999999,-35.60065635984951,1046.16
785,16.093,5.0,-25.31,-30.31,7.969743999999999,-35.53908366510565,1046.11
786,16.093,5.0,-25.26,-30.26,7.969743999999999,-35.477510970361784,1046.06
787,16.093,5.0,-25.21,-30.21,7.969743999999999,-35.415938275617926,1046.01
788,16.093,5.0,-25.16,-30.16,7.969743999999999,-35.35436558087406,1045.96
789,16.093,5.0,-25.11,-30.11,7.969743999999999,-35.2927928861302,1045.91
790,16.093,5.0,-25.06,-30.06,7.969743999999999,-35.23122019138633,1045.86
791,16.093,5.0,-25.01,-30.01,7.969743999999999,-35.16964749664247,1045.81
792,16.093,5.0,-24.96,-29.96,8.034538666666666,-35.15048687007175,1045.7666666666669
793,16.093,5.0,-24.91,-29.91,8.115532,-35.14143850454161,1045.725
794,16.093,5.0,-24.86,-29.86,8.196525333333334,-35.131853632216654,1045.6833333333334
795,16.093,5.0,-24.81,-29.81,8.277518666666666,-35.12174141248986,1045.6416666666669
796,16.093,5.0,-24.76,-29.76,8.358512,-35.111110755804795,1045.6
797,16.093,5.0,-24.71,-29.71,8.439505333333333,-35.099970332800964,1045.5583333333334
798,16.093,5.0,-24.66,-29.66,8.520498666666667,-35.0883285830383,1045.5166666666669
799,16.093,5.0,-24.61,-29.61,8.601492,-35.07619372332388,1045.475
800,16.093,5.0,-24.56,-29.56,8.682485333333332,-35.06357375566267,1045.4333333333334
801,16.093,5.0,-24.51,-29.51,8.763478666666666,-35.05047647485253,1045.3916666666669
802,16.093,5.0,-24.46,-29.46,8.844472,-35.036909475742654,1045.35
803,16.093,5.0,-24.41,-29.41,8.925465333333333,-35.02288016017327,1045.3083333333334
804,16.093,5.04,-24.326666666666664,-29.366666666666664,8.876869333333334,-34.89058541959468,1045.2733333333333
805,16.093,5.09,-24.235,-29.325,8.795876,-34.728610876885185,1045.24
806,16.093,5.14,-24.14333333333333,-29.28333333333333,8.714882666666666,-34.56643007119766,1045.2066666666667
807,16.093,5.19,-24.051666666666662,-29.241666666666664,8.633889333333332,-34.40403855216713,1045.1733333333334
808,16.093,5.239999999999999,-23.96,-29.2,8.552895999999999,-34.241431743196905,1045.14
809,16.093,5.289999999999999,-23.86833333333333,-29.15833333333333,8.471902666666667,-34.07860493672378,1045.1066666666668
810,16.093,5.339999999999999,-23.776666666666667,-29.116666666666664,8.390909333333333,-33.91555328926019,1045.0733333333333
811,16.093,5.389999999999999,-23.685,-29.075,8.309916,-33.75227181619981,1045.04
812,16.093,5.439999999999999,-23.593333333333334,-29.03333333333333,8.228922666666666,-33.588755386373684,1045.006666666667
813,16.093,5.489999999999998,-23.50166666666667,-28.991666666666664,8.147929333333332,-33.42499871634178,1044.9733333333334
814,16.093,5.539999999999998,-23.41,-28.95,8.066936,-33.26099636440465,1044.94
815,16.093,5.589999999999998,-23.31833333333333,-28.90833333333333,7.985942666666666,-33.09674272431848,1044.9066666666668
816,16.093,5.559999999999998,-23.266666666666666,-28.826666666666664,7.969743999999999,-33.02281287323976,1044.9133333333334
817,16.093,5.509999999999998,-23.225,-28.735,7.969743999999999,-32.97150229428654,1044.93
818,16.093,5.459999999999998,-23.183333333333334,-28.64333333333333,7.969743999999999,-32.92019171533332,1044.9466666666667
819,16.093,5.409999999999998,-23.141666666666666,-28.551666666666662,7.969743999999999,-32.8688811363801,1044.9633333333334
820,16.093,5.359999999999999,-23.1,-28.46,7.969743999999999,-32.817570557426876,1044.98
821,16.093,5.309999999999999,-23.058333333333334,-28.36833333333333,7.969743999999999,-32.766259978473656,1044.996666666667
822,16.093,5.259999999999999,-23.016666666666666,-28.276666666666667,7.969743999999999,-32.714949399520435,1045.013333333333
823,16.093,5.209999999999999,-22.975,-28.185,7.969743999999999,-32.66363882056722,1045.03
824,16.093,5.159999999999999,-22.933333333333334,-28.093333333333334,7.969743999999999,-32.612328241613994,1045.0466666666666
825,16.093,5.109999999999999,-22.891666666666666,-28.00166666666667,7.969743999999999,-32.56101766266078,1045.0633333333333
826,16.093,5.06,-22.85,-27.91,7.969743999999999,-32.50970708370757,1045.08
827,16.093,5.01,-22.808333333333334,-27.81833333333333,7.969743999999999,-32.45839650475434,1045.0966666666666
828,16.093,5.0,-22.833333333333336,-27.833333333333336,8.034538666666666,-32.52991327968772,1045.0933333333332
829,16.093,5.0,-22.875,-27.875,8.115532,-32.631824486066456,1045.085
830,16.093,5.0,-22.916666666666668,-27.916666666666668,8.196525333333334,-32.73339493651896,1045.0766666666666
831,16.093,5.0,-22.958333333333336,-27.958333333333336,8.277518666666666,-32.83463126385,1045.0683333333332
832,16.093,5.0,-23.0,-28.0,8.358512,-32.93553991350789,1045.06
833,16.093,5.0,-23.041666666666668,-28.041666666666668,8.439505333333333,-33.036127150595235,1045.0516666666667
834,16.093,5.0,-23.083333333333336,-28.083333333333336,8.520498666666667,-33.13639906655342,1045.0433333333333
835,16.093,5.0,-23.125,-28.125,8.601492,-33.23636158553914,1045.035
836,16.093,5.0,-23.166666666666668,-28.166666666666668,8.682485333333332,-33.33602047050967,1045.0266666666666
837,16.093,5.0,-23.208333333333336,-28.208333333333336,8.763478666666666,-33.435381329032936,1045.0183333333334
838,16.093,5.0,-23.25,-28.25,8.844472,-33.53444961883713,1045.01
839,16.093,5.0,-23.291666666666668,-28.291666666666668,8.925465333333333,-33.63323065311389,1045.0016666666666
840,16.093,4.966666666666667,-23.37333333333333,-28.34,8.876869333333334,-33.706483174857716,1045.006666666667
841,16.093,4.925,-23.465,-28.39,8.795876,-33.772920860259546,1045.015
842,16.093,4.883333333333334,-23.55666666666667,-28.44,8.714882666666666,-33.83882296934229,1045.0233333333333
843,16.093,4.841666666666667,-23.648333333333333,-28.49,8.633889333333332,-33.904181216730514,1045.0316666666668
844,16.093,4.8,-23.74,-28.54,8.552895999999999,-33.96898710262626,1045.04
845,16.093,4.758333333333334,-23.831666666666667,-28.59,8.471902666666667,-34.033231905106206,1045.0483333333332
846,16.093,4.716666666666667,-23.92333333333333,-28.64,8.390909333333333,-34.096906672064506,1045.0566666666666
847,16.093,4.675,-24.015,-28.69,8.309916,-34.16000221278114,1045.065
848,16.093,4.633333333333334,-24.106666666666666,-28.74,8.228922666666666,-34.22250908909466,1045.0733333333333
849,16.093,4.591666666666667,-24.19833333333333,-28.79,8.147929333333332,-34.284417606156644,1045.0816666666665
850,16.093,4.55,-24.29,-28.84,8.066936,-34.34571780274353,1045.09
851,16.093,4.508333333333334,-24.381666666666664,-28.89,7.985942666666666,-34.4063994410999,1045.0983333333334
852,16.093,4.46,-24.44,-28.9,8.034538666666666,-34.509719659883814,1045.12
853,16.093,4.41,-24.49,-28.9,8.115532,-34.62348376854183,1045.145
854,16.093,4.359999999999999,-24.54,-28.9,8.196525333333334,-34.736910176321324,1045.1699999999998
855,16.093,4.31,-24.59,-28.9,8.277518666666666,-34.85000555324552,1045.195
856,16.093,4.26,-24.64,-28.9,8.358512,-34.96277638019364,1045.22
857,16.093,4.209999999999999,-24.69,-28.9,8.439505333333333,-35.0752289559913,1045.245
858,16.093,4.159999999999999,-24.74,-28.9,8.520498666666667,-35.18736940417072,1045.27
859,16.093,4.109999999999999,-24.79,-28.9,8.601492,-35.29920367941901,1045.295
860,16.093,4.059999999999999,-24.84,-28.9,8.682485333333332,-35.410737573731694,1045.32
861,16.093,4.009999999999999,-24.89,-28.9,8.763478666666666,-35.52197672228769,1045.345
862,16.093,3.959999999999999,-24.94,-28.9,8.844472,-35.63292660906055,1045.37
863,16.093,3.9099999999999984,-24.99,-28.9,8.925465333333333,-35.74359257218022,1045.395
864,16.093,3.899999999999999,-25.0,-28.9,8.941664,-35.7656921537587,1045.4
865,16.093,3.899999999999999,-25.0,-28.9,8.941664,-35.7656921537587,1045.4
866,16.093,3.899999999999999,-25.0,-28.9,8.941664,-35.7656921537587,1045.4
867,16.093,3.899999999999999,-25.0,-28.9,8.941664,-35.7656921537587,1045.4
868,16.093,3.899999999999999,-25.0,-28.9,8.941664,-35.7656921537587,1045.4
869,16.093,3.899999999999999,-25.0,-28.9,8.941664,-35.7656921537587,1045.4
870,16.093,3.899999999999999,-25.0,-28.9,8.941664,-35.7656921537587,1045.4
871,16.093,3.899999999999999,-25.0,-28.9,8.941664,-35.7656921537587,1045.4
872,16.093,3.899999999999999,-25.0,-28.9,8.941664,-35.7656921537587,1045.4
873,16.093,3.899999999999999,-25.0,-28.9,8.941664,-35.7656921537587,1045.4
874,16.093,3.899999999999999,-25.0,-28.9,8.941664,-35.7656921537587,1045.4
875,16.093,3.899999999999999,-25.0,-28.9,8.941664,-35.7656921537587,1045.4
876,16.093,3.899999999999999,-25.0,-28.9,8.941664,-35.7656921537587,1045.4
877,16.093,3.899999999999999,-25.0,-28.9,8.941664,-35.7656921537587,1045.4
878,16.093,3.899999999999999,-25.0,-28.9,8.941664,-35.7656921537587,1045.4
879,16.093,3.899999999999999,-25.0,-28.9,8.941664,-35.7656921537587,1045.4
880,16.093,3.899999999999999,-25.0,-28.9,8.941664,-35.7656921537587,1045.4
881,16.093,3.899999999999999,-25.0,-28.9,8.941664,-35.7656921537587,1045.4
882,16.093,3.899999999999999,-25.0,-28.9,8.941664,-35.7656921537587,1045.4
883,16.093,3.899999999999999,-25.0,-28.9,8.941664,-35.7656921537587,1045.4
884,16.093,3.899999999999999,-25.0,-28.9,8.941664,-35.7656921537587,1045.4
885,16.093,3.899999999999999,-25.0,-28.9,8.941664,-35.7656921537587,1045.4
886,16.093,3.899999999999999,-25.0,-28.9,8.941664,-35.7656921537587,1045.4
887,16.093,3.899999999999999,-25.0,-28.9,8.941664,-35.7656921537587,1045.4
888,16.093,3.899999999999999,-25.0,-28.9,8.941664,-35.7656921537587,1045.4
889,16.093,3.899999999999999,-25.0,-28.9,8.941664,-35.7656921537587,1045.4
890,16.093,3.899999999999999,-25.0,-28.9,8.941664,-35.7656921537587,1045.4
891,16.093,3.899999999999999,-25.0,-28.9,8.941664,-35.7656921537587,1045.4
892,16.093,3.899999999999999,-25.0,-28.9,8.941664,-35.7656921537587,1045.4
893,16.093,3.899999999999999,-25.0,-28.9,8.941664,-35.7656921537587,1045.4
894,16.093,3.899999999999999,-25.0,-28.9,8.941664,-35.7656921537587,1045.4
895,16.093,3.899999999999999,-25.0,-28.9,8.941664,-35.7656921537587,1045.4
896,16.093,3.899999999999999,-25.0,-28.9,8.941664,-35.7656921537587,1045.4
897,16.093,3.899999999999999,-25.0,-28.9,8.941664,-35.7656921537587,1045.4
898,16.093,3.899999999999999,-25.0,-28.9,8.941664,-35.7656921537587,1045.4
899,16.093,3.899999999999999,-25.0,-28.9,8.941664,-35.7656921537587,1045.4
900,16.093,3.899999999999999,-25.0,-28.9,8.941664,-35.7656921537587,1045.4
901,16.093,3.899999999999999,-25.0,-28.9,8.941664,-35.7656921537587,1045.4
902,16.093,3.899999999999999,-25.0,-28.9,8.941664,-35.7656921537587,1045.4
903,16.093,3.899999999999999,-25.0,-28.9,8.941664,-35.7656921537587,1045.4
904,16.093,3.899999999999999,-25.0,-28.9,8.941664,-35.7656921537587,1045.4
905,16.093,3.899999999999999,-25.0,-28.9,8.941664,-35.7656921537587,1045.4
906,16.093,3.899999999999999,-25.0,-28.9,8.941664,-35.7656921537587,1045.4
907,16.093,3.899999999999999,-25.0,-28.9,8.941664,-35.7656921537587,1045.4
908,16.093,3.899999999999999,-25.0,-28.9,8.941664,-35.7656921537587,1045.4
909,16.093,3.899999999999999,-25.0,-28.9,8.941664,-35.7656921537587,1045.4
910,16.093,3.899999999999999,-25.0,-28.9,8.941664,-35.7656921537587,1045.4
911,16.093,3.899999999999999,-25.0,-28.9,8.941664,-35.7656921537587,1045.4
912,16.093,3.899999999999999,-25.0,-28.9,8.941664,-35.7656921537587,1045.4
913,16.093,3.899999999999999,-25.0,-28.9,8.941664,-35.7656921537587,1045.4
914,16.093,3.899999999999999,-25.0,-28.9,8.941664,-35.7656921537587,1045.4
915,16.093,3.899999999999999,-25.0,-28.9,8.941664,-35.7656921537587,1045.4
916,16.093,3.899999999999999,-25.0,-28.9,8.941664,-35.7656921537587,1045.4
917,16.093,3.899999999999999,-25.0,-28.9,8.941664,-35.7656921537587,1045.4
918,16.093,3.899999999999999,-25.0,-28.9,8.941664,-35.7656921537587,1045.4
919,16.093,3.899999999999999,-25.0,-28.9,8.941664,-35.7656921537587,1045.4
920,16.093,3.899999999999999,-25.0,-28.9,8.941664,-35.7656921537587,1045.4
921,16.093,3.899999999999999,-25.0,-28.9,8.941664,-35.7656921537587,1045.4
922,16.093,3.899999999999999,-25.0,-28.9,8.941664,-35.7656921537587,1045.4
923,16.093,3.899999999999999,-25.0,-28.9,8.941664,-35.7656921537587,1045.4
924,16.093,3.899999999999999,-25.0,-28.9,8.941664,-35.7656921537587,1045.4
925,16.093,3.899999999999999,-25.0,-28.9,8.941664,-35.7656921537587,1045.4
926,16.093,3.899999999999999,-25.0,-28.9,8.941664,-35.7656921537587,1045.4
927,16.093,3.899999999999999,-25.0,-28.9,8.941664,-35.7656921537587,1045.4
928,16.093,3.899999999999999,-25.0,-28.9,8.941664,-35.7656921537587,1045.4
929,16.093,3.899999999999999,-25.0,-28.9,8.941664,-35.7656921537587,1045.4
930,16.093,3.899999999999999,-25.0,-28.9,8.941664,-35.7656921537587,1045.4
931,16.093,3.899999999999999,-25.0,-28.9,8.941664,-35.7656921537587,1045.4
932,16.093,3.899999999999999,-25.0,-28.9,8.941664,-35.7656921537587,1045.4
933,16.093,3.899999999999999,-25.0,-28.9,8.941664,-35.7656921537587,1045.4
934,16.093,3.899999999999999,-25.0,-28.9,8.941664,-35.7656921537587,1045.4
935,16.093,3.899999999999999,-25.0,-28.9,8.941664,-35.7656921537587,1045.4
936,16.093,3.899999999999999,-25.0,-28.9,8.941664,-35.7656921537587,1045.4
937,16.093,3.899999999999999,-25.0,-28.9,8.941664,-35.7656921537587,1045.4
938,16.093,3.899999999999999,-25.0,-28.9,8.941664,-35.7656921537587,1045.4
939,16.093,3.899999999999999,-25.0,-28.9,8.941664,-35.7656921537587,1045.4
940,16.093,3.899999999999999,-25.0,-28.9,8.941664,-35.7656921537587,1045.4
941,16.093,3.899999999999999,-25.0,-28.9,8.941664,-35.7656921537587,1045.4
942,16.093,3.899999999999999,-25.0,-28.9,8.941664,-35.7656921537587,1045.4
943,16.093,3.899999999999999,-25.0,-28.9,8.941664,-35.7656921537587,1045.4
944,16.093,3.899999999999999,-25.0,-28.9,8.941664,-35.7656921537587,1045.4
945,16.093,3.899999999999999,-25.0,-28.9,8.941664,-35.7656921537587,1045.4
946,16.093,3.899999999999999,-25.0,-28.9,8.941664,-35.7656921537587,1045.4
947,16.093,3.899999999999999,-25.0,-28.9,8.941664,-35.7656921537587,1045.4
948,16.093,3.899999999999999,-25.0,-28.9,8.941664,-35.7656921537587,1045.4
949,16.093,3.899999999999999,-25.0,-28.9,8.941664,-35.7656921537587,1045.4
950,16.093,3.899999999999999,-25.0,-28.9,8.941664,-35.7656921537587,1045.4
951,16.093,3.899999999999999,-25.0,-28.9,8.941664,-35.7656921537587,1045.4
952,16.093,3.899999999999999,-25.0,-28.9,8.941664,-35.7656921537587,1045.4
953,16.093,3.899999999999999,-25.0,-28.9,8.941664,-35.7656921537587,1045.4
954,16.093,3.899999999999999,-25.0,-28.9,8.941664,-35.7656921537587,1045.4
955,16.093,3.899999999999999,-25.0,-28.9,8.941664,-35.7656921537587,1045.4
956,16.093,3.899999999999999,-25.0,-28.9,8.941664,-35.7656921537587,1045.4
957,16.093,3.899999999999999,-25.0,-28.9,8.941664,-35.7656921537587,1045.4
958,16.093,3.899999999999999,-25.0,-28.9,8.941664,-35.7656921537587,1045.4
959,16.093,3.899999999999999,-25.0,-28.9,8.941664,-35.7656921537587,1045.4
960,16.093,3.899999999999999,-25.0,-28.9,8.941664,-35.7656921537587,1045.4
961,16.093,3.899999999999999,-25.0,-28.9,8.941664,-35.7656921537587,1045.4
962,16.093,3.899999999999999,-25.0,-28.9,8.941664,-35.7656921537587,1045.4
963,16.093,3.899999999999999,-25.0,-28.9,8.941664,-35.7656921537587,1045.4
964,16.093,3.899999999999999,-25.0,-28.9,8.941664,-35.7656921537587,1045.4
965,16.093,3.899999999999999,-25.0,-28.9,8.941664,-35.7656921537587,1045.4
966,16.093,3.899999999999999,-25.0,-28.9,8.941664,-35.7656921537587,1045.4
967,16.093,3.899999999999999,-25.0,-28.9,8.941664,-35.7656921537587,1045.4
968,16.093,3.899999999999999,-25.0,-28.9,8.941664,-35.7656921537587,1045.4
969,16.093,3.899999999999999,-25.0,-28.9,8.941664,-35.7656921537587,1045.4
970,16.093,3.899999999999999,-25.0,-28.9,8.941664,-35.7656921537587,1045.4
971,16.093,3.899999999999999,-25.0,-28.9,8.941664,-35.7656921537587,1045.4
972,16.093,3.899999999999999,-25.0,-28.9,8.941664,-35.7656921537587,1045.4
973,16.093,3.899999999999999,-25.0,-28.9,8.941664,-35.7656921537587,1045.4
974,16.093,3.899999999999999,-25.0,-28.9,8.941664,-35.7656921537587,1045.4
975,16.093,3.899999999999999,-25.0,-28.9,8.941664,-35.7656921537587,1045.4
976,16.093,3.899999999999999,-25.0,-28.9,8.941664,-35.7656921537587,1045.4
977,16.093,3.899999999999999,-25.0,-28.9,8.941664,-35.7656921537587,1045.4
978,16.093,3.899999999999999,-25.0,-28.9,8.941664,-35.7656921537587,1045.4
979,16.093,3.899999999999999,-25.0,-28.9,8.941664,-35.7656921537587,1045.4
980,16.093,3.899999999999999,-25.0,-28.9,8.941664,-35.7656921537587,1045.4
981,16.093,3.899999999999999,-25.0,-28.9,8.941664,-35.7656921537587,1045.4
982,16.093,3.899999999999999,-25.0,-28.9,8.941664,-35.7656921537587,1045.4
983,16.093,3.899999999999999,-25.0,-28.9,8.941664,-35.7656921537587,1045.4
984,16.093,3.899999999999999,-25.0,-28.9,8.941664,-35.7656921537587,1045.4
985,16.093,3.899999999999999,-25.0,-28.9,8.941664,-35.7656921537587,1045.4
986,16.093,3.899999999999999,-25.0,-28.9,8.941664,-35.7656921537587,1045.4
987,16.093,3.899999999999999,-25.0,-28.9,8.941664,-35.7656921537587,1045.4
988,16.093,3.899999999999999,-25.0,-28.9,8.941664,-35.7656921537587,1045.4
989,16.093,3.899999999999999,-25.0,-28.9,8.941664,-35.7656921537587,1045.4
990,16.093,3.899999999999999,-25.0,-28.9,8.941664,-35.7656921537587,1045.4
991,16.093,3.899999999999999,-25.0,-28.9,8.941664,-35.7656921537587,1045.4
992,16.093,3.899999999999999,-25.0,-28.9,8.941664,-35.7656921537587,1045.4
993,16.093,3.899999999999999,-25.0,-28.9,8.941664,-35.7656921537587,1045.4
994,16.093,3.899999999999999,-25.0,-28.9,8.941664,-35.7656921537587,1045.4
995,16.093,3.899999999999999,-25.0,-28.9,8.941664,-35.7656921537587,1045.4
996,16.093,3.899999999999999,-25.0,-28.9,8.941664,-35.7656921537587,1045.4
997,16.093,3.899999999999999,-25.0,-28.9,8.941664,-35.7656921537587,1045.4
998,16.093,3.899999999999999,-25.0,-28.9,8.941664,-35.7656921537587,1045.4
999,16.093,3.899999999999999,-25.0,-28.9,8.941664,-35.7656921537587,1045.4
1000,16.093,3.899999999999999,-25.0,-28.9,8.941664,-35.7656921537587,1045.4
1001,16.093,3.899999999999999,-25.0,-28.9,8.941664,-35.7656921537587,1045.4
1002,16.093,3.899999999999999,-25.0,-28.9,8.941664,-35.7656921537587,1045.4
1003,16.093,3.899999999999999,-25.0,-28.9,8.941664,-35.7656921537587,1045.4
1004,16.093,3.899999999999999,-25.0,-28.9,8.941664,-35.7656921537587,1045.4
1005,16.093,3.899999999999999,-25.0,-28.9,8.941664,-35.7656921537587,1045.4
1006,16.093,3.899999999999999,-25.0,-28.9,8.941664,-35.7656921537587,1045.4
1007,16.093,3.899999999999999,-25.0,-28.9,8.941664,-35.7656921537587,1045.4
1008,16.093,3.899999999999999,-25.0,-28.9,8.941664,-35.7656921537587,1045.4
1009,16.093,3.899999999999999,-25.0,-28.9,8.941664,-35.7656921537587,1045.4
1010,16.093,3.899999999999999,-25.0,-28.9,8.941664,-35.7656921537587,1045.4
1011,16.093,3.899999999999999,-25.0,-28.9,8.941664,-35.7656921537587,1045.4
1012,16.093,3.899999999999999,-25.0,-28.9,8.941664,-35.7656921537587,1045.4
1013,16.093,3.899999999999999,-25.0,-28.9,8.941664,-35.7656921537587,1045.4
1014,16.093,3.899999999999999,-25.0,-28.9,8.941664,-35.7656921537587,1045.4
1015,16.093,3.899999999999999,-25.0,-28.9,8.941664,-35.7656921537587,1045.4
1016,16.093,3.899999999999999,-25.0,-28.9,8.941664,-35.7656921537587,1045.4
1017,16.093,3.899999999999999,-25.0,-28.9,8.941664,-35.7656921537587,1045.4
1018,16.093,3.899999999999999,-25.0,-28.9,8.941664,-35.7656921537587,1045.4
1019,16.093,3.899999999999999,-25.0,-28.9,8.941664,-35.7656921537587,1045.4
1020,16.093,3.899999999999999,-25.0,-28.9,8.941664,-35.7656921537587,1045.4
1021,16.093,3.899999999999999,-25.0,-28.9,8.941664,-35.7656921537587,1045.4
1022,16.093,3.899999999999999,-25.0,-28.9,8.941664,-35.7656921537587,1045.4
1023,16.093,3.899999999999999,-25.0,-28.9,8.941664,-35.7656921537587,1045.4
1024,16.093,3.899999999999999,-25.0,-28.9,8.941664,-35.7656921537587,1045.4
1025,16.093,3.899999999999999,-25.0,-28.9,8.941664,-35.7656921537587,1045.4
1026,16.093,3.899999999999999,-25.0,-28.9,8.941664,-35.7656921537587,1045.4
1027,16.093,3.899999999999999,-25.0,-28.9,8.941664,-35.7656921537587,1045.4
1028,16.093,3.899999999999999,-25.0,-28.9,8.941664,-35.7656921537587,1045.4
1029,16.093,3.899999999999999,-25.0,-28.9,8.941664,-35.7656921537587,1045.4
1030,16.093,3.899999999999999,-25.0,-28.9,8.941664,-35.7656921537587,1045.4
1031,16.093,3.899999999999999,-25.0,-28.9,8.941664,-35.7656921537587,1045.4
1032,16.093,3.899999999999999,-25.0,-28.9,8.941664,-35.7656921537587,1045.4
1033,16.093,3.899999999999999,-25.0,-28.9,8.941664,-35.7656921537587,1045.4
1034,16.093,3.899999999999999,-25.0,-28.9,8.941664,-35.7656921537587,1045.4
1035,16.093,3.899999999999999,-25.0,-28.9,8.941664,-35.7656921537587,1045.4
1036,16.093,3.899999999999999,-25.0,-28.9,8.941664,-35.7656921537587,1045.4
1037,16.093,3.899999999999999,-25.0,-28.9,8.941664,-35.7656921537587,1045.4
1038,16.093,3.899999999999999,-25.0,-28.9,8.941664,-35.7656921537587,1045.4
1039,16.093,3.899999999999999,-25.0,-28.9,8.941664,-35.7656921537587,1045.4
1040,16.093,3.899999999999999,-25.0,-28.9,8.941664,-35.7656921537587,1045.4
1041,16.093,3.899999999999999,-25.0,-28.9,8.941664,-35.7656921537587,1045.4
1042,16.093,3.899999999999999,-25.0,-28.9,8.941664,-35.7656921537587,1045.4
1043,16.093,3.899999999999999,-25.0,-28.9,8.941664,-35.7656921537587,1045.4
1044,16.093,3.899999999999999,-25.0,-28.9,8.941664,-35.7656921537587,1045.4
1045,16.093,3.899999999999999,-25.0,-28.9,8.941664,-35.7656921537587,1045.4
1046,16.093,3.899999999999999,-25.0,-28.9,8.941664,-35.7656921537587,1045.4
1047,16.093,3.899999999999999,-25.0,-28.9,8.941664,-35.7656921537587,1045.4
1048,16.093,3.899999999999999,-25.0,-28.9,8.941664,-35.7656921537587,1045.4
1049,16.093,3.899999999999999,-25.0,-28.9,8.941664,-35.7656921537587,1045.4
1050,16.093,3.899999999999999,-25.0,-28.9,8.941664,-35.7656921537587,1045.4
1051,16.093,3.899999999999999,-25.0,-28.9,8.941664,-35.7656921537587,1045.4
1052,16.093,3.899999999999999,-25.0,-28.9,8.941664,-35.7656921537587,1045.4
1053,16.093,3.899999999999999,-25.0,-28.9,8.941664,-35.7656921537587,1045.4
1054,16.093,3.899999999999999,-25.0,-28.9,8.941664,-35.7656921537587,1045.4
1055,16.093,3.899999999999999,-25.0,-28.9,8.941664,-35.7656921537587,1045.4
1056,16.093,3.899999999999999,-25.0,-28.9,8.941664,-35.7656921537587,1045.4
1057,16.093,3.899999999999999,-25.0,-28.9,8.941664,-35.7656921537587,1045.4
1058,16.093,3.899999999999999,-25.0,-28.9,8.941664,-35.7656921537587,1045.4
1059,16.093,3.899999999999999,-25.0,-28.9,8.941664,-35.7656921537587,1045.4
1060,16.093,3.899999999999999,-25.0,-28.9,8.941664,-35.7656921537587,1045.4
1061,16.093,3.899999999999999,-25.0,-28.9,8.941664,-35.7656921537587,1045.4
1062,16.093,3.899999999999999,-25.0,-28.9,8.941664,-35.7656921537587,1045.4
1063,16.093,3.899999999999999,-25.0,-28.9,8.941664,-35.7656921537587,1045.4
1064,16.093,3.899999999999999,-25.0,-28.9,8.941664,-35.7656921537587,1045.4
1065,16.093,3.899999999999999,-25.0,-28.9,8.941664,-35.7656921537587,1045.4
1066,16.093,3.899999999999999,-25.0,-28.9,8.941664,-35.7656921537587,1045.4
1067,16.093,3.899999999999999,-25.0,-28.9,8.941664,-35.7656921537587,1045.4
1068,16.093,3.899999999999999,-25.0,-28.9,8.941664,-35.7656921537587,1045.4
1069,16.093,3.899999999999999,-25.0,-28.9,8.941664,-35.7656921537587,1045.4
1070,16.093,3.899999999999999,-25.0,-28.9,8.941664,-35.7656921537587,1045.4
1071,16.093,3.899999999999999,-25.0,-28.9,8.941664,-35.7656921537587,1045.4
1072,16.093,3.899999999999999,-25.0,-28.9,8.941664,-35.7656921537587,1045.4
1073,16.093,3.899999999999999,-25.0,-28.9,8.941664,-35.7656921537587,1045.4
1074,16.093,3.899999999999999,-25.0,-28.9,8.941664,-35.7656921537587,1045.4
1075,16.093,3.899999999999999,-25.0,-28.9,8.941664,-35.7656921537587,1045.4
1076,16.093,3.899999999999999,-25.0,-28.9,8.941664,-35.7656921537587,1045.4
1077,16.093,3.899999999999999,-25.0,-28.9,8.941664,-35.7656921537587,1045.4
1078,16.093,3.899999999999999,-25.0,-28.9,8.941664,-35.7656921537587,1045.4
1079,16.093,3.899999999999999,-25.0,-28.9,8.941664,-35.7656921537587,1045.4
1080,16.093,3.899999999999999,-25.0,-28.9,8.941664,-35.7656921537587,1045.4
1081,16.093,3.899999999999999,-25.0,-28.9,8.941664,-35.7656921537587,1045.4
1082,16.093,3.899999999999999,-25.0,-28.9,8.941664,-35.7656921537587,1045.4
1083,16.093,3.899999999999999,-25.0,-28.9,8.941664,-35.7656921537587,1045.4
1084,16.093,3.899999999999999,-25.0,-28.9,8.941664,-35.7656921537587,1045.4
1085,16.093,3.899999999999999,-25.0,-28.9,8.941664,-35.7656921537587,1045.4
1086,16.093,3.899999999999999,-25.0,-28.9,8.941664,-35.7656921537587,1045.4
1087,16.093,3.899999999999999,-25.0,-28.9,8.941664,-35.7656921537587,1045.4
1088,16.093,3.899999999999999,-25.0,-28.9,8.941664,-35.7656921537587,1045.4
1089,16.093,3.899999999999999,-25.0,-28.9,8.941664,-35.7656921537587,1045.4
1090,16.093,3.899999999999999,-25.0,-28.9,8.941664,-35.7656921537587,1045.4
1091,16.093,3.899999999999999,-25.0,-28.9,8.941664,-35.7656921537587,1045.4
1092,16.093,3.899999999999999,-25.0,-28.9,8.941664,-35.7656921537587,1045.4
1093,16.093,3.899999999999999,-25.0,-28.9,8.941664,-35.7656921537587,1045.4
1094,16.093,3.899999999999999,-25.0,-28.9,8.941664,-35.7656921537587,1045.4
1095,16.093,3.899999999999999,-25.0,-28.9,8.941664,-35.7656921537587,1045.4
1096,16.093,3.899999999999999,-25.0,-28.9,8.941664,-35.7656921537587,1045.4
1097,16.093,3.899999999999999,-25.0,-28.9,8.941664,-35.7656921537587,1045.4
1098,16.093,3.899999999999999,-25.0,-28.9,8.941664,-35.7656921537587,1045.4
1099,16.093,3.899999999999999,-25.0,-28.9,8.941664,-35.7656921537587,1045.4
1100,16.093,3.899999999999999,-25.0,-28.9,8.941664,-35.7656921537587,1045.4
1101,16.093,3.899999999999999,-25.0,-28.9,8.941664,-35.7656921537587,1045.4
1102,16.093,3.899999999999999,-25.0,-28.9,8.941664,-35.7656921537587,1045.4
1103,16.093,3.899999999999999,-25.0,-28.9,8.941664,-35.7656921537587,1045.4
1104,16.093,3.899999999999999,-25.0,-28.9,8.941664,-35.7656921537587,1045.4
1105,16.093,3.899999999999999,-25.0,-28.9,8.941664,-35.7656921537587,1045.4
1106,16.093,3.899999999999999,-25.0,-28.9,8.941664,-35.7656921537587,1045.4
1107,16.093,3.899999999999999,-25.0,-28.9,8.941664,-35.7656921537587,1045.4
1108,16.093,3.899999999999999,-25.0,-28.9,8.941664,-35.7656921537587,1045.4
1109,16.093,3.899999999999999,-25.0,-28.9,8.941664,-35.7656921537587,1045.4
1110,16.093,3.899999999999999,-25.0,-28.9,8.941664,-35.7656921537587,1045.4
1111,16.093,3.899999999999999,-25.0,-28.9,8.941664,-35.7656921537587,1045.4
1112,16.093,3.899999999999999,-25.0,-28.9,8.941664,-35.7656921537587,1045.4
1113,16.093,3.899999999999999,-25.0,-28.9,8.941664,-35.7656921537587,1045.4
1114,16.093,3.899999999999999,-25.0,-28.9,8.941664,-35.7656921537587,1045.4
1115,16.093,3.899999999999999,-25.0,-28.9,8.941664,-35.7656921537587,1045.4
1116,16.093,3.899999999999999,-25.0,-28.9,8.941664,-35.7656921537587,1045.4
1117,16.093,3.899999999999999,-25.0,-28.9,8.941664,-35.7656921537587,1045.4
1118,16.093,3.899999999999999,-25.0,-28.9,8.941664,-35.7656921537587,1045.4
1119,16.093,3.899999999999999,-25.0,-28.9,8.941664,-35.7656921537587,1045.4
1120,16.093,3.899999999999999,-25.0,-28.9,8.941664,-35.7656921537587,1045.4
1121,16.093,3.899999999999999,-25.0,-28.9,8.941664,-35.7656921537587,1045.4
1122,16.093,3.899999999999999,-25.0,-28.9,8.941664,-35.7656921537587,1045.4
1123,16.093,3.899999999999999,-25.0,-28.9,8.941664,-35.7656921537587,1045.4
1124,16.093,3.899999999999999,-25.0,-28.9,8.941664,-35.7656921537587,1045.4
1125,16.093,3.899999999999999,-25.0,-28.9,8.941664,-35.7656921537587,1045.4
1126,16.093,3.899999999999999,-25.0,-28.9,8.941664,-35.7656921537587,1045.4
1127,16.093,3.899999999999999,-25.0,-28.9,8.941664,-35.7656921537587,1045.4
1128,16.093,3.899999999999999,-25.0,-28.9,8.941664,-35.7656921537587,1045.4
1129,16.093,3.899999999999999,-25.0,-28.9,8.941664,-35.7656921537587,1045.4
1130,16.093,3.899999999999999,-25.0,-28.9,8.941664,-35.7656921537587,1045.4
1131,16.093,3.899999999999999,-25.0,-28.9,8.941664,-35.7656921537587,1045.4
1132,16.093,3.899999999999999,-25.0,-28.9,8.941664,-35.7656921537587,1045.4
1133,16.093,3.899999999999999,-25.0,-28.9,8.941664,-35.7656921537587,1045.4
1134,16.093,3.899999999999999,-25.0,-28.9,8.941664,-35.7656921537587,1045.4
1135,16.093,3.899999999999999,-25.0,-28.9,8.941664,-35.7656921537587,1045.4
1136,16.093,3.899999999999999,-25.0,-28.9,8.941664,-35.7656921537587,1045.4
1137,16.093,3.899999999999999,-25.0,-28.9,8.941664,-35.7656921537587,1045.4
1138,16.093,3.899999999999999,-25.0,-28.9,8.941664,-35.7656921537587,1045.4
1139,16.093,3.899999999999999,-25.0,-28.9,8.941664,-35.7656921537587,1045.4
1140,16.093,3.899999999999999,-25.0,-28.9,8.941664,-35.7656921537587,1045.4
1141,16.093,3.899999999999999,-25.0,-28.9,8.941664,-35.7656921537587,1045.4
1142,16.093,3.899999999999999,-25.0,-28.9,8.941664,-35.7656921537587,1045.4
1143,16.093,3.899999999999999,-25.0,-28.9,8.941664,-35.7656921537587,1045.4
1144,16.093,3.899999999999999,-25.0,-28.9,8.941664,-35.7656921537587,1045.4
1145,16.093,3.899999999999999,-25.0,-28.9,8.941664,-35.7656921537587,1045.4
1146,16.093,3.899999999999999,-25.0,-28.9,8.941664,-35.7656921537587,1045.4
1147,16.093,3.899999999999999,-25.0,-28.9,8.941664,-35.7656921537587,1045.4
1148,16.093,3.899999999999999,-25.0,-28.9,8.941664,-35.7656921537587,1045.4
1149,16.093,3.899999999999999,-25.0,-28.9,8.941664,-35.7656921537587,1045.4
1150,16.093,3.899999999999999,-25.0,-28.9,8.941664,-35.7656921537587,1045.4
1151,16.093,3.899999999999999,-25.0,-28.9,8.941664,-35.7656921537587,1045.4
1152,16.093,3.899999999999999,-25.0,-28.9,8.941664,-35.7656921537587,1045.4
1153,16.093,3.899999999999999,-25.0,-28.9,8.941664,-35.7656921537587,1045.4
1154,16.093,3.899999999999999,-25.0,-28.9,8.941664,-35.7656921537587,1045.4
1155,16.093,3.899999999999999,-25.0,-28.9,8.941664,-35.7656921537587,1045.4
1156,16.093,3.899999999999999,-25.0,-28.9,8.941664,-35.7656921537587,1045.4
1157,16.093,3.899999999999999,-25.0,-28.9,8.941664,-35.7656921537587,1045.4
1158,16.093,3.899999999999999,-25.0,-28.9,8.941664,-35.7656921537587,1045.4
1159,16.093,3.899999999999999,-25.0,-28.9,8.941664,-35.7656921537587,1045.4
1160,16.093,3.899999999999999,-25.0,-28.9,8.941664,-35.7656921537587,1045.4
1161,16.093,3.899999999999999,-25.0,-28.9,8.941664,-35.7656921537587,1045.4
1162,16.093,3.899999999999999,-25.0,-28.9,8.941664,-35.7656921537587,1045.4
1163,16.093,3.899999999999999,-25.0,-28.9,8.941664,-35.7656921537587,1045.4
1164,16.093,3.899999999999999,-25.0,-28.9,8.941664,-35.7656921537587,1045.4
1165,16.093,3.899999999999999,-25.0,-28.9,8.941664,-35.7656921537587,1045.4
1166,16.093,3.899999999999999,-25.0,-28.9,8.941664,-35.7656921537587,1045.4
1167,16.093,3.899999999999999,-25.0,-28.9,8.941664,-35.7656921537587,1045.4
1168,16.093,3.899999999999999,-25.0,-28.9,8.941664,-35.7656921537587,1045.4
1169,16.093,3.899999999999999,-25.0,-28.9,8.941664,-35.7656921537587,1045.4
1170,16.093,3.899999999999999,-25.0,-28.9,8.941664,-35.7656921537587,1045.4
1171,16.093,3.899999999999999,-25.0,-28.9,8.941664,-35.7656921537587,1045.4
1172,16.093,3.899999999999999,-25.0,-28.9,8.941664,-35.7656921537587,1045.4
1173,16.093,3.899999999999999,-25.0,-28.9,8.941664,-35.7656921537587,1045.4
1174,16.093,3.899999999999999,-25.0,-28.9,8.941664,-35.7656921537587,1045.4
1175,16.093,3.899999999999999,-25.0,-28.9,8.941664,-35.7656921537587,1045.4
1176,16.093,3.899999999999999,-25.0,-28.9,8.941664,-35.7656921537587,1045.4
1177,16.093,3.899999999999999,-25.0,-28.9,8.941664,-35.7656921537587,1045.4
1178,16.093,3.899999999999999,-25.0,-28.9,8.941664,-35.7656921537587,1045.4
1179,16.093,3.899999999999999,-25.0,-28.9,8.941664,-35.7656921537587,1045.4
1180,16.093,3.899999999999999,-25.0,-28.9,8.941664,-35.7656921537587,1045.4
1181,16.093,3.899999999999999,-25.0,-28.9,8.941664,-35.7656921537587,1045.4
1182,16.093,3.899999999999999,-25.0,-28.9,8.941664,-35.7656921537587,1045.4
1183,16.093,3.899999999999999,-25.0,-28.9,8.941664,-35.7656921537587,1045.4
1184,16.093,3.899999999999999,-25.0,-28.9,8.941664,-35.7656921537587,1045.4
1185,16.093,3.899999999999999,-25.0,-28.9,8.941664,-35.7656921537587,1045.4
1186,16.093,3.899999999999999,-25.0,-28.9,8.941664,-35.7656921537587,1045.4
1187,16.093,3.899999999999999,-25.0,-28.9,8.941664,-35.7656921537587,1045.4
1188,16.093,3.899999999999999,-25.0,-28.9,8.941664,-35.7656921537587,1045.4
1189,16.093,3.899999999999999,-25.0,-28.9,8.941664,-35.7656921537587,1045.4
1190,16.093,3.899999999999999,-25.0,-28.9,8.941664,-35.7656921537587,1045.4
1191,16.093,3.899999999999999,-25.0,-28.9,8.941664,-35.7656921537587,1045.4
1192,16.093,3.899999999999999,-25.0,-28.9,8.941664,-35.7656921537587,1045.4
1193,16.093,3.899999999999999,-25.0,-28.9,8.941664,-35.7656921537587,1045.4
1194,16.093,3.899999999999999,-25.0,-28.9,8.941664,-35.7656921537587,1045.4
1195,16.093,3.899999999999999,-25.0,-28.9,8.941664,-35.7656921537587,1045.4
1196,16.093,3.899999999999999,-25.0,-28.9,8.941664,-35.7656921537587,1045.4
1197,16.093,3.899999999999999,-25.0,-28.9,8.941664,-35.7656921537587,1045.4
1198,16.093,3.899999999999999,-25.0,-28.9,8.941664,-35.7656921537587,1045.4
1199,16.093,3.899999999999999,-25.0,-28.9,8.941664,-35.7656921537587,1045.4
1200,16.093,3.899999999999999,-25.0,-28.9,8.941664,-35.7656921537587,1045.4
1201,16.093,3.899999999999999,-25.0,-28.9,8.941664,-35.7656921537587,1045.4
1202,16.093,3.899999999999999,-25.0,-28.9,8.941664,-35.7656921537587,1045.4
1203,16.093,3.899999999999999,-25.0,-28.9,8.941664,-35.7656921537587,1045.4
1204,16.093,3.899999999999999,-25.0,-28.9,8.941664,-35.7656921537587,1045.4
1205,16.093,3.899999999999999,-25.0,-28.9,8.941664,-35.7656921537587,1045.4
1206,16.093,3.899999999999999,-25.0,-28.9,8.941664,-35.7656921537587,1045.4
1207,16.093,3.899999999999999,-25.0,-28.9,8.941664,-35.7656921537587,1045.4
1208,16.093,3.899999999999999,-25.0,-28.9,8.941664,-35.7656921537587,1045.4
1209,16.093,3.899999999999999,-25.0,-28.9,8.941664,-35.7656921537587,1045.4
1210,16.093,3.899999999999999,-25.0,-28.9,8.941664,-35.7656921537587,1045.4
1211,16.093,3.899999999999999,-25.0,-28.9,8.941664,-35.7656921537587,1045.4
1212,16.093,3.899999999999999,-25.0,-28.9,8.941664,-35.7656921537587,1045.4
1213,16.093,3.899999999999999,-25.0,-28.9,8.941664,-35.7656921537587,1045.4
1214,16.093,3.899999999999999,-25.0,-28.9,8.941664,-35.7656921537587,1045.4
1215,16.093,3.899999999999999,-25.0,-28.9,8.941664,-35.7656921537587,1045.4
1216,16.093,3.899999999999999,-25.0,-28.9,8.941664,-35.7656921537587,1045.4
1217,16.093,3.899999999999999,-25.0,-28.9,8.941664,-35.7656921537587,1045.4
1218,16.093,3.899999999999999,-25.0,-28.9,8.941664,-35.7656921537587,1045.4
1219,16.093,3.899999999999999,-25.0,-28.9,8.941664,-35.7656921537587,1045.4
1220,16.093,3.899999999999999,-25.0,-28.9,8.941664,-35.7656921537587,1045.4
1221,16.093,3.899999999999999,-25.0,-28.9,8.941664,-35.7656921537587,1045.4
1222,16.093,3.899999999999999,-25.0,-28.9,8.941664,-35.7656921537587,1045.4
1223,16.093,3.899999999999999,-25.0,-28.9,8.941664,-35.7656921537587,1045.4
1224,16.093,3.899999999999999,-25.0,-28.9,8.941664,-35.7656921537587,1045.4
