idx,VIS_km,TD_SPREAD,TEMP_C,DEWP_C,WND_KT,WIND_CHILL,SLP_hPa
0,16.093,2.8000000000000007,-28.9,-31.7,8.941664,-40.612564681044724,1045.8
1,16.093,2.8000000000000007,-28.9,-31.7,8.941664,-40.612564681044724,1045.8
2,16.093,2.8000000000000007,-28.9,-31.7,8.941664,-40.612564681044724,1045.8
3,16.093,2.8000000000000007,-28.9,-31.7,8.941664,-40.612564681044724,1045.8
4,16.093,2.8000000000000007,-28.9,-31.7,8.941664,-40.612564681044724,1045.8
5,16.093,2.8000000000000007,-28.9,-31.7,8.941664,-40.612564681044724,1045.8
6,16.093,2.8000000000000007,-28.9,-31.7,8.941664,-40.612564681044724,1045.8
7,16.093,2.8000000000000007,-28.9,-31.7,8.941664,-40.612564681044724,1045.8
8,16.093,2.8000000000000007,-28.9,-31.7,8.941664,-40.612564681044724,1045.8
9,16.093,2.8000000000000007,-28.9,-31.7,8.941664,-40.612564681044724,1045.8
10,16.093,2.8000000000000007,-28.9,-31.7,8.941664,-40.612564681044724,1045.8
11,16.093,2.8000000000000007,-28.9,-31.7,8.941664,-40.612564681044724,1045.8
12,16.093,2.8000000000000007,-28.9,-31.7,8.941664,-40.612564681044724,1045.8
13,16.093,2.8000000000000007,-28.9,-31.7,8.941664,-40.612564681044724,1045.8
14,16.093,2.8000000000000007,-28.9,-31.7,8.941664,-40.612564681044724,1045.8
15,16.093,2.8000000000000007,-28.9,-31.7,8.941664,-40.612564681044724,1045.8
16,16.093,2.8000000000000007,-28.9,-31.7,8.941664,-40.612564681044724,1045.8
17,16.093,2.8000000000000007,-28.9,-31.7,8.941664,-40.612564681044724,1045.8
18,16.093,2.8000000000000007,-28.9,-31.7,8.941664,-40.612564681044724,1045.8
19,16.093,2.8000000000000007,-28.9,-31.7,8.941664,-40.612564681044724,1045.8
20,16.093,2.8000000000000007,-28.9,-31.7,8.941664,-40.612564681044724,1045.8
21,16.093,2.8000000000000007,-28.9,-31.7,8.941664,-40.612564681044724,1045.8
22,16.093,2.8000000000000007,-28.9,-31.7,8.941664,-40.612564681044724,1045.8
23,16.093,2.8000000000000007,-28.9,-31.7,8.941664,-40.612564681044724,1045.8
24,16.093,2.8000000000000007,-28.9,-31.7,8.941664,-40.612564681044724,1045.8
25,16.093,2.8000000000000007,-28.9,-31.7,8.941664,-40.612564681044724,1045.8
26,16.093,2.8000000000000007,-28.9,-31.7,8.941664,-40.612564681044724,1045.8
27,16.093,2.8000000000000007,-28.9,-31.7,8.941664,-40.612564681044724,1045.8
28,16.093,2.8000000000000007,-28.9,-31.7,8.941664,-40.612564681044724,1045.8
29,16.093,2.8000000000000007,-28.9,-31.7,8.941664,-40.612564681044724,1045.8
30,16.093,2.8000000000000007,-28.9,-31.7,8.941664,-40.612564681044724,1045.8
31,16.093,2.8000000000000007,-28.9,-31.7,8.941664,-40.612564681044724,1045.8
32,16.093,2.8000000000000007,-28.9,-31.7,8.941664,-40.612564681044724,1045.8
33,16.093,2.8000000000000007,-28.9,-31.7,8.941664,-40.612564681044724,1045.8
34,16.093,2.8000000000000007,-28.9,-31.7,8.941664,-40.612564681044724,1045.8
35,16.093,2.8000000000000007,-28.9,-31.7,8.941664,-40.612564681044724,1045.8
36,16.093,2.8000000000000007,-28.9,-31.7,8.941664,-40.612564681044724,1045.8
37,16.093,2.8000000000000007,-28.9,-31.7,8.941664,-40.612564681044724,1045.8
38,16.093,2.8000000000000007,-28.9,-31.7,8.941664,-40.612564681044724,1045.8
39,16.093,2.8000000000000007,-28.9,-31.7,8.941664,-40.612564681044724,1045.8
40,16.093,2.8000000000000007,-28.9,-31.7,8.941664,-40.612564681044724,1045.8
41,16.093,2.8000000000000007,-28.9,-31.7,8.941664,-40.612564681044724,1045.8
42,16.093,2.8000000000000007,-28.9,-31.7,8.941664,-40.612564681044724,1045.8
43,16.093,2.8000000000000007,-28.9,-31.7,8.941664,-40.612564681044724,1045.8
44,16.093,2.8000000000000007,-28.9,-31.7,8.941664,-40.612564681044724,1045.8
45,16.093,2.8000000000000007,-28.9,-31.7,8.941664,-40.612564681044724,1045.8
46,16.093,2.8000000000000007,-28.9,-31.7,8.941664,-40.612564681044724,1045.8
47,16.093,2.8000000000000007,-28.9,-31.7,8.941664,-40.612564681044724,1045.8
48,16.093,2.8000000000000007,-28.9,-31.7,8.941664,-40.612564681044724,1045.8
49,16.093,2.8000000000000007,-28.9,-31.7,8.941664,-40.612564681044724,1045.8
50,16.093,2.8000000000000007,-28.9,-31.7,8.941664,-40.612564681044724,1045.8
51,16.093,2.8000000000000007,-28.9,-31.7,8.941664,-40.612564681044724,1045.8
52,16.093,2.8000000000000007,-28.9,-31.7,8.941664,-40.612564681044724,1045.8
53,16.093,2.8000000000000007,-28.9,-31.7,8.941664,-40.612564681044724,1045.8
54,16.093,2.8000000000000007,-28.9,-31.7,8.941664,-40.612564681044724,1045.8
55,16.093,2.8000000000000007,-28.9,-31.7,8.941664,-40.612564681044724,1045.8
56,16.093,2.8000000000000007,-28.9,-31.7,8.941664,-40.612564681044724,1045.8
57,16.093,2.8000000000000007,-28.9,-31.7,8.941664,-40.612564681044724,1045.8
58,16.093,2.8000000000000007,-28.9,-31.7,8.941664,-40.612564681044724,1045.8
59,16.093,2.8000000000000007,-28.9,-31.7,8.941664,-40.612564681044724,1045.8
60,16.093,2.8000000000000007,-28.9,-31.7,8.941664,-40.612564681044724,1045.8
61,16.093,2.8000000000000007,-28.9,-31.7,8.941664,-40.612564681044724,1045.8
62,16.093,2.8000000000000007,-28.9,-31.7,8.941664,-40.612564681044724,1045.8
63,16.093,2.8000000000000007,-28.9,-31.7,8.941664,-40.612564681044724,1045.8
64,16.093,2.8000000000000007,-28.9,-31.7,8.941664,-40.612564681044724,1045.8
65,16.093,2.8000000000000007,-28.9,-31.7,8.941664,-40.612564681044724,1045.8
66,16.093,2.8000000000000007,-28.9,-31.7,8.941664,-40.612564681044724,1045.8
67,16.093,2.8000000000000007,-28.9,-31.7,8.941664,-40.612564681044724,1045.8
68,16.093,2.8000000000000007,-28.9,-31.7,8.941664,-40.612564681044724,1045.8
69,16.093,2.8000000000000007,-28.9,-31.7,8.941664,-40.612564681044724,1045.8
70,16.093,2.8000000000000007,-28.9,-31.7,8.941664,-40.612564681044724,1045.8
71,16.093,2.8000000000000007,-28.9,-31.7,8.941664,-40.612564681044724,1045.8
72,16.093,2.8000000000000007,-28.9,-31.7,8.941664,-40.612564681044724,1045.8
73,16.093,2.8000000000000007,-28.9,-31.7,8.941664,-40.612564681044724,1045.8
74,16.093,2.8000000000000007,-28.9,-31.7,8.941664,-40.612564681044724,1045.8
75,16.093,2.8000000000000007,-28.9,-31.7,8.941664,-40.612564681044724,1045.8
76,16.093,2.8000000000000007,-28.9,-31.7,8.941664,-40.612564681044724,1045.8
77,16.093,2.8000000000000007,-28.9,-31.7,8.941664,-40.612564681044724,1045.8
78,16.093,2.8000000000000007,-28.9,-31.7,8.941664,-40.612564681044724,1045.8
79,16.093,2.8000000000000007,-28.9,-31.7,8.941664,-40.612564681044724,1045.8
80,16.093,2.8000000000000007,-28.9,-31.7,8.941664,-40.612564681044724,1045.8
81,16.093,2.8000000000000007,-28.9,-31.7,8.941664,-40.612564681044724,1045.8
82,16.093,2.8000000000000007,-28.9,-31.7,8.941664,-40.612564681044724,1045.8
83,16.093,2.8000000000000007,-28.9,-31.7,8.941664,-40.612564681044724,1045.8
84,16.093,2.8000000000000007,-28.9,-31.7,8.941664,-40.612564681044724,1045.8
85,16.093,2.8000000000000007,-28.9,-31.7,8.941664,-40.612564681044724,1045.8
86,16.093,2.8000000000000007,-28.9,-31.7,8.941664,-40.612564681044724,1045.8
87,16.093,2.8000000000000007,-28.9,-31.7,8.941664,-40.612564681044724,1045.8
88,16.093,2.8000000000000007,-28.9,-31.7,8.941664,-40.612564681044724,1045.8
89,16.093,2.8000000000000007,-28.9,-31.7,8.941664,-40.612564681044724,1045.8
90,16.093,2.8000000000000007,-28.9,-31.7,8.941664,-40.612564681044724,1045.8
91,16.093,2.8000000000000007,-28.9,-31.7,8.941664,-40.612564681044724,1045.8
92,16.093,2.8000000000000007,-28.9,-31.7,8.941664,-40.612564681044724,1045.8
93,16.093,2.8000000000000007,-28.9,-31.7,8.941664,-40.612564681044724,1045.8
94,16.093,2.8000000000000007,-28.9,-31.7,8.941664,-40.612564681044724,1045.8
95,16.093,2.8000000000000007,-28.9,-31.7,8.941664,-40.612564681044724,1045.8
96,16.093,2.8000000000000007,-28.9,-31.7,8.941664,-40.612564681044724,1045.8
97,16.093,2.8000000000000007,-28.9,-31.7,8.941664,-40.612564681044724,1045.8
98,16.093,2.8000000000000007,-28.9,-31.7,8.941664,-40.612564681044724,1045.8
99,16.093,2.8000000000000007,-28.9,-31.7,8.941664,-40.612564681044724,1045.8
100,16.093,2.8000000000000007,-28.9,-31.7,8.941664,-40.612564681044724,1045.8
101,16.093,2.8000000000000007,-28.9,-31.7,8.941664,-40.612564681044724,1045.8
102,16.093,2.8000000000000007,-28.9,-31.7,8.941664,-40.612564681044724,1045.8
103,16.093,2.8000000000000007,-28.9,-31.7,8.941664,-40.612564681044724,1045.8
104,16.093,2.8000000000000007,-28.9,-31.7,8.941664,-40.612564681044724,1045.8
105,16.093,2.8000000000000007,-28.9,-31.7,8.941664,-40.612564681044724,1045.8
106,16.093,2.8000000000000007,-28.9,-31.7,8.941664,-40.612564681044724,1045.8
107,16.093,2.8000000000000007,-28.9,-31.7,8.941664,-40.612564681044724,1045.8
108,16.093,2.8000000000000007,-28.9,-31.7,8.941664,-40.612564681044724,1045.8
109,16.093,2.8000000000000007,-28.9,-31.7,8.941664,-40.612564681044724,1045.8
110,16.093,2.8000000000000007,-28.9,-31.7,8.941664,-40.612564681044724,1045.8
111,16.093,2.8000000000000007,-28.9,-31.7,8.941664,-40.612564681044724,1045.8
112,16.093,2.8000000000000007,-28.9,-31.7,8.941664,-40.612564681044724,1045.8
113,16.093,2.8000000000000007,-28.9,-31.7,8.941664,-40.612564681044724,1045.8
114,16.093,2.8000000000000007,-28.9,-31.7,8.941664,-40.612564681044724,1045.8
115,16.093,2.8000000000000007,-28.9,-31.7,8.941664,-40.612564681044724,1045.8
116,16.093,2.8000000000000007,-28.9,-31.7,8.941664,-40.612564681044724,1045.8
117,16.093,2.8000000000000007,-28.9,-31.7,8.941664,-40.612564681044724,1045.8
118,16.093,2.8000000000000007,-28.9,-31.7,8.941664,-40.612564681044724,1045.8
119,16.093,2.8000000000000007,-28.9,-31.7,8.941664,-40.612564681044724,1045.8
120,16.093,2.8000000000000007,-28.9,-31.7,8.941664,-40.612564681044724,1045.8
121,16.093,2.8000000000000007,-28.9,-31.7,8.941664,-40.612564681044724,1045.8
122,16.093,2.8000000000000007,-28.9,-31.7,8.941664,-40.612564681044724,1045.8
123,16.093,2.8000000000000007,-28.9,-31.7,8.941664,-40.612564681044724,1045.8
124,16.093,2.8000000000000007,-28.9,-31.7,8.941664,-40.612564681044724,1045.8
125,16.093,2.8000000000000007,-28.9,-31.7,8.941664,-40.612564681044724,1045.8
126,16.093,2.8000000000000007,-28.9,-31.7,8.941664,-40.612564681044724,1045.8
127,16.093,2.8000000000000007,-28.9,-31.7,8.941664,-40.612564681044724,1045.8
128,16.093,2.8000000000000007,-28.9,-31.7,8.941664,-40.612564681044724,1045.8
129,16.093,2.8000000000000007,-28.9,-31.7,8.941664,-40.612564681044724,1045.8
130,16.093,2.8000000000000007,-28.9,-31.7,8.941664,-40.612564681044724,1045.8
131,16.093,2.8000000000000007,-28.9,-31.7,8.941664,-40.612564681044724,1045.8
132,16.093,2.8000000000000007,-28.9,-31.7,8.941664,-40.612564681044724,1045.8
133,16.093,2.8000000000000007,-28.9,-31.7,8.941664,-40.612564681044724,1045.8
134,16.093,2.8000000000000007,-28.9,-31.7,8.941664,-40.612564681044724,1045.8
135,16.093,2.8000000000000007,-28.9,-31.7,8.941664,-40.612564681044724,1045.8
136,16.093,2.8000000000000007,-28.9,-31.7,8.941664,-40.612564681044724,1045.8
137,16.093,2.8000000000000007,-28.9,-31.7,8.941664,-40.612564681044724,1045.8
138,16.093,2.8000000000000007,-28.9,-31.7,8.941664,-40.612564681044724,1045.8
139,16.093,2.8000000000000007,-28.9,-31.7,8.941664,-40.612564681044724,1045.8
140,16.093,2.8000000000000007,-28.9,-31.7,8.941664,-40.612564681044724,1045.8
141,16.093,2.8000000000000007,-28.9,-31.7,8.941664,-40.612564681044724,1045.8
142,16.093,2.8000000000000007,-28.9,-31.7,8.941664,-40.612564681044724,1045.8
143,16.093,2.8000000000000007,-28.9,-31.7,8.941664,-40.612564681044724,1045.8
144,16.093,2.8000000000000007,-28.9,-31.7,8.941664,-40.612564681044724,1045.8
145,16.093,2.8000000000000007,-28.9,-31.7,8.941664,-40.612564681044724,1045.8
146,16.093,2.8000000000000007,-28.9,-31.7,8.941664,-40.612564681044724,1045.8
147,16.093,2.8000000000000007,-28.9,-31.7,8.941664,-40.612564681044724,1045.8
148,16.093,2.8000000000000007,-28.9,-31.7,8.941664,-40.612564681044724,1045.8
149,16.093,2.8000000000000007,-28.9,-31.7,8.941664,-40.612564681044724,1045.8
150,16.093,2.8000000000000007,-28.9,-31.7,8.941664,-40.612564681044724,1045.8
151,16.093,2.8000000000000007,-28.9,-31.7,8.941664,-40.612564681044724,1045.8
152,16.093,2.8000000000000007,-28.9,-31.7,8.941664,-40.612564681044724,1045.8
153,16.093,2.8000000000000007,-28.9,-31.7,8.941664,-40.612564681044724,1045.8
154,16.093,2.8000000000000007,-28.9,-31.7,8.941664,-40.612564681044724,1045.8
155,16.093,2.8000000000000007,-28.9,-31.7,8.941664,-40.612564681044724,1045.8
156,16.093,2.8000000000000007,-28.9,-31.7,8.941664,-40.612564681044724,1045.8
157,16.093,2.8000000000000007,-28.9,-31.7,8.941664,-40.612564681044724,1045.8
158,16.093,2.8000000000000007,-28.9,-31.7,8.941664,-40.612564681044724,1045.8
159,16.093,2.8000000000000007,-28.9,-31.7,8.941664,-40.612564681044724,1045.8
160,16.093,2.8000000000000007,-28.9,-31.7,8.941664,-40.612564681044724,1045.8
161,16.093,2.8000000000000007,-28.9,-31.7,8.941664,-40.612564681044724,1045.8
162,16.093,2.8000000000000007,-28.9,-31.7,8.941664,-40.612564681044724,1045.8
163,16.093,2.8000000000000007,-28.9,-31.7,8.941664,-40.612564681044724,1045.8
164,16.093,2.8000000000000007,-28.9,-31.7,8.941664,-40.612564681044724,1045.8
165,16.093,2.8000000000000007,-28.9,-31.7,8.941664,-40.612564681044724,1045.8
166,16.093,2.8000000000000007,-28.9,-31.7,8.941664,-40.612564681044724,1045.8
167,16.093,2.8000000000000007,-28.9,-31.7,8.941664,-40.612564681044724,1045.8
168,16.093,2.8000000000000007,-28.9,-31.7,8.941664,-40.612564681044724,1045.8
169,16.093,2.8000000000000007,-28.9,-31.7,8.941664,-40.612564681044724,1045.8
170,16.093,2.8000000000000007,-28.9,-31.7,8.941664,-40.612564681044724,1045.8
171,16.093,2.8000000000000007,-28.9,-31.7,8.941664,-40.612564681044724,1045.8
172,16.093,2.8000000000000007,-28.9,-31.7,8.941664,-40.612564681044724,1045.8
173,16.093,2.8000000000000007,-28.9,-31.7,8.941664,-40.612564681044724,1045.8
174,16.093,2.8000000000000007,-28.9,-31.7,8.941664,-40.612564681044724,1045.8
175,16.093,2.8000000000000007,-28.9,-31.7,8.941664,-40.612564681044724,1045.8
176,16.093,2.8000000000000007,-28.9,-31.7,8.941664,-40.612564681044724,1045.8
177,16.093,2.8000000000000007,-28.9,-31.7,8.941664,-40.612564681044724,1045.8
178,16.093,2.8000000000000007,-28.9,-31.7,8.941664,-40.612564681044724,1045.8
179,16.093,2.8000000000000007,-28.9,-31.7,8.941664,-40.612564681044724,1045.8
180,16.093,2.8000000000000007,-28.9,-31.7,8.941664,-40.612564681044724,1045.8
181,16.093,2.8000000000000007,-28.9,-31.7,8.941664,-40.612564681044724,1045.8
182,16.093,2.8000000000000007,-28.9,-31.7,8.941664,-40.612564681044724,1045.8
183,16.093,2.8000000000000007,-28.9,-31.7,8.941664,-40.612564681044724,1045.8
184,16.093,2.8000000000000007,-28.9,-31.7,8.941664,-40.612564681044724,1045.8
185,16.093,2.8000000000000007,-28.9,-31.7,8.941664,-40.612564681044724,1045.8
186,16.093,2.8000000000000007,-28.9,-31.7,8.941664,-40.612564681044724,1045.8
187,16.093,2.8000000000000007,-28.9,-31.7,8.941664,-40.612564681044724,1045.8
188,16.093,2.8000000000000007,-28.9,-31.7,8.941664,-40.612564681044724,1045.8
189,16.093,2.8000000000000007,-28.9,-31.7,8.941664,-40.612564681044724,1045.8
190,16.093,2.8000000000000007,-28.9,-31.7,8.941664,-40.612564681044724,1045.8
191,16.093,2.8000000000000007,-28.9,-31.7,8.941664,-40.612564681044724,1045.8
192,16.093,2.8000000000000007,-28.9,-31.7,8.941664,-40.612564681044724,1045.8
193,16.093,2.8000000000000007,-28.9,-31.7,8.941664,-40.612564681044724,1045.8
194,16.093,2.8000000000000007,-28.9,-31.7,8.941664,-40.612564681044724,1045.8
195,16.093,2.8000000000000007,-28.9,-31.7,8.941664,-40.612564681044724,1045.8
196,16.093,2.8000000000000007,-28.9,-31.7,8.941664,-40.612564681044724,1045.8
197,16.093,2.8000000000000007,-28.9,-31.7,8.941664,-40.612564681044724,1045.8
198,16.093,2.8000000000000007,-28.9,-31.7,8.941664,-40.612564681044724,1045.8
199,16.093,2.8000000000000007,-28.9,-31.7,8.941664,-40.612564681044724,1045.8
200,16.093,2.8000000000000007,-28.9,-31.7,8.941664,-40.612564681044724,1045.8
201,16.093,2.8000000000000007,-28.9,-31.7,8.941664,-40.612564681044724,1045.8
202,16.093,2.8000000000000007,-28.9,-31.7,8.941664,-40.612564681044724,1045.8
203,16.093,2.8000000000000007,-28.9,-31.7,8.941664,-40.612564681044724,1045.8
204,16.093,2.8000000000000007,-28.9,-31.7,8.941664,-40.612564681044724,1045.8
205,16.093,2.8000000000000007,-28.9,-31.7,8.941664,-40.612564681044724,1045.8
206,16.093,2.8000000000000007,-28.9,-31.7,8.941664,-40.612564681044724,1045.8
207,16.093,2.8000000000000007,-28.9,-31.7,8.941664,-40.612564681044724,1045.8
208,16.093,2.8000000000000007,-28.9,-31.7,8.941664,-40.612564681044724,1045.8
209,16.093,2.8000000000000007,-28.9,-31.7,8.941664,-40.612564681044724,1045.8
210,16.093,2.8000000000000007,-28.9,-31.7,8.941664,-40.612564681044724,1045.8
211,16.093,2.8000000000000007,-28.9,-31.7,8.941664,-40.612564681044724,1045.8
212,16.093,2.8000000000000007,-28.9,-31.7,8.941664,-40.612564681044724,1045.8
213,16.093,2.8000000000000007,-28.9,-31.7,8.941664,-40.612564681044724,1045.8
214,16.093,2.8000000000000007,-28.9,-31.7,8.941664,-40.612564681044724,1045.8
215,16.093,2.8000000000000007,-28.9,-31.7,8.941664,-40.612564681044724,1045.8
216,16.093,2.8000000000000007,-28.9,-31.7,8.941664,-40.612564681044724,1045.8
217,16.093,2.8000000000000007,-28.9,-31.7,8.941664,-40.612564681044724,1045.8
218,16.093,2.8000000000000007,-28.9,-31.7,8.941664,-40.612564681044724,1045.8
219,16.093,2.8000000000000007,-28.9,-31.7,8.941664,-40.612564681044724,1045.8
220,16.093,2.8000000000000007,-28.9,-31.7,8.941664,-40.612564681044724,1045.8
221,16.093,2.8000000000000007,-28.9,-31.7,8.941664,-40.612564681044724,1045.8
222,16.093,2.8000000000000007,-28.9,-31.7,8.941664,-40.612564681044724,1045.8
223,16.093,2.8000000000000007,-28.9,-31.7,8.941664,-40.612564681044724,1045.8
224,16.093,2.8000000000000007,-28.9,-31.7,8.941664,-40.612564681044724,1045.8
225,16.093,2.8000000000000007,-28.9,-31.7,8.941664,-40.612564681044724,1045.8
226,16.093,2.8000000000000007,-28.9,-31.7,8.941664,-40.612564681044724,1045.8
227,16.093,2.8000000000000007,-28.9,-31.7,8.941664,-40.612564681044724,1045.8
228,16.093,2.8000000000000007,-28.9,-31.7,8.941664,-40.612564681044724,1045.8
229,16.093,2.8000000000000007,-28.9,-31.7,8.941664,-40.612564681044724,1045.8
230,16.093,2.8000000000000007,-28.9,-31.7,8.941664,-40.612564681044724,1045.8
231,16.093,2.8000000000000007,-28.9,-31.7,8.941664,-40.612564681044724,1045.8
232,16.093,2.8000000000000007,-28.9,-31.7,8.941664,-40.612564681044724,1045.8
233,16.093,2.8000000000000007,-28.9,-31.7,8.941664,-40.612564681044724,1045.8
234,16.093,2.8000000000000007,-28.9,-31.7,8.941664,-40.612564681044724,1045.8
235,16.093,2.8000000000000007,-28.9,-31.7,8.941664,-40.612564681044724,1045.8
236,16.093,2.8000000000000007,-28.9,-31.7,8.941664,-40.612564681044724,1045.8
237,16.093,2.8000000000000007,-28.9,-31.7,8.941664,-40.612564681044724,1045.8
238,16.093,2.8000000000000007,-28.9,-31.7,8.941664,-40.612564681044724,1045.8
239,16.093,2.8000000000000007,-28.9,-31.7,8.941664,-40.612564681044724,1045.8
240,16.093,2.8000000000000007,-28.9,-31.7,8.941664,-40.612564681044724,1045.8
241,16.093,2.8000000000000007,-28.9,-31.7,8.941664,-40.612564681044724,1045.8
242,16.093,2.8000000000000007,-28.9,-31.7,8.941664,-40.612564681044724,1045.8
243,16.093,2.8000000000000007,-28.9,-31.7,8.941664,-40.612564681044724,1045.8
244,16.093,2.8000000000000007,-28.9,-31.7,8.941664,-40.612564681044724,1045.8
245,16.093,2.8000000000000007,-28.9,-31.7,8.941664,-40.612564681044724,1045.8
246,16.093,2.8000000000000007,-28.9,-31.7,8.941664,-40.612564681044724,1045.8
247,16.093,2.8000000000000007,-28.9,-31.7,8.941664,-40.612564681044724,1045.8
248,16.093,2.8000000000000007,-28.9,-31.7,8.941664,-40.612564681044724,1045.8
249,16.093,2.8000000000000007,-28.9,-31.7,8.941664,-40.612564681044724,1045.8
250,16.093,2.8000000000000007,-28.9,-31.7,8.941664,-40.612564681044724,1045.8
251,16.093,2.8000000000000007,-28.9,-31.7,8.941664,-40.612564681044724,1045.8
252,16.093,2.8000000000000007,-28.9,-31.7,8.941664,-40.612564681044724,1045.8
253,16.093,2.8000000000000007,-28.9,-31.7,8.941664,-40.612564681044724,1045.8
254,16.093,2.8000000000000007,-28.9,-31.7,8.941664,-40.612564681044724,1045.8
255,16.093,2.8000000000000007,-28.9,-31.7,8.941664,-40.612564681044724,1045.8
256,16.093,2.8000000000000007,-28.9,-31.7,8.941664,-40.612564681044724,1045.8
257,16.093,2.8000000000000007,-28.9,-31.7,8.941664,-40.612564681044724,1045.8
258,16.093,2.8000000000000007,-28.9,-31.7,8.941664,-40.612564681044724,1045.8
259,16.093,2.8000000000000007,-28.9,-31.7,8.941664,-40.612564681044724,1045.8
260,16.093,2.8000000000000007,-28.9,-31.7,8.941664,-40.612564681044724,1045.8
261,16.093,2.8000000000000007,-28.9,-31.7,8.941664,-40.612564681044724,1045.8
262,16.093,2.8000000000000007,-28.9,-31.7,8.941664,-40.612564681044724,1045.8
263,16.093,2.8000000000000007,-28.9,-31.7,8.941664,-40.612564681044724,1045.8
264,16.093,2.8000000000000007,-28.9,-31.7,8.941664,-40.612564681044724,1045.8
265,16.093,2.8000000000000007,-28.9,-31.7,8.941664,-40.612564681044724,1045.8
266,16.093,2.8000000000000007,-28.9,-31.7,8.941664,-40.612564681044724,1045.8
267,16.093,2.8000000000000007,-28.9,-31.7,8.941664,-40.612564681044724,1045.8
268,16.093,2.8000000000000007,-28.9,-31.7,8.941664,-40.612564681044724,1045.8
269,16.093,2.8000000000000007,-28.9,-31.7,8.941664,-40.612564681044724,1045.8
270,16.093,2.8000000000000007,-28.9,-31.7,8.941664,-40.612564681044724,1045.8
271,16.093,2.8000000000000007,-28.9,-31.7,8.941664,-40.612564681044724,1045.8
272,16.093,2.8000000000000007,-28.9,-31.7,8.941664,-40.612564681044724,1045.8
273,16.093,2.8000000000000007,-28.9,-31.7,8.941664,-40.612564681044724,1045.8
274,16.093,2.8000000000000007,-28.9,-31.7,8.941664,-40.612564681044724,1045.8
275,16.093,2.8000000000000007,-28.9,-31.7,8.941664,-40.612564681044724,1045.8
276,16.093,2.8000000000000007,-28.9,-31.7,8.941664,-40.612564681044724,1045.8
277,16.093,2.8000000000000007,-28.9,-31.7,8.941664,-40.612564681044724,1045.8
278,16.093,2.8000000000000007,-28.9,-31.7,8.941664,-40.612564681044724,1045.8
279,16.093,2.8000000000000007,-28.9,-31.7,8.941664,-40.612564681044724,1045.8
280,16.093,2.8000000000000007,-28.9,-31.7,8.941664,-40.612564681044724,1045.8
281,16.093,2.8000000000000007,-28.9,-31.7,8.941664,-40.612564681044724,1045.8
282,16.093,2.8000000000000007,-28.9,-31.7,8.941664,-40.612564681044724,1045.8
283,16.093,2.8000000000000007,-28.9,-31.7,8.941664,-40.612564681044724,1045.8
284,16.093,2.8000000000000007,-28.9,-31.7,8.941664,-40.612564681044724,1045.8
285,16.093,2.8000000000000007,-28.9,-31.7,8.941664,-40.612564681044724,1045.8
286,16.093,2.8000000000000007,-28.9,-31.7,8.941664,-40.612564681044724,1045.8
287,16.093,2.8000000000000007,-28.9,-31.7,8.941664,-40.612564681044724,1045.8
288,16.093,2.8000000000000007,-28.9,-31.7,8.941664,-40.612564681044724,1045.8
289,16.093,2.8000000000000007,-28.9,-31.7,8.941664,-40.612564681044724,1045.8
290,16.093,2.8000000000000007,-28.9,-31.7,8.941664,-40.612564681044724,1045.8
291,16.093,2.8000000000000007,-28.9,-31.7,8.941664,-40.612564681044724,1045.8
292,16.093,2.8000000000000007,-28.9,-31.7,8.941664,-40.612564681044724,1045.8
293,16.093,2.8000000000000007,-28.9,-31.7,8.941664,-40.612564681044724,1045.8
294,16.093,2.8000000000000007,-28.9,-31.7,8.941664,-40.612564681044724,1045.8
295,16.093,2.8000000000000007,-28.9,-31.7,8.941664,-40.612564681044724,1045.8
296,16.093,2.8000000000000007,-28.9,-31.7,8.941664,-40.612564681044724,1045.8
297,16.093,2.8000000000000007,-28.9,-31.7,8.941664,-40.612564681044724,1045.8
298,16.093,2.8000000000000007,-28.9,-31.7,8.941664,-40.612564681044724,1045.8
299,16.093,2.8000000000000007,-28.9,-31.7,8.941664,-40.612564681044724,1045.8
300,16.093,2.8000000000000007,-28.9,-31.7,8.941664,-40.612564681044724,1045.8
301,16.093,2.8000000000000007,-28.9,-31.7,8.941664,-40.612564681044724,1045.8
302,16.093,2.8000000000000007,-28.9,-31.7,8.941664,-40.612564681044724,1045.8
303,16.093,2.8000000000000007,-28.9,-31.7,8.941664,-40.612564681044724,1045.8
304,16.093,2.8000000000000007,-28.9,-31.7,8.941664,-40.612564681044724,1045.8
305,16.093,2.8000000000000007,-28.9,-31.7,8.941664,-40.612564681044724,1045.8
306,16.093,2.8000000000000007,-28.9,-31.7,8.941664,-40.612564681044724,1045.8
307,16.093,2.8000000000000007,-28.9,-31.7,8.941664,-40.612564681044724,1045.8
308,16.093,2.8000000000000007,-28.9,-31.7,8.941664,-40.612564681044724,1045.8
309,16.093,2.8000000000000007,-28.9,-31.7,8.941664,-40.612564681044724,1045.8
310,16.093,2.8000000000000007,-28.9,-31.7,8.941664,-40.612564681044724,1045.8
311,16.093,2.8000000000000007,-28.9,-31.7,8.941664,-40.612564681044724,1045.8
312,16.093,2.8000000000000007,-28.9,-31.7,8.941664,-40.612564681044724,1045.8
313,16.093,2.8000000000000007,-28.9,-31.7,8.941664,-40.612564681044724,1045.8
314,16.093,2.8000000000000007,-28.9,-31.7,8.941664,-40.612564681044724,1045.8
315,16.093,2.8000000000000007,-28.9,-31.7,8.941664,-40.612564681044724,1045.8
316,16.093,2.8000000000000007,-28.9,-31.7,8.941664,-40.612564681044724,1045.8
317,16.093,2.8000000000000007,-28.9,-31.7,8.941664,-40.612564681044724,1045.8
318,16.093,2.8000000000000007,-28.9,-31.7,8.941664,-40.612564681044724,1045.8
319,16.093,2.8000000000000007,-28.9,-31.7,8.941664,-40.612564681044724,1045.8
320,16.093,2.8000000000000007,-28.9,-31.7,8.941664,-40.612564681044724,1045.8
321,16.093,2.8000000000000007,-28.9,-31.7,8.941664,-40.612564681044724,1045.8
322,16.093,2.8000000000000007,-28.9,-31.7,8.941664,-40.612564681044724,1045.8
323,16.093,2.8000000000000007,-28.9,-31.7,8.941664,-40.612564681044724,1045.8
324,16.093,2.8000000000000007,-28.9,-31.7,8.941664,-40.612564681044724,1045.8
325,16.093,2.8000000000000007,-28.9,-31.7,8.941664,-40.612564681044724,1045.8
326,16.093,2.8000000000000007,-28.9,-31.7,8.941664,-40.612564681044724,1045.8
327,16.093,2.8000000000000007,-28.9,-31.7,8.941664,-40.612564681044724,1045.8
328,16.093,2.8000000000000007,-28.9,-31.7,8.941664,-40.612564681044724,1045.8
329,16.093,2.8000000000000007,-28.9,-31.7,8.941664,-40.612564681044724,1045.8
330,16.093,2.8000000000000007,-28.9,-31.7,8.941664,-40.612564681044724,1045.8
331,16.093,2.8000000000000007,-28.9,-31.7,8.941664,-40.612564681044724,1045.8
332,16.093,2.8000000000000007,-28.9,-31.7,8.941664,-40.612564681044724,1045.8
333,16.093,2.8000000000000007,-28.9,-31.7,8.941664,-40.612564681044724,1045.8
334,16.093,2.8000000000000007,-28.9,-31.7,8.941664,-40.612564681044724,1045.8
335,16.093,2.8000000000000007,-28.9,-31.7,8.941664,-40.612564681044724,1045.8
336,16.093,2.8000000000000007,-28.9,-31.7,8.941664,-40.612564681044724,1045.8
337,16.093,2.8000000000000007,-28.9,-31.7,8.941664,-40.612564681044724,1045.8
338,16.093,2.8000000000000007,-28.9,-31.7,8.941664,-40.612564681044724,1045.8
339,16.093,2.8000000000000007,-28.9,-31.7,8.941664,-40.612564681044724,1045.8
340,16.093,2.8000000000000007,-28.9,-31.7,8.941664,-40.612564681044724,1045.8
341,16.093,2.8000000000000007,-28.9,-31.7,8.941664,-40.612564681044724,1045.8
342,16.093,2.8000000000000007,-28.9,-31.7,8.941664,-40.612564681044724,1045.8
343,16.093,2.8000000000000007,-28.9,-31.7,8.941664,-40.612564681044724,1045.8
344,16.093,2.8000000000000007,-28.9,-31.7,8.941664,-40.612564681044724,1045.8
345,16.093,2.8000000000000007,-28.9,-31.7,8.941664,-40.612564681044724,1045.8
346,16.093,2.8000000000000007,-28.9,-31.7,8.941664,-40.612564681044724,1045.8
347,16.093,2.8000000000000007,-28.9,-31.7,8.941664,-40.612564681044724,1045.8
348,16.093,2.8000000000000007,-28.9,-31.7,8.941664,-40.612564681044724,1045.8
349,16.093,2.8000000000000007,-28.9,-31.7,8.941664,-40.612564681044724,1045.8
350,16.093,2.8000000000000007,-28.9,-31.7,8.941664,-40.612564681044724,1045.8
351,16.093,2.8000000000000007,-28.9,-31.7,8.941664,-40.612564681044724,1045.8
352,16.093,2.8000000000000007,-28.9,-31.7,8.941664,-40.612564681044724,1045.8
353,16.093,2.8000000000000007,-28.9,-31.7,8.941664,-40.612564681044724,1045.8
354,16.093,2.8000000000000007,-28.9,-31.7,8.941664,-40.612564681044724,1045.8
355,16.093,2.8000000000000007,-28.9,-31.7,8.941664,-40.612564681044724,1045.8
356,16.093,2.8000000000000007,-28.9,-31.7,8.941664,-40.612564681044724,1045.8
357,16.093,2.8000000000000007,-28.9,-31.7,8.941664,-40.612564681044724,1045.8
358,16.093,2.8000000000000007,-28.9,-31.7,8.941664,-40.612564681044724,1045.8
359,16.093,2.8000000000000007,-28.9,-31.7,8.941664,-40.612564681044724,1045.8
360,16.093,2.8000000000000007,-28.9,-31.7,8.941664,-40.612564681044724,1045.8
361,16.093,2.8000000000000007,-28.9,-31.7,8.941664,-40.612564681044724,1045.8
362,16.093,2.8000000000000007,-28.9,-31.7,8.941664,-40.612564681044724,1045.8
363,16.093,2.8000000000000007,-28.9,-31.7,8.941664,-40.612564681044724,1045.8
364,16.093,2.8000000000000007,-28.9,-31.7,8.941664,-40.612564681044724,1045.8
365,16.093,2.8000000000000007,-28.9,-31.7,8.941664,-40.612564681044724,1045.8
366,16.093,2.8000000000000007,-28.9,-31.7,8.941664,-40.612564681044724,1045.8
367,16.093,2.8000000000000007,-28.9,-31.7,8.941664,-40.612564681044724,1045.8
368,16.093,2.8000000000000007,-28.9,-31.7,8.941664,-40.612564681044724,1045.8
369,16.093,2.8000000000000007,-28.9,-31.7,8.941664,-40.612564681044724,1045.8
370,16.093,2.8000000000000007,-28.9,-31.7,8.941664,-40.612564681044724,1045.8
371,16.093,2.8000000000000007,-28.9,-31.7,8.99026,-40.64359931941149,1045.825
372,16.093,2.8000000000000007,-28.9,-31.7,9.071253333333331,-40.69501196824136,1045.8666666666666
373,16.093,2.8000000000000007,-28.9,-31.7,9.152246666666668,-40.74604045735665,1045.9083333333333
374,16.093,2.8000000000000007,-28.9,-31.7,9.23324,-40.79669101907163,1045.95
375,16.093,2.8000000000000007,-28.9,-31.7,9.314233333333332,-40.84696973100486,1045.9916666666666
376,16.093,2.8000000000000007,-28.9,-31.7,9.395226666666666,-40.89688252122613,1046.0333333333333
377,16.093,2.8000000000000007,-28.9,-31.7,9.47622,-40.946435173189286,1046.075
378,16.093,2.8000000000000007,-28.9,-31.7,9.557213333333332,-40.99563333046182,1046.1166666666666
379,16.093,2.8000000000000007,-28.9,-31.7,9.638206666666669,-41.04448250126109,1046.1583333333333
380,16.093,2.8000000000000007,-28.9,-31.7,9.7192,-41.092988062806754,1046.2
381,16.093,2.8000000000000007,-28.9,-31.7,9.800193333333333,-41.14115526549813,1046.2416666666666
382,16.093,2.8000000000000007,-28.9,-31.7,9.881186666666666,-41.18898923692522,1046.2833333333333
383,16.093,2.8000000000000007,-28.9,-31.7,9.9718992,-41.24217385257293,1046.285
384,16.093,2.8000000000000007,-28.9,-31.7,10.0690912,-41.29870827639691,1046.26
385,16.093,2.8000000000000007,-28.9,-31.7,10.1662832,-41.35478615628841,1046.235
386,16.093,2.8000000000000007,-28.9,-31.7,10.2634752,-41.41041549131366,1046.21
387,16.093,2.8000000000000007,-28.9,-31.7,10.3606672,-41.46560406625747,1046.185
388,16.093,2.8000000000000007,-28.9,-31.7,10.4578592,-41.52035945931235,1046.16
389,16.093,2.8000000000000007,-28.9,-31.7,10.5550512,-41.574689049422865,1046.135
390,16.093,2.8000000000000007,-28.9,-31.7,10.6522432,-41.628600023304,1046.11
391,16.093,2.8000000000000007,-28.9,-31.7,10.7494352,-41.68209938215084,1046.085
392,16.093,2.8000000000000007,-28.9,-31.7,10.8466272,-41.73519394805556,1046.06
393,16.093,2.8000000000000007,-28.9,-31.7,10.9438192,-41.78789037014729,1046.035
394,16.093,2.8000000000000007,-28.9,-31.7,11.0410112,-41.84019513046894,1046.01
395,16.093,2.825000000000001,-28.9,-31.725,11.0215728,-41.82976520567732,1046.01
396,16.093,2.866666666666668,-28.9,-31.766666666666666,10.9243808,-41.777382623735974,1046.0266666666666
397,16.093,2.908333333333335,-28.9,-31.808333333333334,10.8271888,-41.72460709670926,1046.0433333333333
398,16.093,2.950000000000002,-28.9,-31.85,10.7299968,-41.67143210959502,1046.06
399,16.093,2.991666666666669,-28.9,-31.891666666666666,10.6328048,-41.617850979149864,1046.0766666666666
400,16.093,3.033333333333336,-28.9,-31.933333333333334,10.5356128,-41.56385684796088,1046.0933333333332
401,16.093,3.075000000000003,-28.9,-31.975,10.4384208,-41.50944267825152,1046.11
402,16.093,3.11666666666667,-28.9,-32.016666666666666,10.3412288,-41.45460124540727,1046.1266666666668
403,16.093,3.1583333333333368,-28.9,-32.05833333333334,10.2440368,-41.39932513120563,1046.1433333333334
404,16.093,3.200000000000004,-28.9,-32.1,10.1468448,-41.34360671673396,1046.16
405,16.093,3.2416666666666707,-28.9,-32.141666666666666,10.0496528,-41.287438174977616,1046.1766666666667
406,16.093,3.2833333333333377,-28.9,-32.18333333333334,9.9524608,-41.230811463059766,1046.1933333333334
407,16.093,3.3000000000000043,-28.9,-32.2,10.0204952,-41.2704986410061,1046.2
408,16.093,3.3000000000000043,-28.9,-32.2,10.198680533333334,-41.37337871751441,1046.2
409,16.093,3.3000000000000043,-28.9,-32.2,10.376865866666668,-41.474759845470714,1046.2
410,16.093,3.3000000000000043,-28.9,-32.2,10.5550512,-41.574689049422865,1046.2
411,16.093,3.3000000000000043,-28.9,-32.2,10.733236533333336,-41.67321111502946,1046.2
412,16.093,3.3000000000000043,-28.9,-32.2,10.911421866666668,-41.77036873081685,1046.2
413,16.093,3.3000000000000043,-28.9,-32.2,11.0896072,-41.86620261880655,1046.2
414,16.093,3.3000000000000043,-28.9,-32.2,11.267792533333337,-41.96075165505061,1046.2
415,16.093,3.3000000000000043,-28.9,-32.2,11.445977866666668,-42.054052981000936,1046.2
416,16.093,3.3000000000000043,-28.9,-32.2,11.624163200000002,-42.146142106540694,1046.2
417,16.093,3.3000000000000043,-28.9,-32.2,11.802348533333335,-42.23705300541941,1046.2
418,16.093,3.3000000000000043,-28.9,-32.2,11.980533866666669,-42.326818203757576,1046.2
419,16.093,3.3000000000000043,-28.9,-32.2,12.003212,-42.33816227758264,1046.205
420,16.093,3.3000000000000043,-28.9,-32.2,11.922218666666668,-42.29756468465033,1046.2133333333334
421,16.093,3.3000000000000043,-28.9,-32.2,11.841225333333334,-42.25673475584932,1046.2216666666668
422,16.093,3.3000000000000043,-28.9,-32.2,11.760232,-42.215669558654696,1046.23
423,16.093,3.3000000000000043,-28.9,-32.2,11.679238666666668,-42.174366103016155,1046.2383333333332
424,16.093,3.3000000000000043,-28.9,-32.2,11.598245333333336,-42.13282133982173,1046.246666666667
425,16.093,3.3000000000000043,-28.9,-32.2,11.517252,-42.091032159309215,1046.255
426,16.093,3.3000000000000043,-28.9,-32.2,11.436258666666667,-42.04899538942357,1046.263333333333
427,16.093,3.3000000000000043,-28.9,-32.2,11.355265333333334,-42.00670779411762,1046.2716666666663
428,16.093,3.3000000000000043,-28.9,-32.2,11.274272,-41.964166071594164,1046.28
429,16.093,3.3000000000000043,-28.9,-32.2,11.193278666666668,-41.92136685248656,1046.2883333333334
430,16.093,3.3000000000000043,-28.9,-32.2,11.112285333333334,-41.87830669797552,1046.2966666666666
431,16.093,3.305000000000004,-28.925,-32.230000000000004,10.9729768,-41.835209496249945,1046.29
432,16.093,3.313333333333337,-28.966666666666665,-32.28,10.794791466666666,-41.79104648651523,1046.2733333333333
433,16.093,3.32166666666667,-29.008333333333333,-32.33,10.616606133333333,-41.745390816050765,1046.256666666667
434,16.093,3.3300000000000027,-29.05,-32.38,10.4384208,-41.69819744922286,1046.24
435,16.093,3.338333333333336,-29.091666666666665,-32.43,10.260235466666666,-41.64941917120359,1046.2233333333334
436,16.093,3.3466666666666685,-29.133333333333333,-32.48,10.082050133333333,-41.599006442204406,1046.2066666666667
437,16.093,3.3550000000000013,-29.175,-32.53,9.9038648,-41.54690723917817,1046.1899999999998
438,16.093,3.363333333333334,-29.216666666666665,-32.58,9.725679466666666,-41.49306688366505,1046.1733333333332
439,16.093,3.371666666666667,-29.258333333333333,-32.629999999999995,9.547494133333332,-41.43742785429039,1046.1566666666663
440,16.093,3.38,-29.3,-32.68,9.3693088,-41.37992958223077,1046.14
441,16.093,3.3883333333333328,-29.341666666666665,-32.73,9.191123466666664,-41.32050822774446,1046.1233333333332
442,16.093,3.3966666666666656,-29.383333333333333,-32.779999999999994,9.012938133333332,-41.25909643560735,1046.1066666666666
443,16.093,3.3699999999999983,-29.43,-32.8,8.893068,-41.23977859807631,1046.11
444,16.093,3.3199999999999985,-29.48,-32.8,8.812074666666666,-41.249083723834424,1046.1266666666666
445,16.093,3.2699999999999982,-29.53,-32.8,8.731081333333332,-41.25788840621166,1046.1433333333332
446,16.093,3.219999999999998,-29.58,-32.8,8.650088,-41.26618456398668,1046.16
447,16.093,3.169999999999998,-29.63,-32.8,8.569094666666667,-41.27396390409199,1046.1766666666665
448,16.093,3.119999999999998,-29.68,-32.8,8.488101333333333,-41.281217913962294,1046.1933333333332
449,16.093,3.0699999999999976,-29.73,-32.8,8.407108,-41.28793785352966,1046.21
450,16.093,3.019999999999998,-29.78,-32.8,8.326114666666665,-41.29411474684612,1046.2266666666667
451,16.093,2.969999999999997,-29.83,-32.8,8.245121333333334,-41.299739373311944,1046.243333333333
452,16.093,2.9199999999999973,-29.88,-32.8,8.164128,-41.30480225848753,1046.26
453,16.093,2.869999999999997,-29.93,-32.8,8.083134666666666,-41.30929366446425,1046.2766666666666
454,16.093,2.819999999999997,-29.98,-32.8,8.002141333333332,-41.31320357976885,1046.2933333333333
455,16.093,2.7699999999999974,-30.085,-32.855,7.872552,-41.348980575543706,1046.32
456,16.093,2.719999999999997,-30.226666666666667,-32.946666666666665,7.710565333333333,-41.40418479327022,1046.3533333333332
457,16.093,2.6699999999999977,-30.36833333333333,-33.038333333333334,7.548578666666667,-41.45669077439325,1046.3866666666663
458,16.093,2.619999999999998,-30.51,-33.129999999999995,7.386592,-41.50639832050916,1046.42
459,16.093,2.569999999999998,-30.651666666666667,-33.221666666666664,7.224605333333333,-41.5532010698769,1046.4533333333334
460,16.093,2.5199999999999982,-30.793333333333333,-33.31333333333333,7.062618666666666,-41.59698596727071,1046.486666666667
461,16.093,2.4699999999999984,-30.935,-33.405,6.900632,-41.63763267476554,1046.52
462,16.093,2.4199999999999986,-31.076666666666668,-33.49666666666666,6.738645333333333,-41.675012915308315,1046.5533333333333
463,16.093,2.3699999999999988,-31.218333333333334,-33.58833333333333,6.576658666666667,-41.70898973957841,1046.5866666666666
464,16.093,2.319999999999999,-31.36,-33.68,6.414672,-41.73941670502807,1046.62
465,16.093,2.269999999999999,-31.501666666666665,-33.77166666666667,6.252685333333334,-41.76613695405834,1046.6533333333334
466,16.093,2.22,-31.64333333333333,-33.86333333333333,6.090698666666667,-41.78898217595497,1046.6866666666667
467,16.093,2.2,-31.645,-33.845,6.0745000000000005,-41.77597772391522,1046.69
468,16.093,2.199999999999999,-31.55333333333333,-33.75333333333333,6.155493333333334,-41.74009507884949,1046.6733333333334
469,16.093,2.1999999999999984,-31.461666666666662,-33.66166666666666,6.236486666666667,-41.70316625790542,1046.6566666666668
470,16.093,2.1999999999999984,-31.37,-33.57,6.317480000000001,-41.665214443007,1046.64
471,16.093,2.199999999999998,-31.27833333333333,-33.47833333333333,6.3984733333333335,-41.62626199451835,1046.6233333333334
472,16.093,2.199999999999997,-31.186666666666667,-33.38666666666666,6.479466666666667,-41.58633049055192,1046.6066666666668
473,16.093,2.199999999999997,-31.095,-33.294999999999995,6.560460000000001,-41.545440763925285,1046.59
474,16.093,2.199999999999997,-31.00333333333333,-33.20333333333333,6.641453333333334,-41.50361293693493,1046.5733333333333
475,16.093,2.1999999999999966,-30.91166666666667,-33.111666666666665,6.722446666666667,-41.46086645410074,1046.5566666666666
476,16.093,2.1999999999999966,-30.82,-33.02,6.80344,-41.41722011302282,1046.54
477,16.093,2.199999999999996,-30.72833333333333,-32.92833333333333,6.884433333333334,-41.37269209348085,1046.5233333333333
478,16.093,2.199999999999996,-30.636666666666667,-32.836666666666666,6.965426666666668,-41.327299984895205,1046.506666666667
479,16.093,2.199999999999996,-30.655,-32.855,7.095016,-41.45425268832551,1046.515
480,16.093,2.199999999999996,-30.746666666666663,-32.946666666666665,7.257002666666667,-41.69483831437604,1046.54
481,16.093,2.1999999999999966,-30.83833333333333,-33.038333333333334,7.418989333333333,-41.933425892334824,1046.565
482,16.093,2.1999999999999966,-30.93,-33.129999999999995,7.580976,-42.17009986668653,1046.59
483,16.093,2.199999999999997,-31.02166666666667,-33.221666666666664,7.742962666666667,-42.40493951515256,1046.615
484,16.093,2.199999999999997,-31.113333333333333,-33.31333333333333,7.904949333333334,-42.63801936355624,1046.64
485,16.093,2.199999999999997,-31.205,-33.405,8.066936,-42.869409559690524,1046.665
486,16.093,2.199999999999998,-31.296666666666667,-33.49666666666666,8.228922666666666,-43.09917621097222,1046.69
487,16.093,2.1999999999999984,-31.38833333333333,-33.58833333333333,8.390909333333333,-43.32738169002539,1046.715
488,16.093,2.1999999999999984,-31.48,-33.68,8.552896,-43.55408491179354,1046.74
489,16.093,2.199999999999999,-31.571666666666665,-33.77166666666667,8.714882666666666,-43.779341585315215,1046.765
490,16.093,2.2,-31.66333333333333,-33.86333333333333,8.876869333333334,-44.00320444290258,1046.79
491,16.093,2.2,-31.67,-33.87,8.941664,-44.055086963245316,1046.795
492,16.093,2.199999999999999,-31.62,-33.82,8.941664,-43.99294757186985,1046.7866666666666
493,16.093,2.1999999999999984,-31.57,-33.77,8.941664,-43.93080818049438,1046.7783333333332
494,16.093,2.1999999999999984,-31.52,-33.72,8.941664,-43.86866878911892,1046.77
495,16.093,2.199999999999998,-31.47,-33.669999999999995,8.941664,-43.80652939774346,1046.7616666666668
496,16.093,2.199999999999997,-31.42,-33.62,8.941664,-43.74439000636801,1046.753333333333
497,16.093,2.199999999999997,-31.37,-33.57,8.941664,-43.68225061499254,1046.745
498,16.093,2.199999999999997,-31.32,-33.52,8.941664,-43.62011122361707,1046.736666666667
499,16.093,2.1999999999999966,-31.27,-33.47,8.941664,-43.55797183224161,1046.7283333333337
500,16.093,2.1999999999999966,-31.22,-33.419999999999995,8.941664,-43.49583244086615,1046.72
501,16.093,2.199999999999996,-31.17,-33.37,8.941664,-43.4336930494907,1046.7116666666666
502,16.093,2.199999999999996,-31.12,-33.32,8.941664,-43.37155365811523,1046.7033333333334
503,16.093,2.199999999999996,-31.155,-33.355,8.893068,-43.38265353443472,1046.705
504,16.093,2.199999999999996,-31.24666666666667,-33.446666666666665,8.812074666666666,-43.44211474177683,1046.7133333333334
505,16.093,2.199999999999996,-31.33833333333333,-33.538333333333334,8.731081333333332,-43.50098711009089,1046.7216666666668
506,16.093,2.199999999999996,-31.430000000000003,-33.629999999999995,8.650088,-43.559261455326165,1046.73
507,16.093,2.199999999999996,-31.52166666666667,-33.721666666666664,8.569094666666667,-43.616928355395515,1046.7383333333332
508,16.093,2.199999999999996,-31.613333333333337,-33.81333333333333,8.488101333333333,-43.67397814162612,1046.746666666667
509,16.093,2.199999999999996,-31.705,-33.905,8.407108,-43.730400889817034,1046.755
510,16.093,2.199999999999996,-31.79666666666667,-33.99666666666666,8.326114666666665,-43.78618641088171,1046.763333333333
511,16.093,2.199999999999996,-31.88833333333333,-34.08833333333333,8.245121333333334,-43.841324241051815,1046.7716666666663
512,16.093,2.199999999999996,-31.980000000000004,-34.18,8.164128,-43.89580363161726,1046.78
513,16.093,2.199999999999996,-32.07166666666667,-34.27166666666667,8.083134666666666,-43.949613538175534,1046.7883333333334
514,16.093,2.199999999999996,-32.163333333333334,-34.36333333333333,8.002141333333332,-44.00274260936183,1046.7966666666666
515,16.093,2.169999999999996,-32.175000000000004,-34.345,7.921148,-43.95671059197278,1046.81
516,16.093,2.119999999999996,-32.13333333333333,-34.25333333333333,7.840154666666666,-43.84454193753839,1046.8266666666666
517,16.093,2.0699999999999963,-32.09166666666667,-34.16166666666666,7.759161333333333,-43.73192644561226,1046.8433333333332
518,16.093,2.0199999999999965,-32.050000000000004,-34.07,7.678167999999999,-43.6188549840724,1046.86
519,16.093,1.9699999999999969,-32.00833333333333,-33.97833333333333,7.597174666666667,-43.50531814143419,1046.8766666666666
520,16.093,1.9199999999999968,-31.96666666666667,-33.88666666666666,7.516181333333333,-43.39130621527205,1046.8933333333332
521,16.093,1.869999999999997,-31.925,-33.794999999999995,7.435188,-43.276809200031536,1046.91
522,16.093,1.8199999999999967,-31.883333333333333,-33.70333333333333,7.354194666666666,-43.161816774193056,1046.9266666666667
523,16.093,1.7699999999999974,-31.84166666666667,-33.611666666666665,7.273201333333334,-43.04631828674506,1046.9433333333334
524,16.093,1.7199999999999975,-31.8,-33.52,7.192208,-42.93030274292136,1046.96
525,16.093,1.6699999999999977,-31.758333333333333,-33.42833333333333,7.111214666666667,-42.81375878915416,1046.9766666666667
526,16.093,1.619999999999998,-31.716666666666665,-33.336666666666666,7.030221333333333,-42.696674697189664,1046.993333333333
527,16.093,1.629999999999998,-31.615,-33.245,6.9978240000000005,-42.54608123152302,1047.01
528,16.093,1.6799999999999986,-31.473333333333333,-33.15333333333333,6.9978240000000005,-42.37340474998784,1047.0266666666666
529,16.093,1.7299999999999989,-31.331666666666667,-33.06166666666667,6.9978240000000005,-42.20072826845267,1047.0433333333333
530,16.093,1.7799999999999994,-31.19,-32.97,6.9978240000000005,-42.0280517869175,1047.06
531,16.093,1.83,-31.04833333333333,-32.87833333333333,6.9978240000000005,-41.85537530538231,1047.0766666666666
532,16.093,1.8800000000000003,-30.906666666666663,-32.78666666666667,6.9978240000000005,-41.68269882384715,1047.0933333333332
533,16.093,1.9300000000000008,-30.765,-32.695,6.9978240000000005,-41.51002234231197,1047.11
534,16.093,1.980000000000001,-30.62333333333333,-32.60333333333333,6.9978240000000005,-41.33734586077679,1047.1266666666668
535,16.093,2.0300000000000016,-30.481666666666666,-32.51166666666667,6.9978240000000005,-41.16466937924163,1047.1433333333334
536,16.093,2.080000000000002,-30.34,-32.42,6.9978240000000005,-40.99199289770645,1047.16
537,16.093,2.1300000000000026,-30.19833333333333,-32.32833333333333,6.9978240000000005,-40.819316416171276,1047.1766666666667
538,16.093,2.180000000000003,-30.056666666666665,-32.23666666666667,6.9978240000000005,-40.6466399346361,1047.1933333333334
539,16.093,2.2550000000000026,-29.835,-32.09,7.095016,-40.453678297483236,1047.215
540,16.093,2.3466666666666693,-29.56,-31.90666666666667,7.257002666666667,-40.244281821510214,1047.24
541,16.093,2.438333333333336,-29.285,-31.723333333333336,7.418989333333333,-40.031361123304194,1047.265
542,16.093,2.530000000000002,-29.01,-31.540000000000003,7.580976,-39.81504184154023,1047.29
543,16.093,2.621666666666669,-28.735,-31.35666666666667,7.742962666666667,-39.59544231836571,1047.315
544,16.093,2.713333333333335,-28.46,-31.173333333333336,7.904949333333334,-39.37267417061083,1047.34
545,16.093,2.805000000000001,-28.185,-30.99,8.066936,-39.14684280539119,1047.365
546,16.093,2.8966666666666683,-27.91,-30.80666666666667,8.228922666666666,-38.91804788652735,1047.39
547,16.093,2.9883333333333346,-27.635,-30.62333333333333,8.390909333333333,-38.68638375735116,1047.415
548,16.093,3.080000000000001,-27.36,-30.44,8.552896,-38.45193982474325,1047.44
549,16.093,3.171666666666668,-27.085,-30.256666666666668,8.714882666666666,-38.21480090862586,1047.465
550,16.093,3.263333333333334,-26.81,-30.07333333333333,8.876869333333334,-37.975047560605304,1047.49
551,16.093,3.3050000000000006,-26.585,-29.89,8.893068,-37.705587761009824,1047.5
552,16.093,3.3133333333333344,-26.39333333333333,-29.706666666666667,8.812074666666666,-37.417486133995425,1047.5
553,16.093,3.321666666666668,-26.201666666666664,-29.523333333333333,8.731081333333332,-37.129346367827495,1047.5
554,16.093,3.330000000000001,-26.01,-29.34,8.650088,-36.84116591421265,1047.5
555,16.093,3.3383333333333347,-25.81833333333333,-29.156666666666663,8.569094666666667,-36.552942141861905,1047.5
556,16.093,3.346666666666668,-25.626666666666665,-28.973333333333333,8.488101333333333,-36.26467233320501,1047.5
557,16.093,3.3550000000000013,-25.435,-28.79,8.407108,-35.97635368094523,1047.5
558,16.093,3.363333333333335,-25.24333333333333,-28.606666666666666,8.326114666666665,-35.687983284445366,1047.5
559,16.093,3.3716666666666684,-25.051666666666662,-28.42333333333333,8.245121333333334,-35.39955814593523,1047.5
560,16.093,3.3800000000000017,-24.86,-28.24,8.164128,-35.11107516652979,1047.5
561,16.093,3.3883333333333354,-24.668333333333333,-28.05666666666667,8.083134666666666,-34.82253114204676,1047.5
562,16.093,3.3966666666666687,-24.476666666666667,-27.87333333333333,8.002141333333332,-34.53392275861158,1047.5
563,16.093,3.3950000000000022,-24.375,-27.77,7.921148,-34.35602374397507,1047.465
564,16.093,3.3866666666666685,-24.33333333333333,-27.72,7.840154666666666,-34.251664541306596,1047.4066666666668
565,16.093,3.378333333333335,-24.291666666666664,-27.67,7.759161333333333,-34.146926565729856,1047.3483333333334
566,16.093,3.370000000000002,-24.25,-27.62,7.678167999999999,-34.04180199821339,1047.29
567,16.093,3.361666666666668,-24.20833333333333,-27.57,7.597174666666667,-33.936282779877125,1047.2316666666666
568,16.093,3.353333333333335,-24.166666666666664,-27.52,7.516181333333333,-33.83036060203903,1047.1733333333334
569,16.093,3.345000000000001,-24.125,-27.47,7.435188,-33.724026895737275,1047.115
570,16.093,3.336666666666668,-24.08333333333333,-27.42,7.354194666666666,-33.617272820694744,1047.0566666666666
571,16.093,3.3283333333333345,-24.041666666666664,-27.37,7.273201333333334,-33.510089253689344,1046.9983333333332
572,16.093,3.320000000000001,-24.0,-27.32,7.192208,-33.40246677629127,1046.94
573,16.093,3.3116666666666674,-23.95833333333333,-27.27,7.111214666666667,-33.294395661925336,1046.881666666667
574,16.093,3.303333333333334,-23.916666666666664,-27.22,7.030221333333333,-33.18586586221303,1046.8233333333333
575,16.093,3.3000000000000007,-23.845,-27.145,6.9978240000000005,-33.075284091323226,1046.76
576,16.093,3.3000000000000007,-23.75333333333333,-27.05333333333333,6.9978240000000005,-32.963552250329876,1046.6933333333334
577,16.093,3.3000000000000007,-23.661666666666665,-26.961666666666662,6.9978240000000005,-32.851820409336526,1046.6266666666666
578,16.093,3.3000000000000007,-23.57,-26.87,6.9978240000000005,-32.74008856834318,1046.56
579,16.093,3.3000000000000007,-23.47833333333333,-26.77833333333333,6.9978240000000005,-32.62835672734983,1046.493333333333
580,16.093,3.3000000000000007,-23.386666666666667,-26.686666666666667,6.9978240000000005,-32.51662488635648,1046.4266666666667
581,16.093,3.3000000000000007,-23.295,-26.595,6.9978240000000005,-32.40489304536314,1046.36
582,16.093,3.3000000000000007,-23.203333333333333,-26.50333333333333,6.9978240000000005,-32.293161204369795,1046.2933333333333
583,16.093,3.3000000000000007,-23.111666666666668,-26.41166666666667,6.9978240000000005,-32.18142936337644,1046.2266666666667
584,16.093,3.3000000000000007,-23.02,-26.32,6.9978240000000005,-32.069697522383095,1046.16
585,16.093,3.3000000000000007,-22.92833333333333,-26.22833333333333,6.9978240000000005,-31.95796568138974,1046.0933333333332
586,16.093,3.3000000000000007,-22.836666666666662,-26.136666666666667,6.9978240000000005,-31.846233840396394,1046.0266666666666
587,16.093,3.3000000000000007,-22.745,-26.045,6.852036,-31.63119947485415,1045.955
588,16.093,3.3000000000000007,-22.65333333333333,-25.953333333333333,6.609056000000001,-31.343618207100814,1045.88
589,16.093,3.3000000000000007,-22.561666666666667,-25.861666666666668,6.3660760000000005,-31.051152603740938,1045.805
590,16.093,3.3000000000000007,-22.47,-25.77,6.123096,-30.753439315697953,1045.73
591,16.093,3.3000000000000007,-22.37833333333333,-25.67833333333333,5.880116,-30.450072831711065,1045.655
592,16.093,3.3000000000000007,-22.286666666666665,-25.586666666666662,5.637136,-30.140598626354127,1045.58
593,16.093,3.3000000000000007,-22.195,-25.495,5.394156000000001,-29.82450484599898,1045.505
594,16.093,3.3000000000000007,-22.10333333333333,-25.40333333333333,5.151176,-29.501212139360746,1045.4299999999998
595,16.093,3.3000000000000007,-22.011666666666667,-25.311666666666667,4.908196,-29.170061109386758,1045.355
596,16.093,3.3000000000000007,-21.92,-25.22,4.665216,-28.83029668174465,1045.28
597,16.093,3.3000000000000007,-21.828333333333333,-25.12833333333333,4.422236,-28.481048427648446,1045.205
598,16.093,3.3000000000000007,-21.736666666666665,-25.036666666666665,4.179256,-28.121305507318752,1045.13
599,16.093,3.3250000000000006,-21.645,-24.97,4.227852,-28.06515963579306,1045.09
600,16.093,3.3666666666666667,-21.55333333333333,-24.92,4.470832,-28.206283047513644,1045.0733333333333
601,16.093,3.408333333333333,-21.461666666666662,-24.87,4.713812,-28.33541713490672,1045.0566666666666
602,16.093,3.45,-21.37,-24.82,4.956792,-28.453650348908493,1045.04
603,16.093,3.491666666666666,-21.27833333333333,-24.77,5.199772,-28.561923557416762,1045.0233333333333
604,16.093,3.5333333333333323,-21.186666666666667,-24.72,5.4427520000000005,-28.661055959122443,1045.006666666667
605,16.093,3.574999999999999,-21.095,-24.67,5.685732,-28.75176550526748,1044.99
606,16.093,3.616666666666666,-21.00333333333333,-24.62,5.928712000000001,-28.834685175887415,1044.9733333333334
607,16.093,3.658333333333331,-20.91166666666667,-24.57,6.171692,-28.91037608581299,1044.9566666666667
608,16.093,3.699999999999998,-20.82,-24.52,6.414672,-28.979338137254018,1044.94
609,16.093,3.741666666666665,-20.72833333333333,-24.47,6.657652000000001,-29.042018752939228,1044.9233333333334
610,16.093,3.7833333333333306,-20.636666666666667,-24.42,6.900632000000001,-29.098820092492257,1044.9066666666668
611,16.093,3.774999999999997,-20.655,-24.43,6.9978240000000005,-29.187016024754715,1044.9150000000002
612,16.093,3.733333333333331,-20.746666666666663,-24.48,6.9978240000000005,-29.29874786574806,1044.94
613,16.093,3.6916666666666647,-20.83833333333333,-24.53,6.9978240000000005,-29.410479706741405,1044.965
614,16.093,3.649999999999998,-20.93,-24.58,6.9978240000000005,-29.52221154773476,1044.99
615,16.093,3.608333333333332,-21.02166666666667,-24.63,6.9978240000000005,-29.633943388728106,1045.015
616,16.093,3.566666666666665,-21.113333333333333,-24.68,6.9978240000000005,-29.745675229721456,1045.04
617,16.093,3.524999999999999,-21.205,-24.73,6.9978240000000005,-29.8574070707148,1045.065
618,16.093,3.4833333333333325,-21.296666666666667,-24.78,6.9978240000000005,-29.96913891170815,1045.09
619,16.093,3.4416666666666664,-21.38833333333333,-24.83,6.9978240000000005,-30.080870752701493,1045.115
620,16.093,3.4,-21.48,-24.88,6.9978240000000005,-30.19260259369485,1045.14
621,16.093,3.3583333333333334,-21.571666666666665,-24.93,6.9978240000000005,-30.304334434688194,1045.165
622,16.093,3.316666666666668,-21.66333333333333,-24.98,6.9978240000000005,-30.416066275681537,1045.19
623,16.093,3.275000000000001,-21.835,-25.11,6.900632000000001,-30.557859782839316,1045.2
624,16.093,3.233333333333334,-22.06,-25.293333333333333,6.738645333333333,-30.717090806409068,1045.2
625,16.093,3.191666666666668,-22.285,-25.476666666666667,6.576658666666667,-30.87295363417703,1045.2
626,16.093,3.150000000000001,-22.51,-25.66,6.414672,-31.025308989202614,1045.2
627,16.093,3.1083333333333343,-22.735,-25.843333333333334,6.252685333333334,-31.174007818113758,1045.2
628,16.093,3.066666666666668,-22.96,-26.026666666666667,6.0906986666666665,-31.31889032303539,1045.2
629,16.093,3.025000000000001,-23.185,-26.21,5.928712,-31.459784868633594,1045.2
630,16.093,2.9833333333333343,-23.41,-26.39333333333333,5.7667253333333335,-31.596506744234087,1045.2
631,16.093,2.941666666666668,-23.635,-26.576666666666668,5.604738666666667,-31.72885675709145,1045.2
632,16.093,2.900000000000001,-23.86,-26.76,5.4427520000000005,-31.85661962811657,1045.2
633,16.093,2.8583333333333343,-24.085,-26.94333333333333,5.280765333333333,-31.97956215547623,1045.2
634,16.093,2.816666666666668,-24.31,-27.126666666666665,5.118778666666667,-32.097431104152534,1045.2
635,16.093,2.7700000000000005,-24.515,-27.285,5.053984,-32.279784290767964,1045.2
636,16.093,2.7200000000000006,-24.706666666666667,-27.426666666666662,5.053984,-32.50759620743354,1045.2
637,16.093,2.6700000000000004,-24.898333333333333,-27.56833333333333,5.053984,-32.73540812409911,1045.2
638,16.093,2.62,-25.09,-27.71,5.053984,-32.96322004076468,1045.2
639,16.093,2.5700000000000003,-25.281666666666663,-27.851666666666667,5.053984,-33.191031957430255,1045.2
640,16.093,2.52,-25.473333333333333,-27.99333333333333,5.053984,-33.41884387409583,1045.2
641,16.093,2.47,-25.665,-28.135,5.053984,-33.64665579076141,1045.2
642,16.093,2.42,-25.856666666666666,-28.276666666666667,5.053984,-33.87446770742698,1045.2
643,16.093,2.37,-26.04833333333333,-28.418333333333333,5.053984,-34.102279624092546,1045.2
644,16.093,2.3199999999999994,-26.24,-28.56,5.053984,-34.330091540758126,1045.2
645,16.093,2.27,-26.431666666666665,-28.701666666666664,5.053984,-34.5579034574237,1045.2
646,16.093,2.22,-26.62333333333333,-28.843333333333334,5.053984,-34.78571537408928,1045.2
647,16.093,2.224999999999999,-26.645,-28.87,5.248368,-35.00147704731502,1045.17
648,16.093,2.266666666666666,-26.55333333333333,-28.82,5.572341333333333,-35.19563621163523,1045.12
649,16.093,2.3083333333333327,-26.461666666666662,-28.77,5.896314666666666,-35.37433833821504,1045.07
650,16.093,2.349999999999999,-26.37,-28.72,6.220288,-35.53908222112514,1045.02
651,16.093,2.3916666666666657,-26.27833333333333,-28.67,6.544261333333333,-35.691150760635004,1044.97
652,16.093,2.4333333333333327,-26.186666666666667,-28.62,6.868234666666666,-35.83165110273084,1044.92
653,16.093,2.474999999999999,-26.095,-28.57,7.192207999999999,-35.96154579553358,1044.87
654,16.093,2.5166666666666657,-26.00333333333333,-28.52,7.516181333333333,-36.081677282761845,1044.82
655,16.093,2.5583333333333327,-25.91166666666667,-28.47,7.840154666666667,-36.19278738195437,1044.77
656,16.093,2.599999999999999,-25.82,-28.42,8.164128,-36.29553293710339,1044.72
657,16.093,2.6416666666666657,-25.72833333333333,-28.37,8.488101333333333,-36.390498517590785,1044.6699999999998
658,16.093,2.6833333333333327,-25.636666666666667,-28.32,8.812074666666666,-36.478206811216324,1044.62
659,16.093,2.6749999999999994,-25.71,-28.385,8.795876,-36.559315778862896,1044.605
660,16.093,2.6333333333333324,-25.89333333333333,-28.526666666666667,8.552895999999999,-36.63564222093894,1044.6133333333332
661,16.093,2.591666666666666,-26.076666666666668,-28.668333333333333,8.309916,-36.70728756920087,1044.621666666667
662,16.093,2.5499999999999994,-26.26,-28.81,8.066936,-36.774014659024886,1044.63
663,16.093,2.508333333333333,-26.44333333333333,-28.951666666666668,7.823956,-36.835566229784234,1044.638333333333
664,16.093,2.466666666666666,-26.62666666666667,-29.093333333333334,7.580976,-36.8916625221312,1044.6466666666663
665,16.093,2.4249999999999994,-26.81,-29.235,7.337996,-36.94199849970798,1044.655
666,16.093,2.383333333333333,-26.993333333333336,-29.37666666666667,7.095016,-36.986240621901764,1044.6633333333334
667,16.093,2.341666666666666,-27.17666666666667,-29.51833333333333,6.852036,-37.02402307685729,1044.6716666666666
668,16.093,2.2999999999999994,-27.36,-29.66,6.609056000000001,-37.054943361653834,1044.68
669,16.093,2.258333333333333,-27.543333333333333,-29.801666666666662,6.3660760000000005,-37.07855706772416,1044.6883333333333
670,16.093,2.216666666666666,-27.726666666666667,-29.94333333333333,6.123096,-37.094371692005325,1044.6966666666667
671,16.093,2.2,-27.8,-30.0,5.870396800000001,-36.96088194440542,1044.715
672,16.093,2.2,-27.8,-30.0,5.611218133333334,-36.724742722896565,1044.74
673,16.093,2.2,-27.8,-30.0,5.352039466666668,-36.479256643946954,1044.765
674,16.093,2.2,-27.8,-30.0,5.0928608,-36.22357302659364,1044.79
675,16.093,2.2,-27.8,-30.0,4.833682133333333,-35.95671543841749,1044.815
676,16.093,2.2,-27.8,-30.0,4.574503466666667,-35.67755517310077,1044.84
677,16.093,2.2,-27.8,-30.0,4.315324800000001,-35.38477726516141,1044.865
678,16.093,2.2,-27.8,-30.0,4.056146133333334,-35.07683635075581,1044.89
679,16.093,2.2,-27.8,-30.0,3.796967466666667,-34.75189847155254,1044.915
680,16.093,2.2,-27.8,-30.0,3.5377888000000004,-34.407763036846006,1044.94
681,16.093,2.2,-27.8,-30.0,3.2786101333333337,-34.04175615778502,1044.965
682,16.093,2.2,-27.8,-30.0,3.019431466666667,-33.65058163377982,1044.99
683,16.093,2.2,-27.8,-30.0,3.0712672000000003,-33.73101409042651,1044.94
684,16.093,2.2,-27.8,-30.0,3.330445866666667,-34.11685502133365,1044.84
685,16.093,2.2,-27.8,-30.0,3.5896245333333336,-34.478246411454066,1044.74
686,16.093,2.2,-27.8,-30.0,3.8488032,-34.81834539588442,1044.64
687,16.093,2.2,-27.8,-30.0,4.107981866666667,-35.13972088943332,1044.54
688,16.093,2.2,-27.8,-30.0,4.367160533333333,-35.44449269793546,1044.44
689,16.093,2.2,-27.8,-30.0,4.6263392,-35.73443155593621,1044.34
690,16.093,2.2,-27.8,-30.0,4.885517866666667,-36.01103261057949,1044.24
691,16.093,2.2,-27.8,-30.0,5.144696533333334,-36.27557041628533,1044.14
692,16.093,2.2,-27.8,-30.0,5.4038752,-36.529140777303944,1044.04
693,16.093,2.2,-27.8,-30.0,5.663053866666667,-36.772693055451825,1043.94
694,16.093,2.2,-27.8,-30.0,5.922232533333334,-37.00705544728262,1043.84
695,16.093,2.2299999999999995,-27.88,-30.11,5.977308000000001,-37.152065471828024,1043.755
696,16.093,2.28,-28.01333333333333,-30.293333333333333,5.896314666666667,-37.24059679884636,1043.68
697,16.093,2.3300000000000005,-28.14666666666667,-30.476666666666667,5.815321333333333,-37.32795178920184,1043.605
698,16.093,2.380000000000001,-28.28,-30.66,5.7343280000000005,-37.414102902603794,1043.53
699,16.093,2.430000000000001,-28.41333333333333,-30.843333333333334,5.653334666666667,-37.499021520600365,1043.455
700,16.093,2.4800000000000018,-28.546666666666667,-31.026666666666667,5.572341333333333,-37.58267788778112,1043.38
701,16.093,2.530000000000002,-28.68,-31.21,5.491348,-37.665041048853986,1043.305
702,16.093,2.5800000000000023,-28.813333333333333,-31.39333333333333,5.410354666666667,-37.7460787812412,1043.23
703,16.093,2.630000000000003,-28.946666666666665,-31.576666666666668,5.329361333333333,-37.82575752280198,1043.155
704,16.093,2.680000000000004,-29.08,-31.76,5.248368,-37.90404229424915,1043.0800000000002
705,16.093,2.730000000000004,-29.21333333333333,-31.94333333333333,5.167374666666666,-37.98089661578112,1043.005
706,16.093,2.780000000000004,-29.346666666666664,-32.12666666666667,5.086381333333333,-38.05628241739893,1042.93
707,16.093,2.8000000000000043,-29.32,-32.120000000000005,5.199771999999999,-38.140916151080006,1042.885
708,16.093,2.800000000000004,-29.186666666666664,-31.986666666666668,5.442752,-38.22384000598767,1042.86
709,16.093,2.800000000000004,-29.05333333333333,-31.85333333333333,5.685732,-38.29676851076155,1042.835
710,16.093,2.800000000000004,-28.92,-31.72,5.928712,-38.360448002888425,1042.81
711,16.093,2.800000000000003,-28.786666666666665,-31.58666666666667,6.171692,-38.41554025246252,1042.785
712,16.093,2.8000000000000025,-28.65333333333333,-31.453333333333337,6.414672,-38.46263498553644,1042.76
713,16.093,2.8000000000000025,-28.52,-31.32,6.657652,-38.50226015222901,1042.735
714,16.093,2.800000000000002,-28.386666666666667,-31.186666666666667,6.900632,-38.53489041253931,1042.71
715,16.093,2.8000000000000016,-28.25333333333333,-31.05333333333333,7.143611999999999,-38.560954200608016,1042.685
716,16.093,2.8000000000000016,-28.12,-30.92,7.386591999999999,-38.58083964546162,1042.66
717,16.093,2.800000000000001,-27.986666666666668,-30.78666666666667,7.629572,-38.59489956460747,1042.635
718,16.093,2.8000000000000007,-27.85333333333333,-30.653333333333336,7.872551999999999,-38.60345570037137,1042.61
719,16.093,2.7700000000000005,-27.8,-30.57,8.1252512,-38.712076981235846,1042.58
720,16.093,2.7200000000000006,-27.8,-30.52,8.384429866666666,-38.88611362095195,1042.5466666666666
721,16.093,2.6700000000000004,-27.8,-30.47,8.643608533333333,-39.05568839565703,1042.513333333333
722,16.093,2.62,-27.8,-30.42,8.9027872,-39.22104447577051,1042.48
723,16.093,2.5700000000000003,-27.8,-30.37,9.161965866666666,-39.38240516328037,1042.4466666666667
724,16.093,2.52,-27.8,-30.32,9.421144533333331,-39.53997602549521,1042.4133333333334
725,16.093,2.47,-27.8,-30.27,9.6803232,-39.69394674780689,1042.38
726,16.093,2.42,-27.8,-30.22,9.939501866666667,-39.84449274893188,1042.3466666666666
727,16.093,2.37,-27.8,-30.17,10.198680533333334,-39.99177659442701,1042.3133333333333
728,16.093,2.3199999999999994,-27.8,-30.12,10.4578592,-40.1359492381151,1042.28
729,16.093,2.27,-27.8,-30.07,10.717037866666669,-40.27715111608173,1042.246666666667
730,16.093,2.22,-27.8,-30.02,10.976216533333334,-40.41551311386412,1042.2133333333334
731,16.093,2.2,-27.8,-30.0,10.8757848,-40.36222687631803,1042.15
732,16.093,2.2,-27.8,-30.0,10.5356128,-40.17861559996818,1042.0666666666666
733,16.093,2.2,-27.8,-30.0,10.1954408,-39.98995505143141,1041.9833333333331
734,16.093,2.2,-27.8,-30.0,9.8552688,-39.79593074519455,1041.9
735,16.093,2.2,-27.8,-30.0,9.5150968,-39.59619690039455,1041.8166666666666
736,16.093,2.2,-27.8,-30.0,9.1749248,-39.39037207648679,1041.7333333333331
737,16.093,2.2,-27.8,-30.0,8.8347528,-39.178034012763305,1041.65
738,16.093,2.2,-27.8,-30.0,8.494580800000001,-38.95871348958754,1041.5666666666666
739,16.093,2.2,-27.8,-30.0,8.1544088,-38.731886978413726,1041.4833333333331
740,16.093,2.2,-27.8,-30.0,7.814236800000001,-38.49696777992823,1041.4
741,16.093,2.2,-27.8,-30.0,7.474064800000001,-38.253295258337275,1041.3166666666666
742,16.093,2.2,-27.8,-30.0,7.133892800000001,-38.000121655244556,1041.2333333333331
743,16.093,2.229999999999999,-27.715,-29.945,7.2019272,-37.94771567659156,1041.17
744,16.093,2.279999999999999,-27.57333333333333,-29.85333333333333,7.542099200000001,-38.02484964196915,1041.12
745,16.093,2.3299999999999987,-27.43166666666667,-29.761666666666667,7.8822712,-38.0914404313811,1041.07
746,16.093,2.3799999999999986,-27.29,-29.67,8.2224432,-38.14828091716956,1041.02
747,16.093,2.4299999999999984,-27.148333333333333,-29.578333333333333,8.5626152,-38.19607336627338,1040.97
748,16.093,2.479999999999998,-27.006666666666668,-29.486666666666665,8.9027872,-38.235442972595365,1040.92
749,16.093,2.529999999999998,-26.865,-29.395,9.2429592,-38.2669489319895,1040.87
750,16.093,2.579999999999998,-26.723333333333333,-29.30333333333333,9.5831312,-38.29109357940826,1040.82
751,16.093,2.6299999999999977,-26.581666666666667,-29.211666666666662,9.9233032,-38.30832998351306,1040.77
752,16.093,2.679999999999997,-26.44,-29.12,10.2634752,-38.319068302731125,1040.72
753,16.093,2.7299999999999973,-26.298333333333336,-29.02833333333333,10.6036472,-38.32368113882146,1040.6699999999998
754,16.093,2.779999999999997,-26.156666666666663,-28.936666666666664,10.9438192,-38.32250807294567,1040.62
755,16.093,2.7699999999999974,-26.155,-28.925,10.9243808,-38.31039596026828,1040.5649999999998
756,16.093,2.719999999999997,-26.246666666666663,-28.966666666666665,10.665202133333334,-38.291073656219204,1040.506666666667
757,16.093,2.6699999999999977,-26.33833333333333,-29.008333333333333,10.406023466666667,-38.26850920986036,1040.4483333333333
758,16.093,2.619999999999998,-26.43,-29.05,10.1468448,-38.242559164795644,1040.39
759,16.093,2.569999999999998,-26.52166666666667,-29.091666666666665,9.887666133333331,-38.21306968855767,1040.3316666666667
760,16.093,2.5199999999999982,-26.613333333333333,-29.133333333333333,9.628487466666666,-38.179875523360884,1040.2733333333333
761,16.093,2.4699999999999984,-26.705,-29.175,9.3693088,-38.14279879908932,1040.215
762,16.093,2.4199999999999986,-26.796666666666667,-29.216666666666665,9.110130133333334,-38.10164768604975,1040.1566666666668
763,16.093,2.3699999999999988,-26.88833333333333,-29.258333333333333,8.850951466666666,-38.05621486060177,1040.0983333333334
764,16.093,2.319999999999999,-26.98,-29.3,8.5917728,-38.00627575133038,1040.04
765,16.093,2.269999999999999,-27.071666666666665,-29.341666666666665,8.332594133333332,-37.951586526676465,1039.9816666666668
766,16.093,2.22,-27.16333333333333,-29.383333333333333,8.073415466666667,-37.891881776524855,1039.9233333333334
767,16.093,2.229999999999999,-27.145,-29.375,8.066936,-37.86489928735433,1039.85
768,16.093,2.279999999999999,-27.05333333333333,-29.33333333333333,8.228922666666666,-37.86041995406441,1039.7666666666669
769,16.093,2.3299999999999987,-26.961666666666662,-29.291666666666664,8.390909333333333,-37.85380686356767,1039.6833333333334
770,16.093,2.3799999999999986,-26.87,-29.25,8.552896,-37.84513130710863,1039.6
771,16.093,2.4299999999999984,-26.77833333333333,-29.20833333333333,8.714882666666666,-37.834460832656006,1039.5166666666669
772,16.093,2.479999999999998,-26.686666666666667,-29.166666666666664,8.876869333333334,-37.821859507964504,1039.4333333333334
773,16.093,2.529999999999998,-26.595,-29.125,9.038856,-37.807388160682436,1039.35
774,16.093,2.579999999999998,-26.50333333333333,-29.08333333333333,9.200842666666668,-37.79110459788283,1039.2666666666669
775,16.093,2.6299999999999977,-26.41166666666667,-29.041666666666664,9.362829333333334,-37.77306380711194,1039.1833333333334
776,16.093,2.679999999999997,-26.32,-29.0,9.524816,-37.753318140803614,1039.1
777,16.093,2.7299999999999973,-26.22833333333333,-28.95833333333333,9.686802666666669,-37.73191748569485,1039.0166666666669
778,16.093,2.779999999999997,-26.136666666666667,-28.916666666666664,9.848789333333333,-37.7089094186925,1038.9333333333334
779,16.093,2.7949999999999973,-26.075000000000003,-28.87,9.816392,-37.61346659873979,1038.84
780,16.093,2.786666666666664,-26.03333333333333,-28.82,9.654405333333331,-37.46956321905992,1038.74
781,16.093,2.778333333333331,-25.991666666666667,-28.77,9.492418666666667,-37.324498461003216,1038.64
782,16.093,2.769999999999998,-25.950000000000003,-28.72,9.330432,-37.17823417899892,1038.54
783,16.093,2.7616666666666645,-25.90833333333333,-28.67,9.168445333333333,-37.03073031190265,1038.44
784,16.093,2.753333333333332,-25.866666666666667,-28.62,9.006458666666667,-36.8819447513647,1038.34
785,16.093,2.7449999999999983,-25.825000000000003,-28.57,8.844472,-36.73183319861541,1038.24
786,16.093,2.736666666666665,-25.78333333333333,-28.52,8.682485333333332,-36.58034900841662,1038.14
787,16.093,2.728333333333332,-25.741666666666667,-28.47,8.520498666666667,-36.4274430187663,1038.04
788,16.093,2.719999999999999,-25.700000000000003,-28.42,8.358512,-36.27306336475882,1037.94
789,16.093,2.7116666666666656,-25.65833333333333,-28.37,8.196525333333334,-36.117155274788864,1037.84
790,16.093,2.7033333333333327,-25.616666666666667,-28.32,8.034538666666666,-35.95966084703986,1037.74
791,16.093,2.6749999999999994,-25.6,-28.275,8.01834,-35.92842123397971,1037.645
792,16.093,2.6333333333333324,-25.6,-28.23333333333333,8.099333333333332,-35.981751820579746,1037.5533333333333
793,16.093,2.591666666666666,-25.6,-28.191666666666663,8.180326666666666,-36.034636295984285,1037.4616666666666
794,16.093,2.5499999999999994,-25.6,-28.15,8.26132,-36.087082753929394,1037.37
795,16.093,2.508333333333333,-25.6,-28.10833333333333,8.342313333333333,-36.1390990637122,1037.2783333333334
796,16.093,2.466666666666666,-25.6,-28.066666666666663,8.423306666666667,-36.19069287852473,1037.1866666666667
797,16.093,2.4249999999999994,-25.6,-28.025,8.504299999999999,-36.24187164340137,1037.095
798,16.093,2.383333333333333,-25.6,-27.98333333333333,8.585293333333333,-36.2926426028016,1037.003333333333
799,16.093,2.341666666666666,-25.6,-27.941666666666663,8.666286666666666,-36.34301280784762,1036.9116666666666
800,16.093,2.2999999999999994,-25.6,-27.9,8.74728,-36.39298912323604,1036.82
801,16.093,2.258333333333333,-25.6,-27.85833333333333,8.828273333333332,-36.44257823384089,1036.7283333333332
802,16.093,2.216666666666666,-25.6,-27.816666666666663,8.909266666666666,-36.49178665102459,1036.6366666666663
803,16.093,2.2299999999999995,-25.540000000000003,-27.77,9.0971712,-36.52984869054148,1036.55
804,16.093,2.28,-25.44,-27.72,9.356349866666667,-36.55727486944512,1036.4666666666665
805,16.093,2.33,-25.34,-27.67,9.615528533333332,-36.5806524040196,1036.3833333333332
806,16.093,2.38,-25.24,-27.62,9.8747072,-36.60017140132403,1036.3
807,16.093,2.43,-25.14,-27.57,10.133885866666668,-36.61600813358815,1036.2166666666665
808,16.093,2.48,-25.04,-27.52,10.393064533333334,-36.62832637429157,1036.1333333333332
809,16.093,2.53,-24.94,-27.47,10.6522432,-36.637278575198195,1036.05
810,16.093,2.58,-24.84,-27.42,10.911421866666668,-36.6430069066697,1035.9666666666665
811,16.093,2.6300000000000003,-24.74,-27.37,11.170600533333332,-36.64564417999533,1035.8833333333332
812,16.093,2.6800000000000006,-24.64,-27.32,11.4297792,-36.64531466753447,1035.8
813,16.093,2.7300000000000004,-24.54,-27.27,11.688957866666668,-36.642134834045194,1035.7166666666665
814,16.093,2.7800000000000007,-24.44,-27.22,11.948136533333336,-36.6362139905655,1035.6333333333332
815,16.093,2.8000000000000007,-24.32,-27.12,12.304507200000002,-36.646103529308455,1035.54
816,16.093,2.8000000000000007,-24.186666666666664,-26.986666666666665,12.725672533333334,-36.662684054052704,1035.4399999999998
817,16.093,2.8000000000000007,-24.05333333333333,-26.85333333333333,13.146837866666669,-36.67321788921977,1035.34
818,16.093,2.8000000000000007,-23.92,-26.72,13.5680032,-36.67804003071088,1035.24
819,16.093,2.8000000000000007,-23.786666666666665,-26.586666666666662,13.989168533333334,-36.67745674432592,1035.14
820,16.093,2.8000000000000007,-23.65333333333333,-26.453333333333333,14.410333866666669,-36.67174882350574,1035.04
821,16.093,2.8000000000000007,-23.52,-26.32,14.8314992,-36.66117439354585,1034.94
822,16.093,2.8000000000000007,-23.386666666666667,-26.186666666666667,15.252664533333334,-36.64597133643947,1034.84
823,16.093,2.8000000000000007,-23.25333333333333,-26.05333333333333,15.673829866666669,-36.62635939668092,1034.74
824,16.093,2.8000000000000007,-23.12,-25.92,16.0949952,-36.60254201741208,1034.64
825,16.093,2.8000000000000007,-22.986666666666668,-25.78666666666667,16.516160533333334,-36.57470794756562,1034.54
826,16.093,2.8000000000000007,-22.85333333333333,-25.653333333333336,16.93732586666667,-36.5430326536547,1034.44
827,16.093,2.795000000000001,-22.69,-25.485000000000003,17.105792,-36.3851428686981,1034.34
828,16.093,2.786666666666667,-22.506666666666668,-25.293333333333333,17.105792,-36.14484101673336,1034.24
829,16.093,2.7783333333333338,-22.32333333333333,-25.101666666666667,17.105792,-35.90453916476862,1034.14
830,16.093,2.7700000000000005,-22.14,-24.91,17.105792,-35.664237312803905,1034.04
831,16.093,2.7616666666666667,-21.956666666666667,-24.718333333333334,17.105792,-35.42393546083917,1033.94
832,16.093,2.7533333333333334,-21.773333333333333,-24.526666666666667,17.105792,-35.18363360887444,1033.84
833,16.093,2.745,-21.59,-24.335,17.105792,-34.94333175690971,1033.74
834,16.093,2.7366666666666664,-21.406666666666663,-24.14333333333333,17.105792,-34.70302990494497,1033.64
835,16.093,2.728333333333333,-21.223333333333336,-23.951666666666668,17.105792,-34.46272805298025,1033.54
836,16.093,2.72,-21.040000000000003,-23.76,17.105792,-34.222426201015516,1033.44
837,16.093,2.711666666666666,-20.85666666666667,-23.56833333333333,17.105792,-33.982124349050785,1033.34
838,16.093,2.7033333333333327,-20.673333333333336,-23.37666666666667,17.105792,-33.74182249708605,1033.24
839,16.093,2.704999999999999,-20.46,-23.165,16.950284800000002,-33.41274929927654,1033.15
840,16.093,2.713333333333333,-20.226666666666667,-22.94,16.691106133333335,-33.0242720968976,1033.0666666666666
841,16.093,2.7216666666666662,-19.993333333333336,-22.715,16.431927466666668,-32.635502829032866,1032.9833333333331
842,16.093,2.7299999999999995,-19.76,-22.49,16.1727488,-32.24642558263883,1032.9
843,16.093,2.7383333333333333,-19.526666666666667,-22.265,15.913570133333334,-31.857023615416807,1032.8166666666666
844,16.093,2.7466666666666666,-19.293333333333333,-22.040000000000003,15.654391466666668,-31.46727930056818,1032.7333333333331
845,16.093,2.755,-19.06,-21.815,15.3952128,-31.077174066947922,1032.65
846,16.093,2.7633333333333336,-18.826666666666668,-21.59,15.136034133333334,-30.686688334151626,1032.5666666666666
847,16.093,2.771666666666667,-18.593333333333334,-21.365,14.876855466666669,-30.29580144201519,1032.4833333333331
848,16.093,2.78,-18.36,-21.14,14.617676800000002,-29.90449157394321,1032.4
849,16.093,2.788333333333334,-18.12666666666667,-20.915000000000003,14.358498133333336,-29.512735673409566,1032.3166666666666
850,16.093,2.796666666666668,-17.893333333333334,-20.69,14.099319466666667,-29.120509352891016,1032.2333333333331
851,15.8516,2.8250000000000006,-17.69,-20.515,14.2969432,-28.927341040870775,1032.035
852,15.449266666666666,2.866666666666667,-17.506666666666668,-20.37333333333333,14.799101866666668,-28.861924240821352,1031.76
853,15.046933333333332,2.9083333333333337,-17.323333333333334,-20.23166666666667,15.301260533333334,-28.79035128572206,1031.485
854,14.6446,2.95,-17.14,-20.09,15.8034192,-28.71296413915423,1031.21
855,14.242266666666668,2.9916666666666667,-16.956666666666667,-19.94833333333333,16.305577866666667,-28.630074954561316,1030.9350000000002
856,13.839933333333336,3.033333333333333,-16.773333333333333,-19.80666666666667,16.807736533333333,-28.541969520515252,1030.66
857,13.4376,3.075,-16.59,-19.665,17.3098952,-28.44891021677479,1030.385
858,13.035266666666669,3.1166666666666663,-16.406666666666666,-19.523333333333333,17.812053866666666,-28.35113856272847,1030.11
859,12.632933333333334,3.1583333333333328,-16.223333333333333,-19.381666666666668,18.314212533333333,-28.248877424301117,1029.835
860,12.2306,3.2,-16.04,-19.24,18.8163712,-28.142332933180363,1029.5600000000002
861,11.828266666666668,3.241666666666666,-15.856666666666666,-19.098333333333333,19.318529866666665,-28.03169616252277,1029.285
862,11.425933333333331,3.2833333333333323,-15.673333333333332,-18.956666666666667,19.82068853333333,-27.91714459555314,1029.01
863,11.1041,3.304999999999999,-15.54,-18.845,19.972956,-27.77841706681381,1028.8300000000002
864,10.835933333333331,3.313333333333333,-15.44,-18.75333333333333,19.891962666666668,-27.625354928866244,1028.7133333333334
865,10.567766666666667,3.321666666666666,-15.34,-18.661666666666665,19.810969333333333,-27.47231538307005,1028.5966666666668
866,10.2996,3.329999999999999,-15.24,-18.57,19.729976,-27.319298380769723,1028.48
867,10.031433333333334,3.338333333333333,-15.14,-18.47833333333333,19.64898266666667,-27.166303871985406,1028.3633333333337
868,9.763266666666668,3.3466666666666662,-15.04,-18.386666666666667,19.567989333333333,-27.013331805386116,1028.246666666667
869,9.4951,3.3549999999999995,-14.94,-18.295,19.486996,-26.860382128262444,1028.13
870,9.226933333333337,3.3633333333333333,-14.84,-18.203333333333333,19.40600266666667,-26.707454786498516,1028.013333333333
871,8.958766666666667,3.3716666666666666,-14.74,-18.111666666666668,19.32500933333333,-26.554549724543477,1027.8966666666668
872,8.6906,3.38,-14.64,-18.02,19.244016,-26.40166688538214,1027.78
873,8.422433333333334,3.3883333333333336,-14.54,-17.928333333333335,19.16302266666667,-26.248806210505116,1027.6633333333334
874,8.154266666666668,3.396666666666667,-14.44,-17.836666666666666,19.08202933333333,-26.09596763987821,1027.5466666666666
875,8.36885,3.4250000000000003,-14.345,-17.77,19.001036000000003,-25.949763226614422,1027.375
876,8.905266666666668,3.466666666666667,-14.253333333333334,-17.72,18.92004266666667,-25.80798248402235,1027.1666666666667
877,9.441683333333334,3.5083333333333333,-14.161666666666669,-17.67,18.83904933333333,-25.666215637135323,1026.9583333333333
878,9.9781,3.55,-14.07,-17.62,18.758056000000003,-25.524462575959944,1026.75
879,10.514516666666667,3.5916666666666663,-13.978333333333332,-17.57,18.677062666666668,-25.382723188351754,1026.5416666666667
880,11.050933333333331,3.633333333333333,-13.886666666666668,-17.52,18.596069333333336,-25.24099735997295,1026.3333333333333
881,11.58735,3.675,-13.795,-17.47,18.515076,-25.099284974249116,1026.125
882,12.123766666666668,3.716666666666666,-13.703333333333331,-17.419999999999998,18.43408266666667,-24.957585912325015,1025.9166666666667
883,12.660183333333332,3.758333333333333,-13.611666666666668,-17.37,18.353089333333337,-24.815900053019295,1025.7083333333333
884,13.1966,3.799999999999999,-13.52,-17.32,18.272096,-24.674227272778126,1025.5
885,13.733016666666668,3.8416666666666655,-13.428333333333336,-17.27,18.19110266666667,-24.532567445627844,1025.2916666666667
886,14.269433333333334,3.883333333333332,-13.336666666666668,-17.22,18.11010933333333,-24.390920443126387,1025.0833333333333
887,14.2426,3.874999999999999,-13.3,-17.175,18.174904,-24.35931692215529,1024.88
888,13.840266666666666,3.833333333333332,-13.3,-17.133333333333333,18.33689066666667,-24.40082081676662,1024.68
889,13.437933333333334,3.791666666666665,-13.3,-17.091666666666665,18.498877333333336,-24.4420178661604,1024.48
890,13.0356,3.749999999999999,-13.3,-17.05,18.660864,-24.482912996240437,1024.28
891,12.633266666666668,3.708333333333332,-13.3,-17.008333333333333,18.822850666666668,-24.52351101191106,1024.08
892,12.230933333333333,3.666666666666665,-13.3,-16.966666666666665,18.98483733333333,-24.563816601061454,1023.88
893,11.8286,3.624999999999999,-13.3,-16.925,19.146824,-24.60383433838607,1023.68
894,11.426266666666669,3.583333333333332,-13.3,-16.883333333333333,19.308810666666663,-24.643568689049065,1023.48
895,11.023933333333334,3.541666666666665,-13.3,-16.841666666666665,19.470797333333334,-24.683024012200597,1023.28
896,10.6216,3.4999999999999987,-13.3,-16.8,19.632784,-24.722204564351884,1023.08
897,10.219266666666666,3.458333333333332,-13.3,-16.758333333333333,19.79477066666667,-24.761114502616035,1022.88
898,9.816933333333337,3.416666666666665,-13.3,-16.716666666666665,19.95675733333333,-24.799757887820917,1022.68
899,9.656,3.3699999999999988,-13.275,-16.645,20.070148,-24.79343706491156,1022.565
900,9.656,3.3199999999999985,-13.233333333333334,-16.55333333333333,20.15114133333333,-24.757180703055734,1022.5066666666668
901,9.656,3.2699999999999987,-13.191666666666668,-16.461666666666666,20.232134666666667,-24.720822041199906,1022.4483333333334
902,9.656,3.219999999999999,-13.15,-16.37,20.313128,-24.684361743868937,1022.39
903,9.656,3.1699999999999986,-13.108333333333334,-16.278333333333332,20.39412133333333,-24.647800468368715,1022.3316666666668
904,9.656,3.1199999999999988,-13.066666666666668,-16.186666666666667,20.475114666666663,-24.61113886489389,1022.2733333333332
905,9.656,3.069999999999999,-13.025,-16.095,20.556108,-24.574377576633623,1022.215
906,9.656,3.0199999999999987,-12.983333333333334,-16.003333333333334,20.637101333333334,-24.537517239875335,1022.1566666666666
907,9.656,2.969999999999999,-12.941666666666668,-15.911666666666664,20.718094666666666,-24.500558484106477,1022.0983333333334
908,9.656,2.919999999999999,-12.9,-15.82,20.799088,-24.463501932114447,1022.04
909,9.656,2.8699999999999988,-12.858333333333334,-15.728333333333332,20.880081333333333,-24.42634820008465,1021.9816666666668
910,9.656,2.819999999999999,-12.816666666666668,-15.636666666666668,20.96107466666667,-24.389097897696672,1021.9233333333332
911,9.97785,2.799999999999999,-12.77,-15.57,20.799088,-24.290259181522792,1021.865
912,10.514266666666668,2.7999999999999994,-12.72,-15.52,20.475114666666663,-24.149776653249678,1021.8066666666666
913,11.050683333333334,2.7999999999999994,-12.67,-15.47,20.15114133333333,-24.008485548562355,1021.7483333333332
914,11.5871,2.7999999999999994,-12.62,-15.42,19.827168,-23.86636008636365,1021.69
915,12.123516666666667,2.8,-12.57,-15.37,19.503194666666666,-23.723373257329268,1021.6316666666668
916,12.659933333333337,2.8,-12.52,-15.32,19.17922133333333,-23.57949674427959,1021.5733333333334
917,13.19635,2.8,-12.47,-15.27,18.855248,-23.434700835958864,1021.515
918,13.732766666666668,2.8000000000000003,-12.42,-15.22,18.53127466666667,-23.288954333552923,1021.4566666666668
919,14.269183333333334,2.8000000000000003,-12.37,-15.17,18.207301333333334,-23.142224449196064,1021.3983333333332
920,14.8056,2.8000000000000003,-12.32,-15.12,17.883328000000002,-22.99447669562521,1021.34
921,15.342016666666666,2.8000000000000007,-12.27,-15.07,17.559354666666668,-22.84567476603425,1021.2816666666668
922,15.878433333333334,2.8000000000000007,-12.22,-15.02,17.235381333333333,-22.69578040306088,1021.2233333333334
923,15.8516,2.745000000000001,-12.145,-14.89,17.154388,-22.57619079596506,1021.165
924,15.449266666666666,2.653333333333334,-12.053333333333333,-14.706666666666669,17.235381333333333,-22.477185375116843,1021.1066666666668
925,15.046933333333332,2.5616666666666674,-11.961666666666666,-14.523333333333332,17.31637466666667,-22.378001413260883,1021.0483333333334
926,14.6446,2.4700000000000006,-11.87,-14.34,17.397368,-22.278640186909158,1020.99
927,14.242266666666668,2.3783333333333343,-11.778333333333332,-14.156666666666666,17.478361333333336,-22.179102956732166,1020.9316666666668
928,13.839933333333336,2.2866666666666675,-11.686666666666666,-13.973333333333333,17.559354666666668,-22.0793909678317,1020.8733333333332
929,13.4376,2.1950000000000007,-11.595,-13.79,17.640348000000003,-21.9795054500077,1020.815
930,13.035266666666669,2.1033333333333344,-11.503333333333332,-13.606666666666667,17.721341333333335,-21.879447618019285,1020.7566666666668
931,12.632933333333334,2.011666666666668,-11.411666666666664,-13.423333333333334,17.802334666666667,-21.77921867184012,1020.6983333333334
932,12.2306,1.9200000000000008,-11.32,-13.24,17.883328000000002,-21.678819796908307,1020.64
933,11.828266666666668,1.8283333333333345,-11.228333333333332,-13.056666666666668,17.964321333333334,-21.578252164370824,1020.5816666666668
934,11.425933333333331,1.7366666666666677,-11.136666666666668,-12.873333333333337,18.04531466666667,-21.477516931322867,1020.5233333333332
935,11.5064,1.725000000000001,-11.075,-12.8,17.776416800000003,-21.3300236820976,1020.495
936,11.908733333333334,1.7666666666666675,-11.033333333333331,-12.8,17.274258133333333,-21.149263951965835,1020.4866666666668
937,12.311066666666669,1.8083333333333345,-10.991666666666667,-12.8,16.772099466666667,-20.965657378649755,1020.4783333333334
938,12.7134,1.850000000000001,-10.95,-12.8,16.2699408,-20.779040327724484,1020.47
939,13.115733333333331,1.891666666666668,-10.908333333333331,-12.8,15.767782133333334,-20.589234502804352,1020.4616666666668
940,13.518066666666666,1.9333333333333345,-10.866666666666667,-12.8,15.265623466666668,-20.3960451198963,1020.4533333333334
941,13.9204,1.975000000000001,-10.825,-12.8,14.7634648,-20.199258786141073,1020.445
942,14.322733333333334,2.0166666666666675,-10.783333333333331,-12.8,14.261306133333337,-19.9986410232344,1020.4366666666666
943,14.725066666666669,2.0583333333333345,-10.741666666666667,-12.8,13.759147466666668,-19.79393336119523,1020.4283333333332
944,15.1274,2.100000000000001,-10.7,-12.8,13.256988800000002,-19.58484990926527,1020.42
945,15.529733333333333,2.1416666666666675,-10.658333333333331,-12.8,12.754830133333336,-19.371073286132198,1020.4116666666666
946,15.932066666666667,2.1833333333333345,-10.616666666666667,-12.8,12.25267146666667,-19.152249759343057,1020.4033333333332
947,16.093,2.255000000000001,-10.515,-12.77,12.149,-18.987843488207535,1020.385
948,16.093,2.346666666666668,-10.373333333333331,-12.72,12.310986666666668,-18.86141372693905,1020.36
949,16.093,2.438333333333334,-10.231666666666666,-12.67,12.472973333333334,-18.73399970463327,1020.335
950,16.093,2.53,-10.09,-12.62,12.63496,-18.605621908486913,1020.31
951,16.093,2.621666666666667,-9.948333333333332,-12.57,12.796946666666669,-18.476300114836555,1020.285
952,16.093,2.7133333333333334,-9.806666666666668,-12.52,12.958933333333334,-18.346053422810286,1020.26
953,16.093,2.805,-9.665,-12.47,13.120920000000002,-18.214900285979358,1020.235
954,16.093,2.8966666666666665,-9.523333333333332,-12.42,13.282906666666667,-18.082858542152156,1020.21
955,16.093,2.988333333333333,-9.381666666666666,-12.37,13.444893333333336,-17.949945441440885,1020.185
956,16.093,3.079999999999999,-9.24,-12.32,13.60688,-17.816177672721036,1020.16
957,16.093,3.171666666666666,-9.098333333333333,-12.27,13.768866666666668,-17.68157138859372,1020.135
958,16.093,3.2633333333333323,-8.956666666666667,-12.22,13.930853333333337,-17.54614222895242,1020.11
959,15.4493,3.194999999999999,-8.925,-12.12,14.044244,-17.537890084182422,1020.095
960,14.376466666666666,3.019999999999999,-8.966666666666667,-11.986666666666666,14.125237333333336,-17.614752314436608,1020.0866666666668
961,13.303633333333334,2.844999999999999,-9.008333333333333,-11.853333333333332,14.206230666666668,-17.69155446162577,1020.0783333333334
962,12.2308,2.669999999999999,-9.05,-11.72,14.287224,-17.768297322722145,1020.07
963,11.157966666666669,2.494999999999999,-9.091666666666669,-11.586666666666666,14.368217333333334,-17.84498168109824,1020.0616666666668
964,10.085133333333332,2.319999999999999,-9.133333333333333,-11.453333333333331,14.449210666666668,-17.92160830682878,1020.0533333333334
965,9.0123,2.144999999999999,-9.175,-11.32,14.530204,-17.99817795698438,1020.045
966,7.939466666666666,1.969999999999999,-9.216666666666669,-11.186666666666666,14.611197333333331,-18.07469137591714,1020.0366666666666
967,6.866633333333333,1.794999999999999,-9.258333333333333,-11.053333333333333,14.692190666666669,-18.15114929553851,1020.0283333333332
968,5.793799999999999,1.619999999999999,-9.3,-10.92,14.773184,-18.227552435589626,1020.02
969,4.720966666666666,1.4449999999999992,-9.341666666666669,-10.786666666666669,14.854177333333334,-18.30390150390437,1020.0116666666668
970,3.648133333333332,1.2699999999999991,-9.383333333333333,-10.653333333333332,14.935170666666666,-18.38019719666536,1020.0033333333332
971,3.8627,1.1999999999999993,-9.4,-10.6,14.82178,-18.37050173807822,1020.005
972,4.935533333333334,1.1999999999999993,-9.4,-10.6,14.5788,-18.302759328039766,1020.0133333333332
973,6.008366666666667,1.1999999999999993,-9.4,-10.6,14.33582,-18.234061791178853,1020.0216666666666
974,7.0812,1.1999999999999993,-9.4,-10.6,14.09284,-18.164379124562526,1020.03
975,8.154033333333334,1.1999999999999993,-9.4,-10.6,13.84986,-18.093679845270962,1020.0383333333332
976,9.226866666666666,1.1999999999999993,-9.4,-10.6,13.60688,-18.021930889938762,1020.0466666666666
977,10.2997,1.1999999999999993,-9.4,-10.6,13.3639,-17.949097505546604,1020.055
978,11.372533333333331,1.1999999999999993,-9.4,-10.6,13.120920000000002,-17.875143130526837,1020.0633333333334
979,12.445366666666668,1.1999999999999993,-9.4,-10.6,12.87794,-17.800029265127087,1020.0716666666668
980,13.5182,1.1999999999999993,-9.4,-10.6,12.63496,-17.72371532983844,1020.08
981,14.591033333333334,1.1999999999999993,-9.4,-10.6,12.39198,-17.64615851053658,1020.0883333333334
982,15.663866666666667,1.1999999999999993,-9.4,-10.6,12.149,-17.56731358880135,1020.0966666666668
983,15.8516,1.2549999999999992,-9.4,-10.655,12.3531032,-17.633631093836932,1020.09
984,15.449266666666666,1.3466666666666658,-9.4,-10.746666666666666,12.855261866666668,-17.79295805072923,1020.0733333333334
985,15.046933333333332,1.4383333333333326,-9.4,-10.838333333333331,13.357420533333334,-17.947140103468136,1020.0566666666668
986,14.6446,1.5299999999999991,-9.4,-10.93,13.8595792,-18.096527744793537,1020.04
987,14.242266666666668,1.6216666666666657,-9.4,-11.021666666666668,14.361737866666669,-18.241435925112228,1020.0233333333332
988,13.839933333333336,1.7133333333333325,-9.4,-11.113333333333332,14.863896533333335,-18.382148758355903,1020.0066666666668
989,13.4376,1.8049999999999995,-9.4,-11.205,15.366055200000002,-18.518923468614204,1019.99
990,13.035266666666669,1.8966666666666656,-9.4,-11.296666666666669,15.868213866666668,-18.65199372058772,1019.9733333333334
991,12.632933333333334,1.9883333333333324,-9.4,-11.388333333333332,16.370372533333335,-18.781572446323725,1019.9566666666668
992,12.2306,2.079999999999999,-9.4,-11.48,16.8725312,-18.907854257382862,1019.94
993,11.828266666666668,2.171666666666665,-9.4,-11.571666666666664,17.374689866666667,-19.0310175136479,1019.9233333333332
994,11.425933333333331,2.2633333333333323,-9.4,-11.663333333333332,17.876848533333334,-19.151226106067384,1019.9066666666666
995,10.8627,2.294999999999999,-9.485,-11.78,18.2235,-19.344573422838522,1019.96
996,10.1922,2.2866666666666657,-9.626666666666669,-11.913333333333332,18.46648,-19.587831397201604,1020.06
997,9.5217,2.278333333333333,-9.768333333333334,-12.046666666666669,18.70946,-19.830883680384574,1020.16
998,8.8512,2.27,-9.91,-12.18,18.952440000000003,-20.073738262258463,1020.26
999,8.1807,2.2616666666666663,-10.051666666666668,-12.313333333333333,19.19542,-20.31640281010008,1020.36
1000,7.5102,2.2533333333333334,-10.193333333333332,-12.446666666666667,19.4384,-20.55888468496056,1020.46
1001,6.8397,2.245,-10.335,-12.58,19.68138,-20.801190957021596,1020.56
1002,6.1692,2.236666666666667,-10.476666666666668,-12.713333333333331,19.92436,-21.043328420013072,1020.66
1003,5.4987,2.228333333333334,-10.618333333333334,-12.846666666666668,20.16734,-21.28530360475993,1020.76
1004,4.8282,2.2200000000000006,-10.76,-12.98,20.41032,-21.527122791920362,1020.86
1005,4.1577,2.211666666666668,-10.901666666666667,-13.113333333333332,20.6533,-21.768792023972168,1020.96
1006,3.4872,2.2033333333333345,-11.043333333333331,-13.246666666666668,20.89628,-22.010317116499785,1021.06
1007,3.29945,2.200000000000001,-11.185,-13.385000000000002,20.89628,-22.199182468892655,1021.14
1008,3.433533333333333,2.2000000000000006,-11.326666666666666,-13.526666666666667,20.734293333333333,-22.352622511722213,1021.2066666666668
1009,3.5676166666666664,2.2000000000000006,-11.468333333333334,-13.668333333333337,20.572306666666663,-22.505577568971233,1021.2733333333332
1010,3.7017,2.2000000000000006,-11.61,-13.81,20.41032,-22.65804174795144,1021.34
1011,3.8357833333333335,2.2,-11.751666666666669,-13.951666666666668,20.24833333333333,-22.810009030449446,1021.4066666666666
1012,3.969866666666667,2.2,-11.893333333333333,-14.093333333333334,20.086346666666667,-22.961473268971844,1021.4733333333334
1013,4.10395,2.2,-12.035,-14.235,19.92436,-23.112428182845903,1021.54
1014,4.238033333333334,2.2,-12.176666666666668,-14.376666666666669,19.762373333333336,-23.262867354168943,1021.6066666666668
1015,4.372116666666667,2.2,-12.318333333333332,-14.518333333333334,19.60038666666667,-23.412784223599367,1021.6733333333332
1016,4.5062,2.2,-12.46,-14.66,19.4384,-23.562172085981707,1021.74
1017,4.6402833333333335,2.2,-12.601666666666668,-14.801666666666668,19.27641333333333,-23.711024085797554,1021.8066666666666
1018,4.774366666666667,2.2,-12.743333333333334,-14.943333333333332,19.11442666666667,-23.85933321243413,1021.8733333333332
1019,4.90845,2.2,-12.855,-15.055,19.146824,-24.01497444964601,1021.93
1020,5.042533333333334,2.2,-12.946666666666667,-15.146666666666668,19.30881066666667,-24.175675061539536,1021.98
1021,5.176616666666667,2.2,-13.038333333333334,-15.238333333333332,19.470797333333337,-24.336271928420743,1022.03
1022,5.310700000000001,2.2,-13.13,-15.33,19.632784,-24.496767461548068,1022.08
1023,5.4447833333333335,2.2,-13.221666666666668,-15.421666666666669,19.79477066666667,-24.657164010148676,1022.13
1024,5.578866666666666,2.2,-13.313333333333334,-15.513333333333334,19.956757333333336,-24.81746386344698,1022.18
1025,5.71295,2.2,-13.405,-15.605,20.118744000000003,-24.977669252611797,1022.23
1026,5.847033333333334,2.2000000000000006,-13.496666666666668,-15.696666666666667,20.280730666666667,-25.137782352625962,1022.28
1027,5.981116666666667,2.2000000000000006,-13.588333333333336,-15.788333333333334,20.44271733333333,-25.297805284082088,1022.33
1028,6.1152,2.2000000000000006,-13.68,-15.88,20.604704,-25.457740114907914,1022.38
1029,6.2492833333333335,2.200000000000001,-13.771666666666668,-15.971666666666668,20.76669066666667,-25.61758886202459,1022.43
1030,6.383366666666667,2.200000000000001,-13.863333333333332,-16.063333333333336,20.928677333333333,-25.7773534929408,1022.48
1031,6.23585,2.200000000000001,-13.985,-16.185000000000002,21.1489792,-25.990498232335288,1022.57
1032,5.900600000000001,2.200000000000001,-14.126666666666669,-16.326666666666668,21.408157866666667,-26.23909476841052,1022.6866666666666
1033,5.5653500000000005,2.200000000000001,-14.268333333333334,-16.468333333333334,21.667336533333334,-26.48748100416957,1022.8033333333332
1034,5.2301,2.200000000000001,-14.41,-16.61,21.9265152,-26.735664238510275,1022.92
1035,4.89485,2.200000000000001,-14.551666666666668,-16.75166666666667,22.185693866666668,-26.983651499894272,1023.0366666666666
1036,4.5596000000000005,2.200000000000001,-14.693333333333332,-16.893333333333334,22.44487253333333,-27.231449558989574,1023.1533333333332
1037,4.22435,2.200000000000001,-14.835,-17.035,22.7040512,-27.479064940591307,1023.27
1038,3.8891,2.200000000000001,-14.976666666666668,-17.17666666666667,22.96322986666667,-27.726503934869413,1023.3866666666668
1039,3.5538500000000006,2.200000000000001,-15.118333333333334,-17.318333333333335,23.222408533333336,-27.97377260798809,1023.5033333333332
1040,3.2186000000000003,2.200000000000001,-15.26,-17.46,23.481587200000003,-28.22087681213857,1023.62
1041,2.8833500000000005,2.200000000000001,-15.401666666666667,-17.601666666666667,23.74076586666667,-28.467822195023487,1023.7366666666668
1042,2.5481000000000007,2.200000000000001,-15.543333333333331,-17.743333333333336,23.99994453333333,-28.714614208828195,1023.8533333333334
1043,3.09795,2.200000000000001,-15.68,-17.88,23.802320800000004,-28.856324324293396,1023.91
1044,4.237866666666667,2.2000000000000006,-15.813333333333333,-18.013333333333335,23.30016213333333,-28.92597361091333,1023.9266666666666
1045,5.377783333333333,2.2000000000000006,-15.946666666666664,-18.14666666666667,22.798003466666668,-28.992945273299966,1023.9433333333332
1046,6.5177,2.2000000000000006,-16.08,-18.28,22.2958448,-29.057138430532007,1023.96
1047,7.657616666666666,2.2,-16.21333333333333,-18.41333333333333,21.79368613333333,-29.118445851710185,1023.9766666666666
1048,8.797533333333334,2.2,-16.346666666666668,-18.546666666666667,21.29152746666667,-29.176753395580832,1023.9933333333332
1049,9.93745,2.2,-16.48,-18.68,20.7893688,-29.231939386012375,1024.01
1050,11.077366666666666,2.2,-16.613333333333333,-18.813333333333333,20.28721013333333,-29.283873914225232,1024.0266666666666
1051,12.217283333333333,2.2,-16.746666666666666,-18.946666666666665,19.78505146666667,-29.33241805712293,1024.0433333333333
1052,13.3572,2.2,-16.88,-19.08,19.282892800000003,-29.377422999209156,1024.06
1053,14.497116666666669,2.2,-17.013333333333332,-19.21333333333333,18.780734133333336,-29.418729043327673,1024.0766666666666
1054,15.637033333333331,2.2,-17.146666666666665,-19.346666666666664,18.27857546666667,-29.456164492739145,1024.0933333333332
1055,15.8516,2.2299999999999995,-17.23,-19.46,18.174904,-29.536916899765934,1024.165
1056,15.449266666666666,2.28,-17.28,-19.56,18.33689066666667,-29.648228812483545,1024.2733333333333
1057,15.046933333333332,2.33,-17.33,-19.66,18.498877333333336,-29.759303296059144,1024.381666666667
1058,14.6446,2.38,-17.38,-19.76,18.660864,-29.8701446586829,1024.49
1059,14.242266666666668,2.43,-17.43,-19.86,18.822850666666668,-29.98075709911052,1024.5983333333334
1060,13.839933333333336,2.48,-17.48,-19.96,18.98483733333333,-30.091144710323732,1024.7066666666667
1061,13.4376,2.53,-17.53,-20.06,19.146824,-30.201311483038733,1024.815
1062,13.035266666666669,2.58,-17.580000000000002,-20.16,19.308810666666663,-30.311261309070158,1024.9233333333334
1063,12.632933333333334,2.6300000000000003,-17.63,-20.26,19.470797333333334,-30.420997984557687,1025.0316666666668
1064,12.2306,2.6800000000000006,-17.68,-20.36,19.632784,-30.530525213061914,1025.14
1065,11.828266666666668,2.7300000000000004,-17.73,-20.46,19.79477066666667,-30.639846608535933,1025.2483333333334
1066,11.425933333333331,2.7800000000000007,-17.78,-20.56,19.95675733333333,-30.748965698178388,1025.3566666666668
1067,11.3455,2.745000000000001,-17.855,-20.6,19.7202568,-30.78592119383555,1025.4350000000002
1068,11.479666666666668,2.653333333333334,-17.946666666666665,-20.6,19.21809813333333,-30.77213537626703,1025.493333333333
1069,11.613833333333334,2.561666666666668,-18.03833333333333,-20.6,18.71593946666667,-30.754806247716587,1025.5516666666667
1070,11.748,2.470000000000001,-18.13,-20.6,18.2137808,-30.733765421105602,1025.61
1071,11.882166666666668,2.3783333333333347,-18.221666666666668,-20.6,17.711622133333332,-30.70883136741601,1025.6683333333333
1072,12.016333333333334,2.2866666666666684,-18.313333333333333,-20.6,17.209463466666666,-30.679807977748972,1025.7266666666667
1073,12.1505,2.195000000000002,-18.405,-20.6,16.7073048,-30.64648292058357,1025.785
1074,12.284666666666666,2.103333333333336,-18.496666666666663,-20.6,16.205146133333333,-30.60862575791156,1025.8433333333332
1075,12.418833333333334,2.011666666666669,-18.58833333333333,-20.6,15.702987466666666,-30.565985776134156,1025.9016666666666
1076,12.553,1.9200000000000024,-18.68,-20.6,15.2008288,-30.518289477838493,1025.96
1077,12.687166666666666,1.828333333333336,-18.771666666666665,-20.6,14.698670133333334,-30.465237668239467,1026.0183333333332
1078,12.821333333333332,1.7366666666666697,-18.863333333333333,-20.6,14.196511466666667,-30.40650205439119,1026.0766666666666
1079,12.875,1.7250000000000028,-18.9,-20.625,14.09284,-30.41651745360889,1026.12
1080,12.875,1.7666666666666695,-18.9,-20.666666666666668,14.254826666666668,-30.474701859787952,1026.1533333333332
1081,12.875,1.808333333333336,-18.9,-20.708333333333336,14.416813333333334,-30.532333494891464,1026.1866666666665
1082,12.875,1.8500000000000028,-18.9,-20.75,14.5788,-30.58942373371329,1026.22
1083,12.875,1.8916666666666693,-18.9,-20.791666666666668,14.740786666666668,-30.64598359376014,1026.253333333333
1084,12.875,1.933333333333336,-18.9,-20.833333333333336,14.902773333333334,-30.702023750259876,1026.2866666666666
1085,12.875,1.9750000000000028,-18.9,-20.875,15.06476,-30.757554550383837,1026.32
1086,12.875,2.0166666666666693,-18.9,-20.916666666666668,15.226746666666669,-30.812586026732216,1026.3533333333332
1087,12.875,2.058333333333336,-18.9,-20.958333333333336,15.388733333333333,-30.867127910128133,1026.3866666666663
1088,12.875,2.1000000000000028,-18.9,-21.0,15.55072,-30.921189641762787,1026.42
1089,12.875,2.1416666666666693,-18.9,-21.041666666666668,15.712706666666666,-30.974780384730792,1026.4533333333334
1090,12.875,2.183333333333336,-18.9,-21.083333333333336,15.874693333333331,-31.027909034992497,1026.486666666667
1091,12.875,2.175000000000003,-18.925,-21.1,15.890892,-31.06576333917966,1026.525
1092,12.875,2.133333333333336,-18.966666666666665,-21.1,15.809898666666664,-31.09351940770333,1026.5666666666666
1093,12.875,2.091666666666669,-19.008333333333333,-21.1,15.728905333333332,-31.121114610681246,1026.6083333333331
1094,12.875,2.050000000000003,-19.05,-21.1,15.647912,-31.14854756008374,1026.65
1095,12.875,2.0083333333333364,-19.091666666666665,-21.1,15.566918666666666,-31.17581684804035,1026.6916666666666
1096,12.875,1.9666666666666688,-19.133333333333333,-21.1,15.485925333333332,-31.202921046448445,1026.7333333333331
1097,12.875,1.925000000000003,-19.175,-21.1,15.404932,-31.229858706571854,1026.775
1098,12.875,1.883333333333336,-19.216666666666665,-21.1,15.323938666666669,-31.25662835862945,1026.8166666666666
1099,12.875,1.8416666666666688,-19.258333333333333,-21.1,15.242945333333331,-31.283228511373302,1026.8583333333331
1100,12.875,1.800000000000003,-19.3,-21.1,15.161952,-31.309657651655947,1026.9
1101,12.875,1.7583333333333362,-19.341666666666665,-21.1,15.080958666666666,-31.335914243986615,1026.9416666666666
1102,12.875,1.7166666666666694,-19.383333333333333,-21.1,14.999965333333334,-31.361996730076008,1026.9833333333331
1103,13.0359,1.7300000000000026,-19.4,-21.130000000000003,14.918972,-31.355508102415847,1027.03
1104,13.304066666666667,1.7800000000000025,-19.4,-21.18,14.837978666666666,-31.327284368755997,1027.08
1105,13.572233333333331,1.8300000000000023,-19.4,-21.23,14.756985333333333,-31.2989309269103,1027.13
1106,13.8404,1.880000000000002,-19.4,-21.28,14.675992,-31.270446463945362,1027.18
1107,14.108566666666666,1.930000000000002,-19.4,-21.33,14.594998666666667,-31.241829646301746,1027.23
1108,14.376733333333334,1.980000000000001,-19.4,-21.38,14.514005333333332,-31.213079119353424,1027.28
1109,14.6449,2.0300000000000016,-19.4,-21.43,14.433012,-31.18419350695529,1027.33
1110,14.913066666666666,2.0800000000000014,-19.4,-21.48,14.352018666666668,-31.15517141097832,1027.38
1111,15.181233333333331,2.130000000000001,-19.4,-21.53,14.271025333333334,-31.126011410832078,1027.4299999999998
1112,15.4494,2.180000000000001,-19.4,-21.58,14.190032,-31.096712062973978,1027.48
1113,15.717566666666666,2.230000000000001,-19.4,-21.63,14.109038666666669,-31.067271900405046,1027.53
1114,15.985733333333332,2.2800000000000007,-19.4,-21.68,14.028045333333337,-31.03768943215156,1027.58
1115,16.093,2.3250000000000006,-19.345,-21.67,13.995648,-30.95492349891072,1027.64
1116,16.093,2.366666666666668,-19.25333333333333,-21.62,13.995648,-30.836768896050977,1027.7066666666667
1117,16.093,2.408333333333334,-19.161666666666665,-21.57,13.995648,-30.718614293191237,1027.7733333333333
1118,16.093,2.4500000000000006,-19.07,-21.52,13.995648,-30.600459690331498,1027.84
1119,16.093,2.491666666666667,-18.97833333333333,-21.47,13.995648,-30.48230508747175,1027.9066666666668
1120,16.093,2.533333333333334,-18.886666666666667,-21.42,13.995648,-30.36415048461201,1027.9733333333334
1121,16.093,2.5750000000000006,-18.795,-21.37,13.995648,-30.245995881752272,1028.04
1122,16.093,2.616666666666667,-18.703333333333333,-21.32,13.995648,-30.127841278892525,1028.1066666666668
1123,16.093,2.658333333333334,-18.611666666666668,-21.27,13.995648,-30.009686676032786,1028.1733333333334
1124,16.093,2.7000000000000006,-18.52,-21.22,13.995648,-29.89153207317304,1028.24
1125,16.093,2.741666666666667,-18.42833333333333,-21.17,13.995648,-29.7733774703133,1028.3066666666668
1126,16.093,2.783333333333334,-18.336666666666662,-21.12,13.995648,-29.655222867453553,1028.3733333333334
1127,16.093,2.8000000000000007,-18.275,-21.075000000000003,13.995648,-29.57573704371155,1028.4050000000002
1128,16.093,2.8000000000000007,-18.23333333333333,-21.03333333333333,13.995648,-29.522030406048028,1028.4133333333334
1129,16.093,2.8000000000000007,-18.191666666666663,-20.991666666666667,13.995648,-29.468323768384504,1028.4216666666666
1130,16.093,2.8000000000000007,-18.15,-20.950000000000003,13.995648,-29.41461713072099,1028.43
1131,16.093,2.8000000000000007,-18.10833333333333,-20.90833333333333,13.995648,-29.36091049305747,1028.4383333333335
1132,16.093,2.8000000000000007,-18.066666666666663,-20.866666666666667,13.995648,-29.30720385539395,1028.4466666666667
1133,16.093,2.8000000000000007,-18.025,-20.825000000000003,13.995648,-29.253497217730434,1028.455
1134,16.093,2.8000000000000007,-17.983333333333334,-20.78333333333333,13.995648,-29.199790580066917,1028.4633333333334
1135,16.093,2.8000000000000007,-17.941666666666666,-20.741666666666667,13.995648,-29.146083942403394,1028.4716666666668
1136,16.093,2.8000000000000007,-17.900000000000002,-20.700000000000003,13.995648,-29.092377304739877,1028.48
1137,16.093,2.8000000000000007,-17.858333333333334,-20.65833333333333,13.995648,-29.038670667076364,1028.4883333333332
1138,16.093,2.8000000000000007,-17.816666666666666,-20.616666666666667,13.995648,-28.98496402941284,1028.496666666667
1139,16.093,2.830000000000001,-17.77,-20.6,14.044244,-28.942010175340645,1028.49
1140,16.093,2.880000000000001,-17.72,-20.6,14.125237333333336,-28.906064830572475,1028.4733333333334
1141,16.093,2.930000000000001,-17.67,-20.6,14.206230666666668,-28.869921116918448,1028.4566666666667
1142,16.093,2.9800000000000013,-17.62,-20.6,14.287224,-28.833580908557888,1028.44
1143,16.093,3.030000000000001,-17.57,-20.6,14.368217333333334,-28.79704605052637,1028.4233333333334
1144,16.093,3.0800000000000014,-17.52,-20.6,14.449210666666668,-28.760318359335123,1028.4066666666668
1145,16.093,3.1300000000000017,-17.47,-20.6,14.530204,-28.723399623573897,1028.39
1146,16.093,3.180000000000001,-17.419999999999998,-20.6,14.611197333333331,-28.68629160449771,1028.3733333333332
1147,16.093,3.2300000000000018,-17.37,-20.6,14.692190666666669,-28.648996036598064,1028.3566666666666
1148,16.093,3.280000000000002,-17.32,-20.6,14.773184,-28.611514628159053,1028.34
1149,16.093,3.330000000000002,-17.27,-20.6,14.854177333333334,-28.573849061799002,1028.3233333333333
1150,16.093,3.380000000000002,-17.22,-20.6,14.935170666666666,-28.53600099499783,1028.3066666666666
1151,15.9321,3.3950000000000022,-17.175,-20.57,15.016164,-28.504454650579845,1028.305
1152,15.663933333333333,3.3866666666666685,-17.133333333333333,-20.52,15.097157333333334,-28.477058523613017,1028.3133333333333
1153,15.395766666666669,3.378333333333335,-17.091666666666665,-20.47,15.178150666666667,-28.449494353337883,1028.3216666666667
1154,15.1276,3.370000000000002,-17.05,-20.42,15.259144,-28.42176363712172,1028.33
1155,14.859433333333332,3.361666666666668,-17.008333333333333,-20.37,15.340137333333333,-28.39386785047236,1028.3383333333334
1156,14.591266666666666,3.353333333333335,-16.966666666666665,-20.32,15.421130666666668,-28.36580844747409,1028.3466666666666
1157,14.3231,3.345000000000001,-16.925,-20.27,15.502124,-28.33758686121243,1028.355
1158,14.054933333333334,3.336666666666668,-16.883333333333333,-20.22,15.583117333333332,-28.309204504188347,1028.3633333333337
1159,13.786766666666669,3.3283333333333345,-16.841666666666665,-20.17,15.664110666666666,-28.280662768722173,1028.371666666667
1160,13.5186,3.320000000000001,-16.8,-20.12,15.745104,-28.251963027347514,1028.38
1161,13.250433333333334,3.3116666666666674,-16.758333333333333,-20.07,15.826097333333331,-28.22310663319542,1028.388333333333
1162,12.982266666666668,3.303333333333334,-16.716666666666665,-20.02,15.907090666666663,-28.19409492036921,1028.3966666666668
1163,12.95545,3.3000000000000007,-16.7,-20.0,15.7937,-28.137018467306888,1028.4050000000002
1164,13.089533333333334,3.3000000000000007,-16.7,-20.0,15.550719999999998,-28.06051535075063,1028.4133333333334
1165,13.223616666666668,3.3000000000000007,-16.7,-20.0,15.30774,-27.983001453646487,1028.4216666666666
1166,13.3577,3.3000000000000007,-16.7,-20.0,15.06476,-27.904447054602237,1028.43
1167,13.491783333333334,3.3000000000000007,-16.7,-20.0,14.82178,-27.824821061377435,1028.4383333333335
1168,13.625866666666669,3.3000000000000007,-16.7,-20.0,14.5788,-27.74409092397837,1028.4466666666667
1169,13.75995,3.3000000000000007,-16.7,-20.0,14.33582,-27.66222254069218,1028.455
1170,13.894033333333333,3.3000000000000007,-16.7,-20.0,14.09284,-27.579180156356053,1028.4633333333334
1171,14.028116666666666,3.3000000000000007,-16.7,-20.0,13.84986,-27.494926252073896,1028.4716666666668
1172,14.1622,3.3000000000000007,-16.7,-20.0,13.60688,-27.409421425497463,1028.48
1173,14.296283333333331,3.3000000000000007,-16.7,-20.0,13.3639,-27.32262426068033,1028.4883333333332
1174,14.430366666666666,3.3000000000000007,-16.7,-20.0,13.12092,-27.234491186388787,1028.496666666667
1175,14.56445,3.2700000000000005,-16.7,-19.97,12.926536,-27.162992121932938,1028.48
1176,14.698533333333334,3.2200000000000006,-16.7,-19.92,12.764549333333331,-27.10271632878429,1028.4466666666667
1177,14.832616666666668,3.1700000000000004,-16.7,-19.87,12.602562666666667,-27.0417945401719,1028.4133333333334
1178,14.9667,3.12,-16.7,-19.82,12.440576,-26.98021139443229,1028.38
1179,15.100783333333334,3.0700000000000003,-16.7,-19.77,12.278589333333333,-26.917950958681097,1028.3466666666666
1180,15.234866666666669,3.02,-16.7,-19.72,12.116602666666669,-26.85499669971172,1028.3133333333333
1181,15.36895,2.97,-16.7,-19.67,11.954616,-26.791331452999962,1028.28
1182,15.503033333333333,2.92,-16.7,-19.62,11.792629333333334,-26.726937389664254,1028.246666666667
1183,15.637116666666667,2.87,-16.7,-19.57,11.630642666666668,-26.661795981216173,1028.2133333333334
1184,15.7712,2.8199999999999994,-16.7,-19.52,11.468656,-26.59588796192063,1028.1799999999998
1185,15.905283333333331,2.77,-16.7,-19.47,11.306669333333334,-26.529193288567292,1028.1466666666663
1186,16.039366666666666,2.72,-16.7,-19.42,11.144682666666666,-26.461691097435292,1028.1133333333332
1187,16.093,2.7299999999999995,-16.7,-19.43,11.079888,-26.434459278639093,1028.125
1188,16.093,2.78,-16.7,-19.48,11.079888,-26.434459278639093,1028.1666666666663
1189,16.093,2.83,-16.7,-19.53,11.079888,-26.434459278639093,1028.2083333333333
1190,16.093,2.88,-16.7,-19.58,11.079888,-26.434459278639093,1028.25
1191,16.093,2.93,-16.7,-19.63,11.079888,-26.434459278639093,1028.2916666666663
1192,16.093,2.98,-16.7,-19.68,11.079888,-26.434459278639093,1028.3333333333333
1193,16.093,3.03,-16.7,-19.73,11.079888,-26.434459278639093,1028.375
1194,16.093,3.08,-16.7,-19.78,11.079888,-26.434459278639093,1028.4166666666663
1195,16.093,3.1300000000000003,-16.7,-19.83,11.079888,-26.434459278639093,1028.4583333333333
1196,16.093,3.1800000000000006,-16.7,-19.88,11.079888,-26.434459278639093,1028.5
1197,16.093,3.2300000000000004,-16.7,-19.93,11.079888,-26.434459278639093,1028.5416666666663
1198,16.093,3.2800000000000007,-16.7,-19.98,11.079888,-26.434459278639093,1028.5833333333333
1199,16.093,3.275000000000001,-16.78,-20.055,10.9243808,-26.469594513998818,1028.605
1200,16.093,3.233333333333334,-16.913333333333334,-20.14666666666667,10.665202133333334,-26.525856206468845,1028.6133333333332
1201,16.093,3.191666666666668,-17.046666666666667,-20.238333333333333,10.406023466666667,-26.579142190293826,1028.621666666667
1202,16.093,3.150000000000001,-17.18,-20.33,10.1468448,-26.629324405512484,1028.63
1203,16.093,3.1083333333333343,-17.313333333333333,-20.421666666666667,9.887666133333331,-26.67626561164401,1028.638333333333
1204,16.093,3.066666666666668,-17.446666666666665,-20.51333333333333,9.628487466666666,-26.719818463392315,1028.6466666666663
1205,16.093,3.025000000000001,-17.58,-20.605,9.3693088,-26.759824465306764,1028.655
1206,16.093,2.9833333333333343,-17.713333333333335,-20.69666666666667,9.110130133333334,-26.796112785691733,1028.6633333333334
1207,16.093,2.941666666666668,-17.846666666666668,-20.78833333333333,8.850951466666666,-26.8284989061857,1028.6716666666666
1208,16.093,2.900000000000001,-17.98,-20.880000000000003,8.5917728,-26.856783078660825,1028.68
1209,16.093,2.8583333333333343,-18.113333333333333,-20.971666666666668,8.332594133333332,-26.880748555182706,1028.6883333333333
1210,16.093,2.816666666666668,-18.246666666666663,-21.063333333333336,8.073415466666667,-26.900159549401387,1028.6966666666667
1211,16.093,2.7700000000000005,-18.385,-21.155,7.921148,-26.98318858762812,1028.74
1212,16.093,2.7200000000000006,-18.526666666666667,-21.246666666666663,7.840154666666666,-27.11030025744517,1028.8066666666666
1213,16.093,2.6700000000000004,-18.668333333333333,-21.33833333333333,7.759161333333333,-27.23671511386592,1028.8733333333334
1214,16.093,2.62,-18.81,-21.43,7.678167999999999,-27.36242145422966,1028.94
1215,16.093,2.5700000000000003,-18.951666666666668,-21.52166666666667,7.597174666666667,-27.487407239203854,1029.006666666667
1216,16.093,2.52,-19.093333333333334,-21.613333333333333,7.516181333333333,-27.611660079243872,1029.0733333333333
1217,16.093,2.47,-19.235,-21.705,7.435188,-27.735167220352785,1029.14
1218,16.093,2.42,-19.37666666666667,-21.796666666666667,7.354194666666666,-27.857915529096623,1029.2066666666667
1219,16.093,2.37,-19.51833333333333,-21.88833333333333,7.273201333333334,-27.979891476827554,1029.2733333333333
1220,16.093,2.3199999999999994,-19.66,-21.98,7.192208,-28.10108112306376,1029.34
1221,16.093,2.27,-19.801666666666662,-22.071666666666665,7.111214666666667,-28.2214700979705,1029.4066666666668
1222,16.093,2.22,-19.94333333333333,-22.16333333333333,7.030221333333333,-28.341043583883057,1029.4733333333334
1223,16.093,2.224999999999999,-20.085,-22.31,6.949228000000001,-28.459786295807113,1029.51
1224,16.093,2.266666666666666,-20.226666666666667,-22.49333333333333,6.868234666666667,-28.577682460827404,1029.5266666666666
1225,16.093,2.3083333333333327,-20.36833333333333,-22.676666666666662,6.787241333333334,-28.694715796349485,1029.5433333333333
1226,16.093,2.349999999999999,-20.51,-22.86,6.706248,-28.8108694870937,1029.56
1227,16.093,2.3916666666666657,-20.651666666666667,-23.043333333333333,6.625254666666667,-28.92612616075349,1029.5766666666666
1228,16.093,2.4333333333333327,-20.793333333333333,-23.226666666666667,6.544261333333334,-29.040467862223046,1029.5933333333332
1229,16.093,2.474999999999999,-20.935,-23.41,6.463268,-29.153876026291062,1029.61
1230,16.093,2.5166666666666657,-21.076666666666668,-23.593333333333334,6.382274666666667,-29.266331448688724,1029.6266666666668
1231,16.093,2.5583333333333327,-21.218333333333334,-23.776666666666664,6.301281333333334,-29.37781425537009,1029.6433333333334
1232,16.093,2.599999999999999,-21.36,-23.96,6.220288000000001,-29.48830386989262,1029.66
1233,16.093,2.6416666666666657,-21.501666666666665,-24.14333333333333,6.139294666666667,-29.597778978753546,1029.6766666666667
1234,16.093,2.6833333333333327,-21.64333333333333,-24.326666666666664,6.0583013333333335,-29.706217494524935,1029.6933333333334
1235,16.01255,2.6499999999999995,-21.67,-24.32,6.0745000000000005,-29.750917396783628,1029.715
1236,15.878466666666666,2.566666666666666,-21.62,-24.186666666666664,6.155493333333334,-29.752957459880108,1029.74
1237,15.744383333333332,2.4833333333333325,-21.57,-24.05333333333333,6.236486666666667,-29.75418931309088,1029.765
1238,15.6103,2.3999999999999995,-21.52,-23.92,6.317480000000001,-29.754631247527755,1029.79
1239,15.476216666666666,2.316666666666666,-21.47,-23.786666666666665,6.3984733333333335,-29.754300901679684,1029.815
1240,15.342133333333331,2.2333333333333325,-21.42,-23.65333333333333,6.479466666666667,-29.75321529274197,1029.84
1241,15.20805,2.1499999999999995,-21.37,-23.52,6.560460000000001,-29.751390846067743,1029.865
1242,15.073966666666667,2.066666666666666,-21.32,-23.386666666666667,6.641453333333334,-29.748843422876263,1029.89
1243,14.939883333333334,1.9833333333333325,-21.27,-23.25333333333333,6.722446666666667,-29.745588346340924,1029.915
1244,14.8058,1.9,-21.22,-23.12,6.80344,-29.741640426170303,1029.94
1245,14.671716666666669,1.816666666666666,-21.17,-22.986666666666668,6.884433333333334,-29.737013981786163,1029.965
1246,14.537633333333334,1.7333333333333325,-21.12,-22.85333333333333,6.965426666666668,-29.731722864193884,1029.99
1247,14.16215,1.6999999999999993,-21.21,-22.91,7.04642,-29.896518128030934,1030.025
1248,13.625733333333333,1.6999999999999993,-21.39333333333333,-23.093333333333334,7.127413333333334,-30.174908847753077,1030.0666666666666
1249,13.089316666666669,1.6999999999999993,-21.576666666666668,-23.276666666666667,7.208406666666667,-30.453178341345712,1030.1083333333331
1250,12.5529,1.6999999999999993,-21.76,-23.46,7.2894,-30.731331682069687,1030.15
1251,12.016483333333332,1.6999999999999993,-21.94333333333333,-23.64333333333333,7.370393333333333,-31.009373759874485,1030.1916666666666
1252,11.480066666666666,1.6999999999999993,-22.12666666666667,-23.826666666666668,7.451386666666667,-31.287309289580712,1030.2333333333331
1253,10.94365,1.6999999999999993,-22.31,-24.01,7.53238,-31.56514281861921,1030.275
1254,10.407233333333334,1.6999999999999993,-22.493333333333336,-24.19333333333333,7.613373333333333,-31.842878734355207,1030.3166666666666
1255,9.870816666666666,1.6999999999999993,-22.67666666666667,-24.376666666666665,7.694366666666666,-32.120521271023534,1030.3583333333331
1256,9.3344,1.6999999999999993,-22.86,-24.56,7.77536,-32.39807451629954,1030.4
1257,8.797983333333335,1.6999999999999993,-23.043333333333333,-24.74333333333333,7.856353333333333,-32.67554241752802,1030.4416666666666
1258,8.261566666666667,1.6999999999999993,-23.226666666666667,-24.926666666666662,7.937346666666666,-32.95292878763131,1030.4833333333331
1259,8.449300000000001,1.7249999999999992,-23.22,-24.945,8.01834,-32.99614829454226,1030.515
1260,9.1198,1.766666666666666,-23.086666666666662,-24.85333333333333,8.099333333333332,-32.8827363289172,1030.54
1261,9.7903,1.808333333333333,-22.953333333333333,-24.761666666666667,8.180326666666666,-32.76863798378778,1030.565
1262,10.4608,1.8499999999999992,-22.82,-24.67,8.26132,-32.65386422605938,1030.59
1263,11.1313,1.891666666666666,-22.686666666666667,-24.578333333333333,8.342313333333333,-32.53842573071376,1030.615
1264,11.8018,1.933333333333333,-22.55333333333333,-24.486666666666665,8.423306666666667,-32.422332891431815,1030.64
1265,12.4723,1.9749999999999992,-22.42,-24.395,8.504299999999999,-32.30559583072988,1030.665
1266,13.1428,2.0166666666666657,-22.286666666666665,-24.30333333333333,8.585293333333333,-32.188224409636234,1030.69
1267,13.8133,2.0583333333333327,-22.15333333333333,-24.211666666666662,8.666286666666666,-32.070228236932856,1030.715
1268,14.4838,2.099999999999999,-22.02,-24.12,8.74728,-31.951616677985953,1030.74
1269,15.1543,2.1416666666666657,-21.886666666666667,-24.02833333333333,8.828273333333332,-31.83239886318703,1030.765
1270,15.8248,2.1833333333333327,-21.75333333333333,-23.936666666666664,8.909266666666666,-31.712583696025384,1030.79
1271,16.093,2.2,-21.7,-23.9,8.941664,-31.66449232297822,1030.8
1272,16.093,2.2,-21.7,-23.9,8.941664,-31.66449232297822,1030.8
