idx,VIS_km,TD_SPREAD,TEMP_C,DEWP_C,WND_KT,WIND_CHILL,SLP_hPa
0,16.093,7.8,-2.8,-10.6,14.967568,-9.855991922705515,1008.3
1,16.093,7.8,-2.8,-10.6,14.967568,-9.855991922705515,1008.3
2,16.093,7.8,-2.8,-10.6,14.967568,-9.855991922705515,1008.3
3,16.093,7.8,-2.8,-10.6,14.967568,-9.855991922705515,1008.3
4,16.093,7.8,-2.8,-10.6,14.967568,-9.855991922705515,1008.3
5,16.093,7.8,-2.8,-10.6,14.967568,-9.855991922705515,1008.3
6,16.093,7.8,-2.8,-10.6,14.967568,-9.855991922705515,1008.3
7,16.093,7.8,-2.8,-10.6,14.967568,-9.855991922705515,1008.3
8,16.093,7.8,-2.8,-10.6,14.967568,-9.855991922705515,1008.3
9,16.093,7.8,-2.8,-10.6,14.967568,-9.855991922705515,1008.3
10,16.093,7.8,-2.8,-10.6,14.967568,-9.855991922705515,1008.3
11,16.093,7.8,-2.8,-10.6,14.967568,-9.855991922705515,1008.3
12,16.093,7.8,-2.8,-10.6,14.837978666666666,-9.826466830986545,1008.2666666666668
13,16.093,7.8,-2.8,-10.6,14.675992,-9.789254329760672,1008.225
14,16.093,7.8,-2.8,-10.6,14.514005333333332,-9.751695197557172,1008.1833333333332
15,16.093,7.8,-2.8,-10.6,14.352018666666666,-9.713782282292696,1008.1416666666668
16,16.093,7.8,-2.8,-10.6,14.190032,-9.675508201526998,1008.1
17,16.093,7.8,-2.8,-10.6,14.028045333333331,-9.636865332315846,1008.0583333333332
18,16.093,7.8,-2.8,-10.6,13.866058666666667,-9.597845800493989,1008.0166666666668
19,16.093,7.8,-2.8,-10.6,13.704072,-9.55844146934918,1007.975
20,16.093,7.8,-2.8,-10.6,13.542085333333333,-9.518643927644874,1007.9333333333332
21,16.093,7.8,-2.8,-10.6,13.380098666666669,-9.478444476946033,1007.8916666666668
22,16.093,7.8,-2.8,-10.6,13.218112,-9.437834118198353,1007.85
23,16.093,7.8,-2.8,-10.6,13.056125333333334,-9.39680353750731,1007.8083333333332
24,16.093,7.8,-2.8,-10.6,12.958933333333334,-9.371979484930337,1007.7733333333332
25,16.093,7.8,-2.8,-10.6,12.87794,-9.351173022278388,1007.74
26,16.093,7.8,-2.8,-10.6,12.796946666666669,-9.330256346788007,1007.7066666666666
27,16.093,7.8,-2.8,-10.6,12.715953333333331,-9.309228171532851,1007.6733333333332
28,16.093,7.8,-2.8,-10.6,12.63496,-9.288087186244358,1007.64
29,16.093,7.8,-2.8,-10.6,12.553966666666668,-9.266832056735613,1007.6066666666668
30,16.093,7.8,-2.8,-10.6,12.472973333333334,-9.245461424307134,1007.5733333333332
31,16.093,7.8,-2.8,-10.6,12.39198,-9.223973905134006,1007.54
32,16.093,7.8,-2.8,-10.6,12.310986666666668,-9.202368089633513,1007.5066666666668
33,16.093,7.8,-2.8,-10.6,12.229993333333336,-9.180642541812594,1007.4733333333334
34,16.093,7.8,-2.8,-10.6,12.149,-9.15879579859434,1007.44
35,16.093,7.8,-2.8,-10.6,12.068006666666667,-9.136826369122685,1007.4066666666666
36,16.093,7.76,-2.8,-10.56,11.909259733333334,-9.09340455452202,1007.3533333333334
37,16.093,7.71,-2.8,-10.51,11.7310744,-9.044082777126722,1007.295
38,16.093,7.66,-2.8,-10.46,11.552889066666667,-8.994127641318697,1007.2366666666668
39,16.093,7.61,-2.8,-10.41,11.374703733333334,-8.943521054559865,1007.1783333333332
40,16.093,7.56,-2.8,-10.36,11.1965184,-8.892244113993682,1007.12
41,16.093,7.51,-2.8,-10.31,11.018333066666669,-8.8402770565867,1007.0616666666668
42,16.093,7.46,-2.8,-10.26,10.840147733333334,-8.787599205340307,1007.0033333333332
43,16.093,7.41,-2.8,-10.21,10.6619624,-8.734188911192883,1006.945
44,16.093,7.36,-2.8,-10.16,10.483777066666669,-8.680023490188578,1006.8866666666668
45,16.093,7.31,-2.8,-10.11,10.305591733333332,-8.625079155439508,1006.8283333333334
46,16.093,7.26,-2.8,-10.06,10.1274064,-8.569330943351638,1006.77
47,16.093,7.21,-2.8,-10.01,9.949221066666668,-8.512752633520474,1006.7116666666668
48,16.093,7.2,-2.76,-9.96,10.120926933333331,-8.517079238435155,1006.64
49,16.093,7.2,-2.71,-9.91,10.3801056,-8.534950699842831,1006.565
50,16.093,7.2,-2.66,-9.86,10.639284266666667,-8.550894114274,1006.49
51,16.093,7.2,-2.61,-9.81,10.898462933333333,-8.564991522487956,1006.415
52,16.093,7.2,-2.56,-9.76,11.1576416,-8.5773195475884,1006.34
53,16.093,7.2,-2.51,-9.71,11.416820266666669,-8.58794987077656,1006.265
54,16.093,7.2,-2.46,-9.66,11.675998933333334,-8.596949655497474,1006.19
55,16.093,7.2,-2.41,-9.61,11.9351776,-8.604381926593785,1006.115
56,16.093,7.2,-2.3600000000000003,-9.56,12.194356266666666,-8.610305910109458,1006.04
57,16.093,7.2,-2.31,-9.51,12.453534933333334,-8.61477733857366,1005.965
58,16.093,7.2,-2.26,-9.46,12.7127136,-8.617848725914541,1005.89
59,16.093,7.2,-2.21,-9.41,12.971892266666668,-8.619569615579712,1005.815
60,16.093,7.16,-2.166666666666667,-9.326666666666666,13.023728,-8.577045328261393,1005.7133333333333
61,16.093,7.11,-2.125,-9.235,13.023728,-8.523657116169128,1005.605
62,16.093,7.0600000000000005,-2.083333333333333,-9.143333333333334,13.023728,-8.470268904076862,1005.4966666666668
63,16.093,7.010000000000001,-2.041666666666667,-9.051666666666668,13.023728,-8.416880691984598,1005.3883333333332
64,16.093,6.96,-2.0,-8.96,13.023728,-8.363492479892333,1005.28
65,16.093,6.91,-1.9583333333333333,-8.868333333333334,13.023728,-8.310104267800067,1005.1716666666666
66,16.093,6.86,-1.9166666666666667,-8.776666666666667,13.023728,-8.256716055707802,1005.0633333333332
67,16.093,6.8100000000000005,-1.875,-8.685,13.023728,-8.203327843615536,1004.955
68,16.093,6.760000000000001,-1.8333333333333333,-8.593333333333334,13.023728,-8.149939631523273,1004.8466666666668
69,16.093,6.710000000000001,-1.7916666666666663,-8.501666666666667,13.023728,-8.096551419431007,1004.7383333333332
70,16.093,6.66,-1.75,-8.41,13.023728,-8.043163207338742,1004.63
71,16.093,6.61,-1.7083333333333333,-8.318333333333333,13.023728,-7.989774995246475,1004.5216666666666
72,16.093,6.533333333333334,-1.66,-8.193333333333333,13.023728,-7.927844669219448,1004.4733333333334
73,16.093,6.45,-1.61,-8.06,13.023728,-7.86377881470873,1004.44
74,16.093,6.366666666666667,-1.56,-7.926666666666668,13.023728,-7.799712960198012,1004.4066666666666
75,16.093,6.283333333333333,-1.51,-7.793333333333334,13.023728,-7.735647105687295,1004.3733333333332
76,16.093,6.2,-1.46,-7.66,13.023728,-7.671581251176575,1004.34
77,16.093,6.116666666666667,-1.41,-7.526666666666667,13.023728,-7.607515396665857,1004.3066666666668
78,16.093,6.033333333333333,-1.36,-7.393333333333333,13.023728,-7.543449542155139,1004.2733333333332
79,16.093,5.95,-1.31,-7.260000000000001,13.023728,-7.479383687644422,1004.24
80,16.093,5.866666666666666,-1.26,-7.126666666666667,13.023728,-7.415317833133702,1004.2066666666668
81,16.093,5.783333333333333,-1.21,-6.993333333333334,13.023728,-7.351251978622985,1004.1733333333334
82,16.093,5.699999999999999,-1.16,-6.86,13.023728,-7.287186124112267,1004.14
83,16.093,5.616666666666666,-1.11,-6.726666666666667,13.023728,-7.223120269601547,1004.1066666666668
84,16.093,5.706666666666666,-1.0733333333333337,-6.78,11.9351776,-6.903919203791848,987.1933333333334
85,16.093,5.84,-1.04,-6.88,10.5744896,-6.490646694033396,966.06
86,16.093,5.973333333333334,-1.0066666666666666,-6.98,9.2138016,-6.0357443480355055,944.9266666666668
87,15.520822222222222,5.866666666666666,-1.008888888888889,-6.875555555555556,8.941664,-5.949831296448218,946.4066666666668
88,14.8056,5.7,-1.02,-6.72,8.941664,-5.963640050087209,953.54
89,14.090377777777778,5.533333333333333,-1.031111111111111,-6.564444444444445,8.941664,-5.977448803726201,960.6733333333334
90,13.375155555555557,5.366666666666667,-1.0422222222222222,-6.408888888888889,8.941664,-5.991257557365192,967.8066666666668
91,12.659933333333331,5.2,-1.0533333333333337,-6.253333333333333,8.941664,-6.0050663110041835,974.94
92,11.944711111111111,5.033333333333333,-1.0644444444444443,-6.097777777777778,8.941664,-6.018875064643174,982.0733333333334
93,11.22948888888889,4.866666666666667,-1.0755555555555556,-5.942222222222222,8.941664,-6.032683818282167,989.2066666666668
94,10.514266666666668,4.7,-1.086666666666667,-5.786666666666666,8.941664,-6.046492571921158,996.34
95,9.799044444444444,4.533333333333333,-1.097777777777778,-5.631111111111111,8.941664,-6.060301325560149,1003.4733333333334
96,7.4028,3.9,-1.06,-4.96,8.941664,-6.0133515631875785,979.62
97,4.5863,3.15,-1.01,-4.16,8.941664,-5.951212171812117,948.02
98,2.816,2.0,-2.0,-4.0,9.913584,-7.4988308764761085,941.7
99,3.0398888888888886,1.4444444444444444,-2.0,-3.4444444444444446,8.833672888888888,-7.14455575710674,941.7
100,3.8627,1.0,-2.0,-3.0,7.872552,-6.797195906739359,941.67
101,7.081200000000001,1.0,-2.0,-3.0,7.386592,-6.607788351636651,941.52
102,9.83477777777778,1.0,-2.0,-3.0,6.9978240000000005,-6.448570638599353,941.4
103,10.728666666666667,1.0,-2.0,-3.0,6.9978240000000005,-6.448570638599353,941.4
104,10.38718181818182,1.0,-2.0,-3.0,7.174536727272727,-6.521839995774979,941.4545454545456
105,8.192636363636364,1.0,-2.0,-3.0,7.616318545454545,-6.698591013821935,941.5909090909092
106,6.437,1.0857142857142856,-1.957142857142857,-3.0428571428571427,7.830898285714285,-6.72864862845824,950.7571428571428
107,6.437,1.5142857142857142,-1.7428571428571429,-3.257142857142857,7.1366697142857145,-6.192354835326936,996.0428571428572
108,7.335232558139535,1.5441860465116275,-1.727906976744186,-3.2720930232558136,6.907412837209303,-6.079166736308631,999.2023255813954
109,8.458023255813954,1.4744186046511627,-1.7627906976744183,-3.237209302325581,6.79439888372093,-6.073810401057579,991.8302325581396
110,9.580813953488372,1.4046511627906977,-1.7976744186046512,-3.202325581395349,6.681384930232559,-6.06767060526868,984.4581395348838
111,10.703604651162792,1.3348837209302324,-1.832558139534884,-3.167441860465116,6.568370976744187,-6.060723887469111,977.086046511628
112,11.82639534883721,1.2651162790697674,-1.867441860465116,-3.132558139534884,6.455357023255814,-6.052945647281895,969.713953488372
113,12.949186046511628,1.1953488372093024,-1.9023255813953488,-3.097674418604651,6.342343069767442,-6.0443100688022255,962.3418604651164
114,14.071976744186044,1.1255813953488372,-1.9372093023255808,-3.0627906976744184,6.229329116279071,-6.034790037340907,954.9697674418604
115,15.194767441860463,1.055813953488372,-1.9720930232558136,-3.027906976744186,6.116315162790698,-6.0243570488286045,947.5976744186048
116,15.525,1.035294117647059,-1.9823529411764709,-3.0176470588235293,6.025904000000001,-5.994072584027199,945.4352941176472
117,12.685,1.2117647058823529,-1.894117647058824,-3.1058823529411765,6.025904000000001,-5.887769369665907,964.1117647058824
118,9.845,1.388235294117647,-1.8058823529411765,-3.194117647058824,6.025904000000001,-5.781466155304617,982.7882352941176
119,7.005000000000001,1.564705882352941,-1.7176470588235293,-3.2823529411764705,6.025904000000001,-5.675162940943325,1001.464705882353
120,6.544333333333333,1.5733333333333333,-1.88,-3.453333333333333,6.362836266666667,-6.026582916461814,1005.2733333333334
121,6.6785000000000005,1.5399999999999998,-2.105,-3.645,6.784001600000001,-6.485480246599964,1005.365
122,6.812666666666667,1.5066666666666664,-2.33,-3.8366666666666656,7.205166933333334,-6.937543319819892,1005.4566666666668
123,6.946833333333334,1.473333333333333,-2.555,-4.028333333333333,7.626332266666667,-7.383576114453148,1005.5483333333334
124,7.081,1.4399999999999995,-2.78,-4.22,8.0474976,-7.824255325502142,1005.64
125,7.215166666666667,1.4066666666666665,-3.005,-4.411666666666666,8.468662933333334,-8.260155797036994,1005.7316666666668
126,7.349333333333334,1.3733333333333329,-3.2300000000000004,-4.6033333333333335,8.889828266666667,-8.691769897806928,1005.8233333333334
127,7.4835,1.3399999999999994,-3.455,-4.795,9.3109936,-9.11952249504688,1005.915
128,7.6176666666666675,1.3066666666666662,-3.68,-4.986666666666666,9.732158933333334,-9.543782676090519,1006.0066666666668
129,7.751833333333334,1.2733333333333328,-3.905,-5.178333333333333,10.153324266666669,-9.964873031243034,1006.0983333333334
130,7.886000000000001,1.239999999999999,-4.13,-5.369999999999999,10.5744896,-10.38307708317694,1006.19
131,8.020166666666668,1.206666666666666,-4.355,-5.5616666666666665,10.995654933333334,-10.798645290346952,1006.2816666666666
132,8.966428571428573,1.6571428571428568,-4.171428571428572,-5.828571428571428,12.190653714285714,-10.917761172102702,969.9571428571428
133,9.885904761904763,1.9523809523809523,-4.047619047619048,-6.0,13.023728,-10.98714175985508,942.7285714285716
134,10.460666666666668,1.8333333333333333,-4.166666666666667,-6.0,13.023728,-11.139679508690122,942.8
135,11.035428571428572,1.7142857142857144,-4.285714285714286,-6.0,13.023728,-11.292217257525163,942.8714285714286
136,11.610190476190477,1.5952380952380951,-4.404761904761905,-6.0,13.023728,-11.444755006360209,942.9428571428572
137,12.184952380952382,1.4761904761904765,-4.523809523809524,-6.0,13.023728,-11.597292755195252,943.0142857142856
138,12.759714285714288,1.3571428571428572,-4.642857142857142,-6.0,13.023728,-11.749830504030294,943.0857142857144
139,13.334476190476192,1.238095238095238,-4.761904761904762,-6.0,13.023728,-11.902368252865339,943.1571428571428
140,13.909238095238097,1.119047619047619,-4.880952380952381,-6.0,13.023728,-12.054906001700381,943.2285714285714
141,14.484,1.0,-5.0,-6.0,13.023728,-12.207443750535424,943.3
142,14.484,1.5454545454545454,-5.0,-6.545454545454546,14.879211636363635,-12.686048784777089,972.4363636363636
143,14.484,2.090909090909091,-5.0,-7.090909090909091,16.734695272727272,-13.11688865084653,1001.5727272727272
144,14.162133333333331,2.2333333333333334,-5.113333333333333,-7.346666666666667,16.5615168,-13.226571680844415,1007.4866666666668
145,13.7598,2.2750000000000004,-5.255,-7.53,15.881172800000002,-13.25612814210549,1007.595
146,13.357466666666667,2.316666666666667,-5.3966666666666665,-7.713333333333334,15.2008288,-13.278656437709794,1007.7033333333334
147,12.955133333333334,2.3583333333333334,-5.538333333333333,-7.896666666666666,14.5204848,-13.293602040384805,1007.8116666666666
148,12.5528,2.4000000000000004,-5.68,-8.08,13.8401408,-13.300336527530382,1007.92
149,12.150466666666668,2.441666666666667,-5.821666666666667,-8.263333333333334,13.1597968,-13.298143455747399,1008.0283333333332
150,11.748133333333334,2.4833333333333334,-5.963333333333334,-8.446666666666667,12.4794528,-13.28620063731716,1008.1366666666668
151,11.3458,2.5250000000000004,-6.105,-8.63,11.7991088,-13.263557648442571,1008.245
152,10.943466666666668,2.566666666666667,-6.246666666666667,-8.813333333333334,11.1187648,-13.229106926267509,1008.3533333333334
153,10.541133333333336,2.6083333333333334,-6.388333333333334,-8.996666666666666,10.4384208,-13.18154610591985,1008.4616666666668
154,10.1388,2.6500000000000004,-6.53,-9.18,9.758076799999998,-13.119328171811087,1008.57
155,9.736466666666669,2.691666666666667,-6.671666666666667,-9.363333333333332,9.077732799999998,-13.040594312906308,1008.6783333333334
156,10.215826086956522,2.5782608695652174,-6.752173913043478,-9.330434782608696,8.941664,-13.087516014383631,997.6565217391304
157,10.915608695652177,2.42608695652174,-6.817391304347826,-9.243478260869566,8.941664,-13.168567394438583,983.8521739130435
158,11.615391304347826,2.273913043478261,-6.882608695652174,-9.156521739130437,8.941664,-13.249618774493534,970.0478260869564
159,12.31517391304348,2.121739130434783,-6.947826086956522,-9.069565217391304,8.941664,-13.330670154548484,956.2434782608696
160,12.547148148148148,2.0,-7.0,-9.0,8.905666962962963,-13.381210079119295,945.2148148148148
161,10.90788888888889,2.0,-7.0,-9.0,8.725681777777778,-13.308967246230086,945.2888888888888
162,9.268629629629627,2.0,-7.0,-9.0,8.545696592592591,-13.235461645693597,945.362962962963
163,7.629370370370371,2.0,-7.0,-9.0,8.365711407407407,-13.16064389852367,945.437037037037
164,5.990111111111111,2.0,-7.0,-9.0,8.185726222222222,-13.084461580572606,945.5111111111112
165,4.350851851851852,2.0,-7.0,-9.0,8.005741037037037,-13.006858962965996,945.5851851851852
166,3.7014,2.08,-6.88,-8.96,8.358512,-13.009288789743096,971.2
167,3.2994,2.18,-6.73,-8.91,8.844472,-13.021526613813018,1003.2
168,3.5406,2.12,-6.82,-8.94,9.330432,-13.322493883339233,984.12
169,3.9426,2.02,-6.97,-8.99,9.816392,-13.691423483852137,952.27
170,3.563571428571428,2.0,-7.0,-9.0,8.802818285714286,-13.340080307660966,945.7285714285714
171,3.1342631578947366,2.0,-7.0,-9.0,7.867436631578947,-12.946225405398643,945.6
172,2.922421052631579,2.0,-7.0,-9.0,7.611668210526315,-12.831695958575537,945.6
173,2.710578947368421,2.0,-7.0,-9.0,7.355899789473685,-12.713886881787843,945.6
174,2.498736842105264,2.0,-7.0,-9.0,7.100131368421053,-12.59258517153626,945.6
175,1.609,2.0,-7.0,-9.0,6.025904000000001,-12.039182040705933,945.6409090909092
176,1.408,1.5,-7.0,-8.5,7.483784,-12.773214201986972,945.709090909091
177,1.207,1.0,-7.0,-8.0,8.941664,-13.395511258592443,945.7772727272728
178,1.6542222222222225,1.0,-7.0,-8.0,9.481619555555556,-13.60442741878887,945.8454545454546
179,2.012,1.6000000000000003,-6.7,-8.3,8.941664,-13.022674910339674,1010.0
180,1.8105,1.3000000000000005,-6.85,-8.15,7.969744,-12.8064447656712,994.7380952380952
181,1.609,1.0,-7.0,-8.0,6.9978240000000005,-12.543034692781973,979.4761904761904
182,2.340818181818182,1.0,-7.0,-8.0,7.881387636363637,-12.952382039452779,964.2142857142856
183,3.072636363636364,1.0,-7.0,-8.0,8.764951272727272,-13.324835364751225,948.952380952381
184,5.364777777777778,1.0,-7.0,-8.0,10.323950222222225,-13.9111953492616,945.9
185,8.047,1.0,-7.0,-8.0,12.051808,-14.479772804315132,945.9
186,8.665846153846154,1.3846153846153846,-7.0,-8.384615384615385,10.85559876923077,-14.094153308796912,946.0153846153846
187,9.284692307692309,1.7692307692307692,-7.0,-8.76923076923077,9.659389538461538,-13.671022756214104,946.1307692307691
188,9.656,2.1444444444444444,-6.9,-9.044444444444444,9.049655111111113,-13.313728301616967,953.2888888888888
189,9.656,2.505555555555556,-6.65,-9.155555555555557,9.319632888888888,-13.106404157589314,971.0111111111112
190,9.656,2.866666666666667,-6.4,-9.266666666666667,9.589610666666667,-12.8951375429545,988.7333333333332
191,9.656,3.2277777777777787,-6.15,-9.377777777777778,9.859588444444444,-12.68010722238891,1006.4555555555556
192,8.470105263157896,3.026315789473685,-6.289473684210526,-9.31578947368421,10.568351157894735,-13.101263251190993,996.5684210526316
193,6.987736842105264,2.68421052631579,-6.526315789473684,-9.210526315789474,11.38681010526316,-13.669297191648706,979.7789473684212
194,5.505368421052632,2.3421052631578947,-6.7631578947368425,-9.105263157894736,12.20526905263158,-14.22503301196081,962.9894736842106
195,4.023,2.0,-7.0,-9.0,13.023728,-14.770077930964153,946.2
196,4.190708333333333,2.208333333333333,-7.0,-9.208333333333334,12.821244666666669,-14.711135717129597,946.1375
197,4.358416666666667,2.4166666666666665,-7.0,-9.416666666666666,12.618761333333332,-14.651406322516308,946.075
198,4.526125,2.625,-7.0,-9.625,12.416278,-14.590866346237124,946.0125
199,4.693833333333334,2.833333333333333,-7.0,-9.833333333333334,12.213794666666669,-14.529491296025208,945.95
200,4.828,2.988235294117647,-7.011764705882353,-10.0,11.868858352941178,-14.437900409359575,949.6588235294116
201,4.828,2.929411764705882,-7.070588235294117,-10.0,10.95411011764706,-14.216398389849722,968.4529411764704
202,4.828,2.8705882352941177,-7.129411764705883,-10.0,10.039361882352942,-13.972318070746793,987.2470588235294
203,4.828,2.8117647058823527,-7.188235294117647,-10.0,9.124613647058824,-13.701772214680828,1006.0411764705882
204,5.101957446808511,2.902127659574468,-7.182978723404256,-10.085106382978724,9.02438059574468,-13.655762533462646,1004.3021276595744
205,5.444404255319149,3.029787234042553,-7.161702127659575,-10.191489361702128,9.127776340425532,-13.669982232807246,997.4297872340426
206,5.786851063829788,3.157446808510638,-7.140425531914894,-10.297872340425531,9.231172085106383,-13.683768588692832,990.5574468085106
207,6.129297872340426,3.285106382978724,-7.1191489361702125,-10.404255319148936,9.334567829787234,-13.697130181123143,983.6851063829788
208,6.471744680851065,3.4127659574468083,-7.097872340425532,-10.51063829787234,9.437963574468084,-13.710075324298042,976.8127659574468
209,6.814191489361702,3.5404255319148934,-7.076595744680851,-10.617021276595745,9.541359319148937,-13.72261207768737,969.9404255319148
210,7.156638297872341,3.6680851063829785,-7.05531914893617,-10.72340425531915,9.644755063829788,-13.73474825652833,963.068085106383
211,7.49908510638298,3.795744680851064,-7.034042553191489,-10.829787234042554,9.74815080851064,-13.746491441782293,956.1957446808512
212,7.841531914893618,3.923404255319149,-7.012765957446809,-10.936170212765958,9.85154655319149,-13.757848989584204,949.3234042553192
213,7.551769230769231,3.907692307692308,-7.030769230769231,-10.93846153846154,10.093015384615384,-13.867861245388372,955.0153846153846
214,6.313692307692308,3.6769230769230767,-7.107692307692308,-10.784615384615384,10.541593846153846,-14.122653505831764,979.5538461538462
215,5.075615384615385,3.446153846153845,-7.184615384615385,-10.63076923076923,10.990172307692308,-14.372554906759909,1004.0923076923076
216,4.112888888888889,3.222222222222222,-7.111111111111112,-10.333333333333334,9.697601777777775,-13.824192822303367,980.5111111111112
217,3.219,3.0,-7.0,-10.0,7.969743999999999,-12.991162849902793,944.9
218,4.828,3.0,-7.0,-10.0,7.969743999999999,-12.991162849902793,945.2
219,5.559363636363637,3.4545454545454546,-7.0,-10.454545454545457,8.853307636363636,-13.360321437426872,945.0636363636364
220,6.290727272727273,3.909090909090909,-7.0,-10.90909090909091,9.736871272727273,-13.699726872792786,944.9272727272728
221,7.356657142857143,4.057142857142857,-7.022857142857143,-11.08,9.80250742857143,-13.752509886438695,952.18
222,8.506228571428572,4.128571428571428,-7.051428571428572,-11.18,9.663661714285714,-13.736924722817182,961.28
223,9.6558,4.199999999999999,-7.08,-11.28,9.524816,-13.720633315975498,970.38
224,10.80537142857143,4.271428571428571,-7.1085714285714285,-11.38,9.385970285714286,-13.703617312458958,979.48
225,11.954942857142855,4.342857142857143,-7.137142857142857,-11.48,9.247124571428571,-13.685857591712864,988.58
226,13.104514285714286,4.414285714285714,-7.1657142857142855,-11.58,9.108278857142857,-13.667334221813974,997.68
227,14.254085714285717,4.485714285714285,-7.194285714285715,-11.68,8.969433142857142,-13.648026411925057,1006.78
228,13.861032258064515,4.435483870967741,-7.174193548387097,-11.609677419354838,9.342972903225808,-13.769004859666731,1000.341935483871
229,13.082322580645162,4.354838709677419,-7.141935483870967,-11.496774193548386,9.844609032258065,-13.917086039423584,990.0193548387095
230,12.303612903225806,4.274193548387096,-7.109677419354838,-11.383870967741936,10.346245161290325,-14.056940198834965,979.6967741935484
231,11.524903225806453,4.193548387096774,-7.077419354838709,-11.270967741935484,10.84788129032258,-14.189278140802422,969.3741935483872
232,10.746193548387096,4.112903225806451,-7.04516129032258,-11.158064516129032,11.34951741935484,-14.314719364499851,959.051612903226
233,9.967483870967742,4.032258064516129,-7.012903225806451,-11.04516129032258,11.851153548387098,-14.43380726667906,948.7290322580644
234,10.69057142857143,4.0,-7.0,-11.0,11.385348571428572,-14.269118530265256,944.6
235,12.414857142857144,4.0,-7.0,-11.0,10.274582857142857,-13.893807562560362,944.6
236,14.139142857142858,4.0,-7.0,-11.0,9.163817142857145,-13.482714985510816,944.6
237,11.2655,4.0,-7.0,-11.0,10.496736,-13.971507673365975,944.6
238,8.736714285714287,3.9857142857142858,-7.0285714285714285,-11.014285714285714,11.912962285714286,-14.473050234823408,953.6714285714286
239,12.185285714285715,3.9142857142857137,-7.171428571428572,-11.085714285714284,11.218733714285715,-14.431826231063276,999.0285714285716
240,12.2715,3.9125,-7.3,-11.2125,11.079888,-14.548429326944225,1000.1625
241,11.517125,3.928125,-7.425,-11.353125,11.079888,-14.70648823587634,990.240625
242,10.76275,3.94375,-7.55,-11.49375,11.079888,-14.864547144808451,980.31875
243,10.008375,3.959375,-7.675,-11.634375,11.079888,-15.022606053740564,970.396875
244,9.254,3.975,-7.8,-11.775,11.079888,-15.180664962672678,960.475
245,8.499625,3.990625,-7.925,-11.915625,11.079888,-15.33872387160479,950.553125
246,8.966571428571429,4.0,-8.0,-12.0,11.079888,-15.433559216964056,944.6
247,11.2655,4.0,-8.0,-12.0,11.079888,-15.433559216964056,944.6
248,13.564428571428572,4.0,-8.0,-12.0,11.079888,-15.433559216964056,944.6
249,11.86875,4.0,-8.0,-12.0,11.808828,-15.675191709142386,944.6
250,7.51,4.0,-8.0,-12.0,13.023728,-16.051395021178514,944.6
251,4.023,3.6999999999999993,-8.15,-11.85,13.509688,-16.38643474911901,976.7
252,4.667,3.88,-8.06,-11.94,12.246192,-15.89070975780633,957.68
253,4.733294117647059,4.0,-8.0,-12.0,12.646394352941178,-15.937825373968856,944.9
254,4.614911764705883,4.0,-8.0,-12.0,13.389627294117648,-16.15891354118205,944.9
255,4.496529411764706,4.0,-8.0,-12.0,14.13286023529412,-16.369922522844558,944.9
256,4.378147058823529,4.0,-8.0,-12.0,14.87609317647059,-16.571807272414954,944.9
257,4.259764705882353,4.0,-8.0,-12.0,15.61932611764706,-16.765389901747824,944.9
258,4.141382352941176,4.0,-8.0,-12.0,16.36255905882353,-16.951383505513835,944.9
259,4.023,4.0,-8.0,-12.0,17.105792,-17.13041083945137,944.9
260,2.8163333333333336,3.0,-9.0,-12.0,15.777501333333332,-18.107467259292868,945.2
261,3.822166666666667,3.0,-9.0,-12.0,15.372534666666668,-18.00104122226155,945.2
262,4.828,3.0,-9.0,-12.0,14.967568,-17.892233484826875,945.2
263,10.192166666666669,2.8333333333333326,-9.333333333333334,-12.166666666666666,15.777501333333332,-18.541427513408287,998.7
264,10.129,3.08235294117647,-9.305882352941175,-12.388235294117646,16.213912470588234,-18.618751217076525,994.3882352941176
265,8.709,3.435294117647058,-9.188235294117646,-12.623529411764704,16.556943058823528,-18.55205754833151,975.6235294117648
266,7.289000000000001,3.788235294117647,-9.070588235294116,-12.858823529411763,16.899973647058825,-18.483331009334837,956.8588235294118
267,6.437,3.7142857142857135,-9.285714285714286,-13.0,16.772562285714287,-18.733417362930656,945.6
268,6.437,3.0,-10.0,-13.0,15.939488,-19.452389642812662,945.6
269,7.331444444444445,3.0,-10.0,-13.0,14.319621333333332,-19.004291874945473,945.7666666666668
270,8.762222222222222,3.111111111111111,-10.0,-13.11111111111111,12.915736888888889,-18.58005459982075,945.9
271,12.338333333333336,3.6666666666666665,-10.0,-13.666666666666666,12.375781333333334,-18.40651372764847,945.9
272,13.020909090909091,3.8181818181818175,-10.181818181818182,-14.0,12.75865890909091,-18.762781220432814,945.9545454545456
273,9.363181818181818,3.363636363636364,-10.636363636363637,-14.0,14.525786181818182,-19.886399247055888,946.0909090909092
274,6.667000000000001,3.042857142857143,-10.942857142857145,-13.985714285714286,15.800642285714284,-20.643157512393216,955.4428571428572
275,7.817,3.2571428571428576,-10.657142857142857,-13.914285714285716,15.106413714285717,-20.079403079412952,1001.6571428571428
276,9.217363636363636,3.60909090909091,-10.672727272727272,-14.28181818181818,14.260717090909091,-19.855677779022592,999.2454545454544
277,10.680318181818183,3.995454545454546,-10.763636363636364,-14.75909090909091,13.377153454545455,-19.704212230275562,984.6772727272728
278,12.143272727272729,4.381818181818182,-10.854545454545454,-15.236363636363636,12.493589818181816,-19.536119103443646,970.1090909090908
279,13.606227272727274,4.7681818181818185,-10.945454545454544,-15.713636363636365,11.61002618181818,-19.34922091255795,955.540909090909
280,14.568684210526316,5.0,-11.036842105263158,-16.03684210526316,10.916196210526316,-19.21282310706049,950.2263157894736
281,14.780394736842103,5.0,-11.128947368421052,-16.128947368421052,10.506966736842106,-19.173531248844814,958.792105263158
282,14.992105263157894,5.0,-11.221052631578948,-16.221052631578946,10.097737263157894,-19.128329941330954,967.357894736842
283,15.203815789473683,5.0,-11.31315789473684,-16.313157894736843,9.688507789473684,-19.076788495855467,975.9236842105264
284,15.415526315789474,5.0,-11.405263157894735,-16.405263157894737,9.279278315789474,-19.018424236100305,984.4894736842105
285,15.627236842105264,5.0,-11.49736842105263,-16.49736842105263,8.870048842105263,-18.95269357336297,993.0552631578948
286,15.838947368421053,5.0,-11.589473684210526,-16.589473684210525,8.460819368421053,-18.87898105441729,1001.6210526315788
287,16.050657894736844,5.0,-11.68157894736842,-16.681578947368422,8.051589894736843,-18.796585797942672,1010.1868421052632
288,15.209470588235297,4.8431372549019605,-11.723529411764703,-16.566666666666666,8.045973019607843,-18.84553195613497,1006.8725490196078
289,14.105058823529411,4.647058823529412,-11.752941176470587,-16.4,8.141259294117647,-18.928344837852656,1000.5882352941176
290,13.000647058823528,4.450980392156863,-11.78235294117647,-16.233333333333334,8.23654556862745,-19.010769555228716,994.3039215686274
291,11.896235294117648,4.254901960784314,-11.811764705882352,-16.066666666666666,8.331831843137254,-19.092814779270867,988.0196078431372
292,10.791823529411763,4.0588235294117645,-11.841176470588234,-15.9,8.427118117647058,-19.174488896406412,981.7352941176472
293,9.687411764705882,3.862745098039216,-11.870588235294118,-15.733333333333333,8.522404392156862,-19.25580002086953,975.4509803921568
294,8.582999999999998,3.6666666666666665,-11.9,-15.566666666666666,8.617690666666666,-19.336756006418586,969.1666666666666
295,7.478588235294117,3.4705882352941178,-11.929411764705884,-15.4,8.71297694117647,-19.417364457426544,962.8823529411764
296,6.374176470588234,3.2745098039215685,-11.958823529411765,-15.233333333333333,8.808263215686274,-19.49763273938444,956.5980392156862
297,5.269764705882352,3.07843137254902,-11.988235294117649,-15.066666666666666,8.903549490196077,-19.57756798885509,950.313725490196
298,4.22425,2.25,-12.0,-14.25,10.545332,-20.285341856017652,947.8
299,3.3798,2.560000000000001,-11.76,-14.32,11.079888,-20.187971197642003,999.64
300,3.7140769230769233,2.4846153846153856,-11.792307692307691,-14.276923076923078,10.421972923076924,-19.97521709665697,992.6615384615384
301,4.332923076923077,2.2153846153846155,-11.907692307692308,-14.123076923076924,9.599579076923076,-19.782786819372355,967.7384615384616
302,4.772111111111111,2.0,-12.0,-14.0,9.10905022222222,-19.684554289582124,947.8083333333332
303,4.492666666666667,2.0,-12.0,-14.0,9.945981333333332,-20.043547299048488,947.85
304,4.213222222222223,2.0,-12.0,-14.0,10.782912444444444,-20.378001513888186,947.8916666666668
305,3.933777777777778,2.0,-12.0,-14.0,11.619843555555557,-20.691316476046982,947.9333333333332
306,3.6543333333333337,2.0,-12.0,-14.0,12.456774666666666,-20.986215384590494,947.975
307,3.374888888888889,2.0,-12.0,-14.0,13.293705777777776,-21.264915194021658,948.0166666666668
308,3.0954444444444444,2.0,-12.0,-14.0,14.130636888888889,-21.529246088917247,948.0583333333334
309,2.816,2.0,-12.0,-14.0,14.967568,-21.7807374664985,948.1
310,1.810375,2.0,-12.0,-14.0,15.575018,-21.95597306305134,977.6909090909091
311,1.475,2.133333333333334,-12.133333333333333,-14.266666666666667,15.939488,-22.232109411481314,1007.2818181818184
312,1.9667777777777773,2.111111111111112,-12.555555555555555,-14.666666666666666,17.753738666666667,-23.27110164693844,984.4444444444443
313,2.414,2.0,-13.0,-15.0,20.021552,-24.416647101269067,948.5
314,4.138285714285715,2.7142857142857144,-13.0,-15.714285714285714,17.105792,-23.68409771121676,948.5
315,5.199307692307692,3.4615384615384617,-13.0,-16.46153846153846,16.881502769230767,-23.623501764448143,948.5
316,5.818153846153846,4.230769230769231,-13.0,-17.23076923076923,18.451527384615385,-24.03426523790364,948.5
317,6.437,5.0,-13.0,-18.0,20.021552,-24.416647101269067,948.5
318,7.734903225806452,5.0,-13.14516129032258,-18.14516129032258,18.73610941935484,-24.29728937550871,959.032258064516
319,9.032806451612904,4.999999999999999,-13.290322580645162,-18.29032258064516,17.45066683870968,-24.157159394000416,969.5645161290322
320,10.330709677419357,4.999999999999999,-13.435483870967742,-18.43548387096774,16.165224258064516,-23.993449009517608,980.0967741935484
321,11.628612903225807,4.999999999999999,-13.580645161290322,-18.58064516129032,14.879781677419356,-23.80269954044057,990.6290322580644
322,12.926516129032258,4.999999999999998,-13.725806451612904,-18.725806451612904,13.594339096774195,-23.580578283497715,1001.1612903225806
323,14.224419354838712,4.999999999999998,-13.870967741935484,-18.870967741935484,12.308896516129034,-23.321548365279558,1011.6935483870968
324,14.591266666666666,4.999999999999998,-13.933333333333334,-18.933333333333334,12.181397333333337,-23.354710636279165,1013.78
325,14.72535,4.999999999999998,-13.975,-18.975,12.343384,-23.466717146918647,1013.755
326,14.859433333333332,4.999999999999998,-14.016666666666667,-19.016666666666666,12.505370666666668,-23.578192258561806,1013.73
327,14.993516666666666,4.999999999999998,-14.058333333333334,-19.058333333333334,12.667357333333335,-23.689149419447766,1013.705
328,15.1276,4.999999999999998,-14.1,-19.1,12.829344,-23.79960158290314,1013.68
329,15.261683333333334,4.999999999999998,-14.141666666666667,-19.141666666666666,12.991330666666668,-23.909561231423112,1013.655
330,15.395766666666669,4.999999999999998,-14.183333333333334,-19.183333333333334,13.153317333333334,-24.019040399299293,1013.63
331,15.52985,4.999999999999998,-14.225,-19.225,13.315304,-24.1280506938987,1013.605
332,15.663933333333333,4.999999999999998,-14.266666666666667,-19.266666666666666,13.477290666666669,-24.236603315689504,1013.58
333,15.798016666666667,4.999999999999998,-14.308333333333334,-19.308333333333334,13.639277333333334,-24.344709077101378,1013.555
334,15.9321,4.999999999999998,-14.35,-19.35,13.801264000000002,-24.452378420301226,1013.53
335,16.066183333333335,4.999999999999998,-14.391666666666667,-19.391666666666666,13.963250666666667,-24.559621433958473,1013.505
336,16.093,4.966666666666665,-14.4,-19.366666666666664,14.060442666666669,-24.602275794653746,1013.4933333333332
337,16.093,4.924999999999998,-14.4,-19.325,14.141436,-24.628730457713107,1013.485
338,16.093,4.883333333333332,-14.4,-19.28333333333333,14.222429333333334,-24.655058152161363,1013.4766666666668
339,16.093,4.841666666666665,-14.4,-19.241666666666664,14.303422666666668,-24.68126020525863,1013.4683333333334
340,16.093,4.799999999999998,-14.4,-19.2,14.384416,-24.70733792297103,1013.46
341,16.093,4.758333333333332,-14.4,-19.15833333333333,14.465409333333334,-24.733292590430004,1013.4516666666668
342,16.093,4.716666666666665,-14.4,-19.116666666666664,14.546402666666667,-24.759125472379246,1013.4433333333332
343,16.093,4.674999999999998,-14.4,-19.075,14.627396,-24.78483781360959,1013.435
344,16.093,4.633333333333332,-14.4,-19.03333333333333,14.708389333333333,-24.810430839382285,1013.4266666666666
345,16.093,4.591666666666665,-14.4,-18.991666666666664,14.789382666666668,-24.835905755840997,1013.4183333333332
346,16.093,4.549999999999998,-14.4,-18.95,14.870376,-24.86126375041293,1013.41
347,16.093,4.508333333333332,-14.4,-18.90833333333333,14.951369333333334,-24.88650599219941,1013.4016666666666
348,15.949977777777775,4.366666666666665,-14.453333333333331,-18.82,15.05396088888889,-24.987477236312326,1007.5688888888888
349,15.7712,4.199999999999998,-14.52,-18.72,15.161952,-25.1073097859786,1000.28
350,15.592422222222222,4.033333333333332,-14.586666666666668,-18.62,15.269943111111113,-25.227045947474153,992.9911111111112
351,15.413644444444444,3.866666666666666,-14.653333333333334,-18.52,15.377934222222224,-25.3466873902494,985.7022222222222
352,15.234866666666669,3.6999999999999993,-14.72,-18.42,15.485925333333332,-25.466235748093126,978.4133333333332
353,15.056088888888889,3.5333333333333328,-14.786666666666669,-18.32,15.593916444444444,-25.58569262011622,971.1244444444444
354,14.877311111111112,3.3666666666666663,-14.853333333333332,-18.22,15.701907555555556,-25.705059571701856,963.8355555555556
355,14.698533333333334,3.2,-14.92,-18.12,15.809898666666664,-25.824338135423595,956.5466666666666
356,14.519755555555555,3.033333333333333,-14.986666666666666,-18.02,15.917889777777775,-25.943529811932628,949.2577777777776
357,13.8404,3.0,-15.0,-18.0,15.161952,-25.730139697176327,947.8
358,13.0359,3.0,-15.0,-18.0,14.190032,-25.418802605722973,947.8
359,12.875,3.2400000000000007,-15.0,-18.24,14.773184,-25.607675190907052,999.8
360,13.089533333333334,3.3000000000000007,-15.04,-18.34,14.5010464,-25.57203943438308,1012.7866666666666
361,13.3577,3.3000000000000003,-15.09,-18.39,13.9178944,-25.44437467307708,1012.77
362,13.625866666666669,3.3000000000000003,-15.14,-18.44,13.3347424,-25.30937102394041,1012.7533333333332
363,13.894033333333333,3.3000000000000003,-15.19,-18.49,12.7515904,-25.166438358602836,1012.7366666666668
364,14.1622,3.3,-15.24,-18.54,12.1684384,-25.01490880534564,1012.72
365,14.430366666666666,3.3,-15.29,-18.59,11.5852864,-24.854022175084395,1012.7033333333334
366,14.698533333333334,3.3,-15.34,-18.64,11.0021344,-24.682907761334377,1012.6866666666666
367,14.9667,3.2999999999999994,-15.39,-18.69,10.4189824,-24.500561365533844,1012.67
368,15.234866666666669,3.2999999999999994,-15.44,-18.74,9.8358304,-24.30581594818591,1012.6533333333332
369,15.503033333333333,3.2999999999999994,-15.49,-18.79,9.2526784,-24.09730363998665,1012.6366666666668
370,15.7712,3.299999999999999,-15.54,-18.84,8.669526399999999,-23.873405841843258,1012.62
371,16.039366666666666,3.299999999999999,-15.59,-18.89,8.0863744,-23.63218659038374,1012.6033333333334
372,15.470032258064515,3.261290322580644,-15.651612903225804,-18.91290322580645,8.49646193548387,-23.923503110132522,1004.1612903225808
373,14.691322580645162,3.2129032258064507,-15.716129032258063,-18.92903225806452,9.15485935483871,-24.33198677570755,993.6129032258063
374,13.912612903225806,3.1645161290322577,-15.780645161290323,-18.94516129032258,9.81325677419355,-24.722109601754596,983.0645161290324
375,13.133903225806453,3.116129032258064,-15.84516129032258,-18.961290322580645,10.471654193548387,-25.096112982596537,972.516129032258
376,12.355193548387096,3.06774193548387,-15.90967741935484,-18.97741935483871,11.130051612903229,-25.45584602088745,961.967741935484
377,11.576483870967742,3.0193548387096776,-15.974193548387095,-18.993548387096773,11.788449032258065,-25.802852819754285,951.4193548387098
378,12.338,3.0,-16.0,-19.0,11.339066666666668,-25.655798061298796,947.2
379,14.126333333333331,3.0,-16.0,-19.0,10.151164444444444,-25.149781204275758,947.2
380,15.199111111111112,3.0,-16.0,-19.0,9.049655111111113,-24.633967583296503,947.2
381,16.093,3.0,-16.0,-19.0,7.969743999999999,-24.074247903798245,947.2
382,16.093,3.136363636363635,-16.045454545454547,-19.18181818181818,7.527962181818181,-23.882457873753786,976.790909090909
383,16.093,3.2727272727272703,-16.090909090909093,-19.363636363636363,7.086180363636364,-23.677621146865505,1006.3818181818182
384,16.093,3.1285714285714272,-16.614285714285714,-19.742857142857144,6.442441142857144,-23.906206454316504,974.8714285714284
385,16.093,3.0,-17.0,-20.0,6.025904000000001,-24.086879668318886,946.7636363636364
386,16.093,3.0,-17.0,-20.0,6.025904000000001,-24.086879668318886,946.6727272727272
387,16.093,3.0,-17.0,-20.0,6.025904000000001,-24.086879668318886,946.5818181818182
388,16.093,3.0,-17.0,-20.0,6.025904000000001,-24.086879668318886,946.4909090909092
389,16.093,3.0,-17.0,-20.0,6.025904000000001,-24.086879668318886,946.4
390,16.093,3.0,-17.0,-20.0,6.025904000000001,-24.086879668318886,946.309090909091
391,16.093,3.0,-17.0,-20.0,6.025904000000001,-24.086879668318886,946.2181818181818
392,16.093,2.96,-17.04,-20.0,6.220288000000001,-24.270866249668174,959.2
393,16.093,2.91,-17.09,-20.0,6.463268,-24.496252655888934,975.45
394,16.093,2.8600000000000003,-17.14,-20.0,6.706248,-24.716863200474357,991.7
395,16.093,2.8100000000000005,-17.189999999999998,-20.0,6.949228000000001,-24.93301885067329,1007.95
396,16.093,2.7600000000000007,-17.24,-20.0,7.062618666666667,-25.064976731039827,1011.1466666666668
397,16.093,2.7100000000000004,-17.29,-20.0,7.143612,-25.176183248730755,1011.08
398,16.093,2.66,-17.34,-20.0,7.224605333333334,-25.28702248980678,1011.0133333333332
399,16.093,2.6100000000000003,-17.39,-20.0,7.305598666666667,-25.397502695515076,1010.9466666666668
400,16.093,2.56,-17.44,-20.0,7.386592,-25.507631842320325,1010.88
401,16.093,2.51,-17.49,-20.0,7.467585333333333,-25.617417653133423,1010.8133333333334
402,16.093,2.46,-17.54,-20.0,7.548578666666667,-25.72686760794933,1010.7466666666668
403,16.093,2.41,-17.59,-20.0,7.629572,-25.835988953931107,1010.68
404,16.093,2.3599999999999994,-17.64,-20.0,7.710565333333333,-25.94478871497457,1010.6133333333332
405,16.093,2.31,-17.69,-20.0,7.791558666666666,-26.053273700785315,1010.5466666666666
406,16.093,2.26,-17.740000000000002,-20.0,7.872552,-26.161450515497787,1010.48
407,16.093,2.209999999999999,-17.79,-20.0,7.953545333333333,-26.26932556586388,1010.4133333333332
408,15.16453846153846,2.261538461538461,-17.73846153846154,-20.0,7.894980923076923,-26.17242224609682,1005.3615384615384
409,14.00396153846154,2.3384615384615377,-17.661538461538463,-20.0,7.801527076923077,-26.024048963120116,999.0634615384616
410,12.843384615384617,2.415384615384615,-17.584615384615386,-20.0,7.70807323076923,-25.875311667625027,992.7653846153846
411,11.682807692307692,2.492307692307692,-17.50769230769231,-20.0,7.614619384615384,-25.726200923778144,986.4673076923076
412,10.52223076923077,2.569230769230769,-17.430769230769233,-20.0,7.521165538461538,-25.576706951938874,980.1692307692308
413,9.361653846153846,2.6461538461538456,-17.353846153846153,-20.0,7.4277116923076925,-25.426819611864502,973.8711538461538
414,8.201076923076922,2.7230769230769227,-17.276923076923076,-20.0,7.334257846153847,-25.276528384876155,967.5730769230768
415,7.0405,2.8,-17.2,-20.0,7.240804000000001,-25.12582235490729,961.275
416,5.8799230769230775,2.876923076923077,-17.123076923076923,-20.0,7.147350153846154,-24.974690188349427,954.9769230769232
417,4.719346153846153,2.953846153846154,-17.046153846153846,-20.0,7.053896307692308,-24.823120112602247,948.6788461538462
418,4.22425,2.95,-17.05,-20.0,7.240804000000001,-24.942497715023503,961.225
419,4.727375,2.8250000000000006,-17.175,-20.0,7.848254,-25.452553320954564,1002.0375
420,6.4375,2.4000000000000004,-17.1,-19.5,7.483784,-25.149196369742594,977.4
421,8.047,2.0,-17.0,-19.0,6.754844,-24.578112359945614,944.6
422,8.047,2.0,-17.0,-19.0,5.539944,-23.730865381318687,944.6
423,7.8960625,2.09375,-17.0,-19.09375,5.6189125,-23.790458660976828,944.6
424,7.644500000000001,2.25,-17.0,-19.25,6.56046,-24.451648106629438,944.6
425,7.3929375,2.40625,-17.0,-19.40625,7.502007499999999,-25.037396826318208,944.6
426,7.141375,2.5625,-17.0,-19.5625,8.443555,-25.564327807205775,944.6
427,6.889812500000001,2.71875,-17.0,-19.71875,9.3851025,-26.044009663779484,944.6
428,6.63825,2.875,-17.0,-19.875,10.32665,-26.484835321715824,944.6
429,6.598000000000001,3.0,-17.0,-20.0,10.9632576,-26.7641181606463,944.6
430,7.403,3.0,-17.0,-20.0,10.3801056,-26.508834598978233,944.6
431,8.047,2.9000000000000004,-17.1,-20.0,10.496736,-26.686731716640875,977.45
432,9.037307692307692,2.984615384615385,-17.16923076923077,-20.15384615384616,11.229414153846154,-27.09107858749647,1000.2384615384616
433,10.275192307692308,3.215384615384616,-17.130769230769232,-20.346153846153847,11.416321846153847,-27.1204515444005,987.6615384615384
434,11.513076923076923,3.4461538461538463,-17.092307692307692,-20.53846153846154,11.60322953846154,-27.14862808137606,975.0846153846154
435,12.75096153846154,3.676923076923077,-17.053846153846152,-20.73076923076923,11.790137230769233,-27.175642223531455,962.5076923076924
436,13.988846153846154,3.907692307692308,-17.015384615384615,-20.923076923076923,11.977044923076924,-27.2015264899556,949.9307692307692
437,14.625970588235294,4.141176470588236,-17.017647058823528,-21.15882352941177,11.86314117647059,-27.15895837972183,950.6794117647058
438,14.862588235294115,4.376470588235295,-17.04705882352941,-21.423529411764704,11.548696470588236,-27.068881758956454,960.3117647058824
439,15.09920588235294,4.611764705882353,-17.076470588235296,-21.688235294117646,11.234251764705885,-26.975689610193694,969.9441176470588
440,15.335823529411766,4.847058823529412,-17.105882352941176,-21.95294117647059,10.91980705882353,-26.87922229363238,979.5764705882352
441,15.572441176470589,5.082352941176471,-17.135294117647057,-22.21764705882353,10.605362352941176,-26.77930701782845,989.2088235294118
442,15.809058823529412,5.31764705882353,-17.16470588235294,-22.482352941176472,10.290917647058825,-26.675756326569264,998.8411764705884
443,16.045676470588234,5.55294117647059,-17.194117647058825,-22.74705882352941,9.976472941176471,-26.56836635927862,1008.4735294117648
444,15.985733333333334,5.706666666666668,-17.24,-22.94666666666667,10.393064533333334,-26.81653814375309,1010.48
445,15.85165,5.840000000000001,-17.29,-23.13,10.9924152,-27.143040608518824,1010.58
446,15.717566666666666,5.973333333333335,-17.34,-23.313333333333333,11.591765866666668,-27.458294669390842,1010.68
447,15.583483333333334,6.106666666666667,-17.39,-23.496666666666663,12.191116533333334,-27.7633645941742,1010.78
448,15.4494,6.24,-17.44,-23.68,12.7904672,-28.059168273315986,1010.88
449,15.315316666666666,6.373333333333334,-17.49,-23.863333333333333,13.389817866666668,-28.346503134010188,1010.98
450,15.181233333333331,6.506666666666667,-17.54,-24.046666666666667,13.989168533333334,-28.626066530013453,1011.08
451,15.04715,6.640000000000001,-17.59,-24.23,14.5885192,-28.89847196791406,1011.18
452,14.913066666666667,6.773333333333333,-17.64,-24.41333333333333,15.187869866666668,-29.16426215393183,1011.28
453,14.778983333333333,6.906666666666666,-17.69,-24.596666666666668,15.787220533333334,-29.423919583522824,1011.38
454,14.6449,7.039999999999999,-17.740000000000002,-24.78,16.386571200000002,-29.677875211103263,1011.48
455,14.510816666666669,7.173333333333333,-17.79,-24.96333333333333,16.98592186666667,-29.926515604576608,1011.58
456,13.840266666666666,7.093333333333333,-17.833333333333336,-24.926666666666662,16.963243733333336,-29.976436774939913,1011.66
457,13.0356,6.959999999999999,-17.875,-24.835,16.7850584,-29.97692168733822,1011.735
458,12.230933333333333,6.826666666666665,-17.916666666666668,-24.74333333333333,16.60687306666667,-29.976824827754818,1011.81
459,11.426266666666669,6.6933333333333325,-17.958333333333336,-24.651666666666667,16.428687733333334,-29.976135268983246,1011.885
460,10.6216,6.559999999999999,-18.0,-24.56,16.250502400000002,-29.974841751266176,1011.96
461,9.816933333333337,6.426666666666665,-18.041666666666668,-24.468333333333334,16.072317066666667,-29.972932668341045,1012.035
462,9.012266666666669,6.293333333333332,-18.083333333333336,-24.376666666666665,15.894131733333332,-29.970396052736902,1012.11
463,8.207600000000001,6.159999999999998,-18.125,-24.285,15.7159464,-29.967219560273477,1012.185
464,7.402933333333334,6.026666666666665,-18.166666666666668,-24.19333333333333,15.537761066666668,-29.96339045370943,1012.26
465,6.598266666666668,5.893333333333332,-18.208333333333336,-24.101666666666667,15.359575733333331,-29.958895585482804,1012.335
466,5.793600000000001,5.759999999999998,-18.25,-24.01,15.1813904,-29.953721379481962,1012.41
467,4.988933333333335,5.626666666666664,-18.291666666666668,-23.918333333333333,15.003205066666666,-29.947853811780547,1012.485
468,4.688000000000001,5.669565217391303,-18.24782608695652,-23.917391304347824,15.677492173913045,-30.11456839175923,1001.1434782608696
469,4.513,5.7565217391304335,-18.18260869565217,-23.93913043478261,16.56489739130435,-30.31152549456916,986.9478260869564
470,4.338,5.843478260869564,-18.117391304347827,-23.96086956521739,17.452302608695653,-30.495306490074526,972.7521739130436
471,4.163,5.930434782608695,-18.05217391304348,-23.98260869565217,18.33970782608696,-30.667097530960184,958.5565217391304
472,3.7931428571428567,5.857142857142857,-18.142857142857142,-24.0,18.910786285714288,-30.94714775400618,947.2428571428572
473,2.6438571428571427,5.142857142857142,-18.857142857142858,-24.0,18.21655771428572,-31.692723991657267,947.4571428571428
474,2.843066666666666,5.533333333333333,-19.0,-24.53333333333333,19.114426666666667,-32.13746958040061,947.58
475,3.3794,6.2,-19.0,-25.2,20.41032,-32.49038420097456,947.68
476,3.915733333333333,6.866666666666667,-19.0,-25.866666666666667,21.70621333333333,-32.82495276653567,947.78
477,4.023,6.6923076923076925,-19.0,-25.692307692307693,20.11126769230769,-32.41064961395775,947.8923076923076
478,4.023,6.307692307692308,-19.0,-25.307692307692307,17.793612307692307,-31.756444435675373,948.0076923076924
479,4.023,5.800000000000001,-19.2,-25.0,17.0086,-31.780599532320515,981.15
480,2.7358,5.92,-19.08,-25.0,18.077712,-31.94570821986335,961.32
481,1.609,5.0,-19.0,-24.0,17.105792,-31.548521957335232,948.1941176470588
482,1.35775,5.0,-19.0,-24.0,22.086882,-32.92004060232081,948.3117647058824
483,1.529,5.4,-19.4,-24.8,23.0539424,-33.693332511779936,948.4294117647058
484,2.4588888888888887,6.0,-20.0,-26.0,19.805569777777777,-33.655196173262595,948.5666666666666
485,3.5761111111111106,6.0,-20.0,-26.0,19.265614222222226,-33.50363600898932,948.7333333333332
486,3.814965517241379,6.124137931034483,-20.0,-26.124137931034483,19.049632000000003,-33.442011339289735,955.7
487,3.468241379310345,6.3310344827586205,-20.0,-26.33103448275862,19.049632000000003,-33.442011339289735,967.2
488,3.12151724137931,6.537931034482758,-20.0,-26.53793103448276,19.049632000000003,-33.442011339289735,978.7
489,2.774793103448276,6.744827586206896,-20.0,-26.74482758620689,19.049632000000003,-33.442011339289735,990.2
490,2.428068965517241,6.951724137931034,-20.0,-26.95172413793104,19.049632000000003,-33.442011339289735,1001.7
491,2.0813448275862068,7.158620689655172,-20.0,-27.158620689655173,19.049632000000003,-33.442011339289735,1013.2
492,2.905777777777778,7.111111111111111,-20.0,-27.11111111111111,21.295847111111115,-34.05619190952049,986.1222222222224
493,4.023,7.0,-20.0,-27.0,24.103616,-34.75158849416532,949.4
494,2.905777777777778,7.0,-20.55555555555556,-27.55555555555556,26.263438222222224,-35.99695477518917,949.4
495,2.199733333333333,7.0,-21.0,-28.0,27.3303904,-36.835641926585666,949.42
496,3.1384000000000003,7.0,-21.0,-28.0,24.0258624,-36.082508381401645,949.52
497,4.077066666666667,7.0,-21.0,-28.0,20.721334400000003,-35.236694894329936,949.62
498,4.645090909090909,7.0,-21.0,-28.0,18.431137454545457,-34.58125117565325,949.7363636363636
499,3.730545454545455,7.0,-21.0,-28.0,20.19826472727273,-35.09256554424816,949.918181818182
500,2.816,7.0,-21.0,-28.0,21.965392,-35.56758707722448,950.1
501,3.280230769230769,7.0,-21.0,-28.0,19.647736615384616,-34.93744310355363,950.1
502,3.7444615384615374,7.0,-21.0,-28.0,17.33008123076923,-34.241433310004766,950.1
503,5.632333333333333,6.733333333333332,-20.73333333333333,-27.466666666666665,18.660864,-34.29788571457924,994.3
504,3.2186000000000003,7.72,-20.12,-27.84,25.6198112,-35.262025786194954,963.36
505,2.3245555555555555,7.777777777777778,-20.11111111111111,-27.88888888888889,26.24184,-35.38791236895786,950.1837209302324
506,2.21275,7.5,-20.25,-27.75,25.26992,-35.359343550409406,950.2883720930232
507,2.1009444444444445,7.222222222222222,-20.38888888888889,-27.61111111111111,24.298,-35.32237925254576,950.393023255814
508,1.989138888888889,6.944444444444445,-20.52777777777778,-27.47222222222222,23.32608,-35.276420838645976,950.4976744186048
509,1.8773333333333333,6.666666666666667,-20.666666666666668,-27.33333333333333,22.35416,-35.22079859968943,950.6023255813952
510,1.7655277777777778,6.388888888888889,-20.80555555555556,-27.194444444444443,21.38224,-35.154759745034724,950.706976744186
511,1.653722222222222,6.111111111111111,-20.944444444444443,-27.05555555555556,20.41032,-35.07745370823519,950.8116279069768
512,2.299,6.0,-21.0,-27.0,19.60501485714286,-34.925253338925934,950.9162790697676
513,3.62125,6.125,-20.875,-27.0,19.049632000000003,-34.59938211307341,951.0
514,5.6325,6.75,-20.25,-27.0,19.049632000000003,-33.77268870322793,951.0
515,4.6265,7.15,-20.0,-27.15,22.84012,-34.447573558555035,1000.875
516,4.208692307692307,7.184615384615384,-20.07692307692308,-27.26153846153846,23.640084923076927,-34.74528880002185,1012.4384615384616
517,4.4408076923076925,7.165384615384615,-20.173076923076923,-27.338461538461537,23.06067107692308,-34.73434073283246,1006.1115384615384
518,4.672923076923077,7.146153846153846,-20.26923076923077,-27.41538461538461,22.48125723076924,-34.71983631956887,999.7846153846154
519,4.905038461538462,7.1269230769230765,-20.365384615384617,-27.49230769230769,21.901843384615383,-34.70161357198178,993.4576923076924
520,5.137153846153846,7.107692307692307,-20.46153846153846,-27.569230769230767,21.32242953846154,-34.679498383371495,987.1307692307691
521,5.369269230769231,7.088461538461538,-20.557692307692307,-27.646153846153847,20.743015692307694,-34.653303258742135,980.8038461538462
522,5.601384615384616,7.069230769230769,-20.65384615384616,-27.723076923076924,20.16360184615385,-34.62282587194758,974.4769230769232
523,5.8335,7.05,-20.75,-27.8,19.584188,-34.58784742051306,968.15
524,6.065615384615384,7.030769230769231,-20.846153846153847,-27.87692307692308,19.00477415384616,-34.548130742817854,961.823076923077
525,6.297730769230769,7.0115384615384615,-20.942307692307693,-27.95384615384616,18.42536030769231,-34.50341815487524,955.496153846154
526,5.8335,7.05,-20.9,-27.95,19.827168,-34.85567702019853,968.375
527,4.32475,7.174999999999999,-20.65,-27.825,24.200808,-35.6519689798179,1010.0625
528,4.591,6.917647058823529,-20.694117647058825,-27.611764705882354,23.886363294117647,-35.63634162502563,1002.7764705882352
529,5.301,6.564705882352941,-20.81176470588236,-27.376470588235293,22.399897411764705,-35.427003327700454,983.2470588235294
530,6.011,6.211764705882353,-20.929411764705883,-27.141176470588235,20.913431529411763,-35.194747122183045,963.7176470588236
531,6.437,6.004651162790697,-21.004651162790697,-27.009302325581395,20.157168744186045,-35.0872911531287,955.1395348837208
532,6.437,6.0162790697674415,-21.01627906976744,-27.032558139534885,20.496210604651164,-35.19670905117879,962.9883720930231
533,6.437,6.027906976744186,-21.027906976744188,-27.05581395348837,20.83525246511628,-35.304873941807124,970.8372093023256
534,6.437,6.039534883720929,-21.03953488372093,-27.07906976744186,21.1742943255814,-35.411823496462624,978.686046511628
535,6.437,6.051162790697673,-21.05116279069768,-27.10232558139535,21.513336186046512,-35.51759367937147,986.5348837209302
536,6.437,6.0627906976744175,-21.06279069767442,-27.12558139534884,21.852378046511628,-35.62221885034222,994.3837209302326
537,6.437,6.074418604651161,-21.074418604651164,-27.148837209302325,22.191419906976748,-35.72573185989319,1002.2325581395348
538,6.437,6.086046511627905,-21.08604651162791,-27.17209302325581,22.530461767441864,-35.8281641373829,1010.0813953488372
539,6.437,6.097674418604649,-21.09767441860465,-27.195348837209306,22.86950362790698,-35.92954577275552,1017.9302325581396
540,6.065615384615385,6.084615384615383,-21.084615384615383,-27.16923076923077,22.78778584615385,-35.89142931697221,1009.2692307692308
541,5.601384615384616,6.065384615384614,-21.065384615384616,-27.130769230769232,22.60087815384616,-35.81833304258854,996.4807692307692
542,5.137153846153846,6.046153846153845,-21.04615384615385,-27.09230769230769,22.41397046153846,-35.74494394149424,983.6923076923076
543,4.672923076923077,6.026923076923076,-21.02692307692308,-27.053846153846152,22.22706276923077,-35.671257326173695,970.9038461538462
544,4.208692307692307,6.007692307692308,-21.00769230769231,-27.01538461538461,22.04015507692308,-35.59726839549987,958.1153846153846
545,4.368,5.571428571428571,-21.428571428571427,-27.0,22.381929142857143,-36.24958802738665,953.1285714285714
546,4.947222222222223,5.018518518518518,-21.988888888888887,-27.00740740740741,22.82932088888889,-37.1166154621831,955.7925925925924
547,5.543333333333334,5.111111111111111,-21.933333333333334,-27.044444444444444,22.289365333333336,-36.90235153498563,968.2555555555556
548,6.139444444444445,5.203703703703703,-21.877777777777776,-27.08148148148148,21.74940977777777,-36.68552639660105,980.7185185185184
549,6.735555555555556,5.296296296296296,-21.822222222222223,-27.11851851851852,21.209454222222224,-36.46601724366069,993.1814814814816
550,7.331666666666667,5.388888888888889,-21.766666666666666,-27.155555555555555,20.669498666666662,-36.24369219736464,1005.6444444444444
551,7.927777777777779,5.481481481481482,-21.711111111111112,-27.1925925925926,20.12954311111111,-36.018409377919,1018.1074074074074
552,8.404555555555556,5.444444444444445,-21.73333333333333,-27.177777777777777,19.244016,-35.79217204486713,1013.2222222222224
553,8.851500000000001,5.375,-21.775,-27.15,18.272096,-35.55472673653182,1004.0
554,9.298444444444446,5.305555555555555,-21.816666666666663,-27.12222222222222,17.300176,-35.303407546281434,994.7777777777778
555,9.74538888888889,5.236111111111111,-21.85833333333333,-27.094444444444445,16.328256,-35.03676128313418,985.5555555555557
556,10.192333333333334,5.166666666666667,-21.9,-27.066666666666663,15.356336,-34.753083344595005,976.3333333333334
557,10.639277777777778,5.097222222222222,-21.941666666666663,-27.038888888888888,14.384416,-34.450354938516135,967.1111111111112
558,11.086222222222222,5.027777777777778,-21.98333333333333,-27.01111111111112,13.412496,-34.12615914592585,957.8888888888888
559,12.874333333333334,5.333333333333333,-22.0,-27.33333333333333,13.347701333333331,-34.1215466493562,954.2
560,15.556555555555557,5.888888888888889,-22.0,-27.88888888888889,13.88765688888889,-34.3352163184383,954.2
561,16.093,5.8933333333333335,-22.05333333333333,-27.946666666666665,12.9070976,-34.01002989624284,972.1466666666666
562,16.093,5.760000000000001,-22.12,-27.88,11.5464096,-33.50412750878855,994.58
563,16.093,5.626666666666668,-22.186666666666667,-27.813333333333333,10.1857216,-32.93485449036277,1017.0133333333332
564,16.093,5.694117647058825,-22.152941176470588,-27.84705882352941,10.874069647058825,-33.231646315652455,1005.7588235294118
565,16.093,5.811764705882354,-22.094117647058823,-27.905882352941177,12.074676705882354,-33.707335580935926,986.0823529411764
566,16.093,5.929411764705883,-22.03529411764706,-27.96470588235294,13.275283764705884,-34.13763434515049,966.4058823529411
567,16.093,6.004651162790697,-22.037209302325586,-28.04186046511628,13.805784558139536,-34.3511790181035,957.7302325581396
568,16.093,6.0162790697674415,-22.130232558139536,-28.14651162790698,13.331125953488373,-34.2820639602127,965.5558139534884
569,16.093,6.027906976744186,-22.22325581395349,-28.25116279069768,12.85646734883721,-34.20651046880302,973.3813953488371
570,16.093,6.039534883720929,-22.316279069767443,-28.35581395348837,12.381808744186047,-34.12408962135798,981.206976744186
571,16.093,6.051162790697673,-22.4093023255814,-28.460465116279067,11.907150139534885,-34.03432551635886,989.0325581395348
572,16.093,6.0627906976744175,-22.50232558139535,-28.56511627906977,11.432491534883722,-33.93668799224034,996.8581395348835
573,16.093,6.074418604651161,-22.595348837209304,-28.669767441860465,10.95783293023256,-33.83058386045775,1004.6837209302324
574,16.093,6.086046511627905,-22.688372093023258,-28.77441860465116,10.483174325581397,-33.7153462701508,1012.5093023255814
575,16.093,6.097674418604649,-22.78139534883721,-28.87906976744186,10.008515720930234,-33.59022170113053,1020.3348837209302
576,16.093,6.099999999999998,-22.8,-28.9,9.848789333333334,-33.529842012016374,1021.9266666666666
577,16.093,6.099999999999998,-22.8,-28.9,9.767796,-33.48695728287683,1021.96
578,16.093,6.099999999999998,-22.8,-28.9,9.686802666666669,-33.44377280656996,1021.9933333333332
579,16.093,6.099999999999998,-22.8,-28.9,9.605809333333331,-33.40028395526085,1022.0266666666666
580,16.093,6.099999999999998,-22.8,-28.9,9.524816,-33.35648598989951,1022.06
581,16.093,6.099999999999998,-22.8,-28.9,9.443822666666666,-33.31237405657621,1022.0933333333332
582,16.093,6.099999999999998,-22.8,-28.9,9.362829333333334,-33.267943182725055,1022.1266666666668
583,16.093,6.099999999999998,-22.8,-28.9,9.281836,-33.223188273167864,1022.16
584,16.093,6.099999999999998,-22.8,-28.9,9.200842666666668,-33.17810410599053,1022.1933333333332
585,16.093,6.099999999999998,-22.8,-28.9,9.119849333333333,-33.13268532824287,1022.2266666666666
586,16.093,6.099999999999998,-22.8,-28.9,9.038856,-33.086926451453024,1022.26
587,16.093,6.099999999999998,-22.8,-28.9,8.957862666666665,-33.040821846946564,1022.2933333333332
588,16.093,6.083333333333331,-22.816666666666663,-28.9,9.110130133333334,-33.14795643062682,1022.3266666666666
589,16.093,6.062499999999998,-22.8375,-28.9,9.3207128,-33.291471220846944,1022.36
590,16.093,6.041666666666664,-22.85833333333333,-28.9,9.531295466666666,-33.432869468892115,1022.3933333333332
591,16.093,6.020833333333331,-22.879166666666663,-28.9,9.741878133333334,-33.5722376232392,1022.4266666666666
592,16.093,5.999999999999998,-22.9,-28.9,9.9524608,-33.70965685077666,1022.46
593,16.093,5.979166666666664,-22.92083333333333,-28.9,10.163043466666666,-33.84520346306854,1022.4933333333332
594,16.093,5.958333333333331,-22.941666666666663,-28.9,10.373626133333332,-33.97894930017985,1022.5266666666666
595,16.093,5.937499999999998,-22.9625,-28.9,10.5842088,-34.11096207705704,1022.56
596,16.093,5.916666666666664,-22.98333333333333,-28.9,10.794791466666666,-34.241305696782966,1022.5933333333334
597,16.093,5.895833333333331,-23.004166666666663,-28.9,11.005374133333332,-34.37004053445322,1022.6266666666668
598,16.093,5.874999999999998,-23.025,-28.9,11.2159568,-34.49722369493413,1022.66
599,16.093,5.854166666666664,-23.04583333333333,-28.9,11.426539466666666,-34.62290924734674,1022.6933333333332
600,16.093,5.833333333333331,-23.066666666666663,-28.9,11.637122133333332,-34.747148438765244,1022.7266666666668
601,16.093,5.812499999999998,-23.0875,-28.9,11.8477048,-34.86998988931205,1022.76
602,16.093,5.791666666666664,-23.10833333333333,-28.9,12.058287466666666,-34.991479770568404,1022.7933333333332
603,16.093,5.770833333333331,-23.129166666666663,-28.9,12.268870133333332,-35.111661968991655,1022.8266666666668
604,16.093,5.749999999999998,-23.15,-28.9,12.4794528,-35.23057823583289,1022.86
605,16.093,5.729166666666664,-23.17083333333333,-28.9,12.690035466666668,-35.34826832487735,1022.8933333333332
606,16.093,5.708333333333331,-23.191666666666663,-28.9,12.900618133333332,-35.46477011918109,1022.9266666666666
607,16.093,5.687499999999998,-23.2125,-28.9,13.1112008,-35.58011974784652,1022.96
608,16.093,5.666666666666664,-23.23333333333333,-28.9,13.321783466666666,-35.69435169376633,1022.9933333333332
609,16.093,5.645833333333331,-23.254166666666663,-28.9,13.532366133333332,-35.80749889316486,1023.0266666666666
610,16.093,5.624999999999998,-23.275,-28.9,13.7429488,-35.91959282767831,1023.06
611,16.093,5.604166666666664,-23.29583333333333,-28.9,13.953531466666668,-36.03066360963805,1023.0933333333334
612,16.093,5.548936170212764,-23.274468085106385,-28.823404255319147,13.91293140425532,-35.98697688146846,1017.3808510638298
613,16.093,5.485106382978722,-23.242553191489364,-28.727659574468085,13.809535659574468,-35.90456498799364,1010.231914893617
614,16.093,5.421276595744679,-23.21063829787234,-28.63191489361702,13.706139914893615,-35.82194348438963,1003.0829787234044
615,16.093,5.3574468085106375,-23.17872340425532,-28.53617021276596,13.602744170212766,-35.73910922761599,995.9340425531916
616,16.093,5.293617021276595,-23.14680851063829,-28.440425531914894,13.499348425531917,-35.656059005127865,988.7851063829788
617,16.093,5.229787234042552,-23.11489361702128,-28.344680851063828,13.395952680851064,-35.57278953280486,981.636170212766
618,16.093,5.16595744680851,-23.082978723404256,-28.248936170212765,13.292556936170213,-35.48929745280161,974.4872340425532
619,16.093,5.102127659574467,-23.051063829787235,-28.153191489361703,13.189161191489362,-35.40557933131703,967.3382978723404
620,16.093,5.038297872340426,-23.01914893617021,-28.05744680851064,13.08576544680851,-35.321631656277816,960.1893617021276
621,16.093,5.0,-23.0,-28.0,13.023728,-35.27115137439398,955.9
622,16.093,5.0,-23.0,-28.0,13.023728,-35.27115137439398,955.9
623,16.093,5.0,-23.15,-28.15,12.537768,-35.255921329347935,989.6
624,16.093,4.966666666666667,-23.3,-28.266666666666666,12.051808,-35.232603608857104,1023.3133333333332
625,16.093,4.925,-23.3,-28.225,12.051808,-35.232603608857104,1023.33
626,16.093,4.883333333333334,-23.3,-28.183333333333334,12.051808,-35.232603608857104,1023.3466666666666
627,16.093,4.841666666666667,-23.3,-28.141666666666666,12.051808,-35.232603608857104,1023.3633333333332
628,16.093,4.8,-23.3,-28.1,12.051808,-35.232603608857104,1023.38
629,16.093,4.758333333333334,-23.3,-28.058333333333334,12.051808,-35.232603608857104,1023.3966666666666
630,16.093,4.716666666666667,-23.3,-28.016666666666666,12.051808,-35.232603608857104,1023.4133333333332
631,16.093,4.675,-23.3,-27.975,12.051808,-35.232603608857104,1023.43
632,16.093,4.633333333333334,-23.3,-27.933333333333334,12.051808,-35.232603608857104,1023.4466666666666
633,16.093,4.591666666666667,-23.3,-27.891666666666666,12.051808,-35.232603608857104,1023.4633333333334
634,16.093,4.55,-23.3,-27.85,12.051808,-35.232603608857104,1023.48
635,16.093,4.508333333333334,-23.3,-27.808333333333334,12.051808,-35.232603608857104,1023.4966666666668
636,15.985733333333334,4.42,-23.34,-27.76,12.116602666666669,-35.312624503382494,1023.5066666666668
637,15.85165,4.32,-23.39,-27.71,12.197596,-35.41253014942306,1023.515
638,15.717566666666666,4.220000000000001,-23.44,-27.66,12.278589333333334,-35.51230370880485,1023.5233333333332
639,15.583483333333334,4.12,-23.49,-27.61,12.359582666666668,-35.61194704421314,1023.5316666666666
640,15.4494,4.0200000000000005,-23.54,-27.56,12.440576,-35.71146198231293,1023.54
641,15.315316666666666,3.92,-23.59,-27.51,12.521569333333334,-35.81085031466436,1023.5483333333332
642,15.181233333333331,3.82,-23.64,-27.46,12.602562666666667,-35.91011379860913,1023.5566666666668
643,15.04715,3.7200000000000006,-23.69,-27.41,12.683556,-36.00925415812926,1023.565
644,14.913066666666667,3.620000000000001,-23.74,-27.36,12.764549333333331,-36.108273084678885,1023.5733333333334
645,14.778983333333333,3.5200000000000005,-23.79,-27.31,12.845542666666669,-36.2071722379905,1023.5816666666668
646,14.6449,3.420000000000001,-23.84,-27.26,12.926536,-36.30595324685621,1023.59
647,14.510816666666669,3.3200000000000007,-23.89,-27.21,13.007529333333334,-36.40461770988519,1023.5983333333334
648,14.484,3.3000000000000007,-23.9,-27.2,12.958933333333334,-36.39666455951647,1023.62
649,14.484,3.3000000000000007,-23.9,-27.2,12.87794,-36.36191040471892,1023.645
650,14.484,3.3000000000000007,-23.9,-27.2,12.796946666666669,-36.32697215548342,1023.67
651,14.484,3.3000000000000007,-23.9,-27.2,12.715953333333331,-36.291847662187614,1023.695
652,14.484,3.3000000000000007,-23.9,-27.2,12.63496,-36.25653473621938,1023.72
653,14.484,3.3000000000000007,-23.9,-27.2,12.553966666666668,-36.22103114901447,1023.745
654,14.484,3.3000000000000007,-23.9,-27.2,12.472973333333334,-36.18533463106401,1023.77
655,14.484,3.3000000000000007,-23.9,-27.2,12.39198,-36.14944287089072,1023.795
656,14.484,3.3000000000000007,-23.9,-27.2,12.310986666666668,-36.11335351399269,1023.82
657,14.484,3.3000000000000007,-23.9,-27.2,12.229993333333336,-36.07706416175341,1023.845
658,14.484,3.3000000000000007,-23.9,-27.2,12.149,-36.04057237031675,1023.87
659,14.484,3.3000000000000007,-23.9,-27.2,12.068006666666667,-36.003875649425545,1023.895
660,14.484,3.2666666666666675,-23.9,-27.166666666666664,11.844465066666668,-35.90150829027476,1023.96
661,14.484,3.2250000000000005,-23.9,-27.125,11.5852864,-35.7807697250031,1024.035
662,14.484,3.183333333333334,-23.9,-27.08333333333333,11.326107733333334,-35.65774052037082,1024.11
663,14.484,3.1416666666666675,-23.9,-27.041666666666664,11.066929066666669,-35.532323278467146,1024.185
664,14.484,3.1000000000000005,-23.9,-27.0,10.8077504,-35.40441405772745,1024.26
665,14.484,3.058333333333334,-23.9,-26.95833333333333,10.548571733333334,-35.273901764061435,1024.335
666,14.484,3.0166666666666675,-23.9,-26.916666666666664,10.289393066666667,-35.14066746879577,1024.41
667,14.484,2.9750000000000005,-23.9,-26.875,10.0302144,-35.00458364254614,1024.485
668,14.484,2.933333333333334,-23.9,-26.83333333333333,9.771035733333331,-34.865513292187295,1024.56
669,14.484,2.8916666666666675,-23.9,-26.791666666666664,9.511857066666666,-34.72330898573456,1024.635
670,14.484,2.8500000000000005,-23.9,-26.75,9.2526784,-34.5778117470855,1024.71
671,14.484,2.808333333333334,-23.9,-26.70833333333333,8.993499733333334,-34.428849799068594,1024.785
672,14.484,2.8000000000000007,-23.9,-26.7,9.084212266666666,-34.481391911010434,1024.8266666666666
673,14.484,2.8000000000000007,-23.9,-26.7,9.2623976,-34.58332930693294,1024.86
674,14.484,2.8000000000000007,-23.9,-26.7,9.440582933333332,-34.68363254190887,1024.8933333333332
675,14.484,2.8000000000000007,-23.9,-26.7,9.618768266666669,-34.78235792770592,1024.9266666666667
676,14.484,2.8000000000000007,-23.9,-26.7,9.7969536,-34.879558836005685,1024.96
677,14.484,2.8000000000000007,-23.9,-26.7,9.975138933333334,-34.975285902218616,1024.993333333333
678,14.484,2.8000000000000007,-23.9,-26.7,10.153324266666669,-35.06958721180564,1025.0266666666666
679,14.484,2.8000000000000007,-23.9,-26.7,10.3315096,-35.162508470886834,1025.06
680,14.484,2.8000000000000007,-23.9,-26.7,10.509694933333334,-35.254093162708564,1025.0933333333332
681,14.484,2.8000000000000007,-23.9,-26.7,10.687880266666667,-35.344382691359684,1025.1266666666668
682,14.484,2.8000000000000007,-23.9,-26.7,10.8660656,-35.43341651396998,1025.16
683,14.484,2.8000000000000007,-23.9,-26.7,11.044250933333334,-35.52123226248634,1025.1933333333334
684,14.591266666666666,2.7600000000000007,-23.9,-26.66,11.0021344,-35.50058380870457,1025.2333333333331
685,14.72535,2.710000000000001,-23.9,-26.61,10.9049424,-35.45267893261939,1025.275
686,14.859433333333332,2.660000000000001,-23.9,-26.56,10.8077504,-35.40441405772745,1025.3166666666666
687,14.993516666666666,2.610000000000001,-23.9,-26.51,10.7105584,-35.355783204497264,1025.3583333333331
688,15.1276,2.5600000000000014,-23.9,-26.46,10.6133664,-35.306780238702565,1025.4
689,15.261683333333334,2.5100000000000016,-23.9,-26.41,10.5161744,-35.2573988659614,1025.4416666666666
690,15.395766666666669,2.4600000000000017,-23.9,-26.36,10.4189824,-35.207632626029756,1025.4833333333331
691,15.52985,2.410000000000002,-23.9,-26.31,10.3217904,-35.15747488683667,1025.525
692,15.663933333333333,2.360000000000002,-23.9,-26.26,10.2245984,-35.10691883824636,1025.5666666666666
693,15.798016666666667,2.3100000000000023,-23.9,-26.21,10.1274064,-35.055957485532154,1025.6083333333331
694,15.9321,2.2600000000000025,-23.9,-26.16,10.0302144,-35.00458364254614,1025.65
695,16.066183333333335,2.210000000000002,-23.9,-26.110000000000003,9.9330224,-34.95278992456705,1025.6916666666666
696,15.449266666666666,2.200000000000003,-23.9,-26.1,9.913584,-34.94238013169676,1025.753333333333
697,14.6446,2.200000000000003,-23.9,-26.1,9.913584,-34.94238013169676,1025.82
698,13.839933333333336,2.200000000000003,-23.9,-26.1,9.913584,-34.94238013169676,1025.8866666666668
699,13.035266666666669,2.200000000000003,-23.9,-26.1,9.913584,-34.94238013169676,1025.9533333333334
700,12.2306,2.200000000000003,-23.9,-26.1,9.913584,-34.94238013169676,1026.02
701,11.425933333333331,2.200000000000003,-23.9,-26.1,9.913584,-34.94238013169676,1026.0866666666666
702,10.621266666666669,2.200000000000003,-23.9,-26.1,9.913584,-34.94238013169676,1026.1533333333334
703,9.8166,2.200000000000003,-23.9,-26.1,9.913584,-34.94238013169676,1026.22
704,9.011933333333335,2.200000000000003,-23.9,-26.1,9.913584,-34.94238013169676,1026.2866666666666
705,8.20726666666667,2.200000000000003,-23.9,-26.1,9.913584,-34.94238013169676,1026.3533333333332
706,7.402600000000001,2.200000000000003,-23.9,-26.1,9.913584,-34.94238013169676,1026.42
707,6.597933333333335,2.200000000000003,-23.9,-26.1,9.913584,-34.94238013169676,1026.486666666667
708,6.115200000000001,2.360000000000002,-23.72,-26.08,9.913584,-34.7168167131607,1012.96
709,5.71295,2.5600000000000014,-23.495,-26.055,9.913584,-34.43486243999063,996.035
710,5.310700000000001,2.7600000000000007,-23.27,-26.03,9.913584,-34.15290816682055,979.11
711,4.90845,2.96,-23.045,-26.005,9.913584,-33.87095389365048,962.185
712,4.828,3.0,-23.0,-26.0,10.416695529411763,-34.07411938018817,958.8
713,4.828,3.0,-23.0,-26.0,11.045584941176472,-34.384148083362646,958.8
714,4.828,3.0,-23.0,-26.0,11.67447435294118,-34.67968744869575,958.8
715,5.247826086956522,2.9391304347826086,-23.026086956521738,-25.965217391304343,12.136322782608696,-34.92155656099385,964.7217391304348
716,6.297391304347826,2.7869565217391306,-23.09130434782609,-25.878260869565217,12.347609739130435,-35.098033245715236,979.5260869565216
717,7.346956521739131,2.6347826086956525,-23.15652173913044,-25.791304347826088,12.558896695652177,-35.27341064194802,994.3304347826088
718,8.396521739130435,2.4826086956521745,-23.221739130434784,-25.70434782608696,12.770183652173914,-35.44772479056363,1009.1347826086956
719,9.44608695652174,2.3304347826086964,-23.28695652173913,-25.617391304347827,12.981470608695652,-35.62101001940102,1023.9391304347828
720,10.371111111111112,2.611111111111112,-23.166666666666668,-25.77777777777778,13.023728,-35.484704222763035,996.7666666666668
721,11.265,3.0,-23.0,-26.0,13.023728,-35.27115137439398,959.1
722,10.881904761904762,2.880952380952381,-23.0,-25.88095238095238,12.792318476190475,-35.173485667327284,959.1714285714286
723,10.498809523809523,2.761904761904762,-23.0,-25.761904761904763,12.560908952380952,-35.0743244442871,959.2428571428572
724,10.115714285714288,2.642857142857143,-23.0,-25.642857142857142,12.32949942857143,-34.97361660973841,959.3142857142856
725,9.732619047619048,2.523809523809524,-23.0,-25.52380952380953,12.098089904761904,-34.87130832258998,959.3857142857144
726,9.34952380952381,2.4047619047619047,-23.0,-25.404761904761905,11.86668038095238,-34.76734279286412,959.4571428571428
727,8.966428571428573,2.2857142857142856,-23.0,-25.285714285714285,11.635270857142856,-34.66166005901283,959.5285714285716
728,8.583333333333334,2.166666666666667,-23.0,-25.166666666666668,11.403861333333332,-34.554196743613,959.6
729,8.200238095238095,2.0476190476190474,-23.0,-25.047619047619047,11.17245180952381,-34.44488578485562,959.6714285714286
730,6.705666666666668,2.266666666666667,-22.73333333333333,-25.0,11.727834666666666,-34.36538460641899,982.3333333333334
731,4.470111111111111,2.711111111111112,-22.288888888888888,-25.0,12.80774577777778,-34.2701376163045,1020.0555555555554
732,4.345,2.4800000000000004,-22.12,-24.6,12.63496,-33.98147138840159,1000.44
733,4.7475000000000005,2.08,-22.02,-24.1,12.149,-33.645418817954756,966.49
734,5.900888888888889,2.0,-22.0,-24.0,12.051808,-33.57746986370959,959.7333333333332
735,7.242,2.0,-22.0,-24.0,12.051808,-33.57746986370959,959.775
736,8.583111111111112,2.0,-22.0,-24.0,12.051808,-33.57746986370959,959.8166666666668
737,9.924222222222223,2.0,-22.0,-24.0,12.051808,-33.57746986370959,959.8583333333332
738,11.265333333333334,2.0,-22.0,-24.0,12.051808,-33.57746986370959,959.9
739,12.606444444444444,2.0,-22.0,-24.0,12.051808,-33.57746986370959,959.9416666666668
740,13.947555555555557,2.0,-22.0,-24.0,12.051808,-33.57746986370959,959.9833333333332
741,14.484,2.278571428571428,-21.807142857142857,-24.085714285714285,11.843539428571429,-33.24029634126464,974.5714285714286
742,14.484,2.742857142857141,-21.485714285714288,-24.228571428571428,11.496425142857143,-32.67686306279946,998.8571428571428
743,14.484,3.207142857142854,-21.164285714285715,-24.37142857142857,11.149310857142858,-32.11146222499992,1023.1428571428572
744,13.644347826086957,3.247826086956519,-21.082608695652176,-24.33043478260869,10.877052521739133,-31.881702998023954,1016.2434782608696
745,12.594782608695652,3.182608695652172,-21.06086956521739,-24.24347826086957,10.623508173913043,-31.734156456639717,1001.5478260869564
746,11.545217391304348,3.1173913043478247,-21.03913043478261,-24.15652173913044,10.369963826086956,-31.584283618694364,986.8521739130434
747,10.495652173913044,3.052173913043478,-21.017391304347825,-24.069565217391304,10.11641947826087,-31.43197719094031,972.1565217391304
748,9.816933333333331,3.033333333333333,-20.966666666666665,-24.0,9.881186666666666,-31.25011411864152,960.41
749,10.6216,3.2,-20.8,-24.0,9.7192,-30.958818859718846,960.46
750,11.426266666666669,3.3666666666666667,-20.633333333333333,-24.0,9.557213333333332,-30.66692017926502,960.51
751,12.230933333333333,3.533333333333333,-20.466666666666665,-24.0,9.395226666666666,-30.374393541016822,960.56
752,13.0356,3.7,-20.3,-24.0,9.23324,-30.081213116946365,960.61
753,13.840266666666666,3.866666666666666,-20.133333333333333,-24.0,9.071253333333331,-29.78735169692937,960.66
754,14.713857142857142,4.071428571428571,-19.914285714285715,-23.985714285714284,9.080509714285714,-29.51974629034377,970.3857142857144
755,15.863142857142858,4.428571428571429,-19.485714285714284,-23.914285714285715,9.774738285714283,-29.342132531180333,1018.8142857142856
756,16.093,4.533333333333333,-19.293333333333333,-23.826666666666664,9.9913376,-29.20752485699638,1028.5
757,16.093,4.575,-19.16,-23.735,10.0885296,-29.08722971315565,1028.5
758,16.093,4.616666666666666,-19.026666666666667,-23.64333333333333,10.1857216,-28.966296238215932,1028.5
759,16.093,4.658333333333333,-18.89333333333333,-23.551666666666662,10.2829136,-28.84473416561326,1028.5
760,16.093,4.7,-18.76,-23.46,10.3801056,-28.72255297983746,1028.5
761,16.093,4.741666666666666,-18.626666666666665,-23.36833333333333,10.4772976,-28.599761925154226,1028.5
762,16.093,4.783333333333333,-18.49333333333333,-23.276666666666667,10.5744896,-28.47637001394233,1028.5
763,16.093,4.825,-18.36,-23.185,10.6716816,-28.35238603466616,1028.5
764,16.093,4.866666666666666,-18.226666666666667,-23.093333333333334,10.7688736,-28.22781855950278,1028.5
765,16.093,4.908333333333333,-18.093333333333334,-23.00166666666667,10.8660656,-28.10267595164155,1028.5
766,16.093,4.95,-17.96,-22.91,10.9632576,-27.976966372273168,1028.5
767,16.093,4.991666666666666,-17.826666666666668,-22.81833333333333,11.0604496,-27.850697787283995,1028.5
768,16.093,5.113333333333333,-17.686666666666667,-22.8,11.274272,-27.76513757408478,1028.46
769,16.093,5.255,-17.545,-22.8,11.517252,-27.68759614974277,1028.41
770,16.093,5.3966666666666665,-17.403333333333332,-22.8,11.760232,-27.60764674497191,1028.36
771,16.093,5.538333333333333,-17.261666666666667,-22.8,12.003212,-27.52537283764162,1028.31
772,16.093,5.68,-17.12,-22.8,12.246192,-27.440853269134593,1028.26
773,16.093,5.821666666666666,-16.978333333333335,-22.8,12.489172,-27.354162590297285,1028.21
774,16.093,5.963333333333333,-16.836666666666666,-22.8,12.732152,-27.265371375315546,1028.16
775,16.093,6.105,-16.695,-22.8,12.975132,-27.174546507044848,1028.11
776,16.093,6.246666666666666,-16.553333333333335,-22.8,13.218112,-27.081751436877454,1028.0600000000002
777,16.093,6.388333333333333,-16.41166666666667,-22.8,13.461092,-26.987046421845633,1028.01
778,16.093,6.529999999999999,-16.27,-22.8,13.704072,-26.890488741330472,1027.96
779,16.093,6.671666666666666,-16.128333333333334,-22.8,13.947052,-26.792132895461386,1027.91
780,16.093,6.7733333333333325,-16.1,-22.87333333333333,14.060442666666669,-26.794345485945488,1027.86
781,16.093,6.864999999999999,-16.1,-22.965,14.141436,-26.82184418783686,1027.8100000000002
782,16.093,6.956666666666665,-16.1,-23.05666666666667,14.222429333333334,-26.849210910274227,1027.76
783,16.093,7.048333333333332,-16.1,-23.148333333333333,14.303422666666668,-26.876447032898312,1027.71
784,16.093,7.139999999999999,-16.1,-23.24,14.384416,-26.903553913215458,1027.66
785,16.093,7.231666666666665,-16.1,-23.331666666666667,14.465409333333334,-26.93053288707509,1027.61
786,16.093,7.3233333333333315,-16.1,-23.42333333333333,14.546402666666667,-26.95738526913428,1027.56
787,16.093,7.414999999999997,-16.1,-23.515,14.627396,-26.984112353309794,1027.51
788,16.093,7.506666666666664,-16.1,-23.606666666666666,14.708389333333333,-27.010715413218072,1027.46
789,16.093,7.598333333333331,-16.1,-23.69833333333333,14.789382666666668,-27.03719570260349,1027.41
790,16.093,7.689999999999998,-16.1,-23.79,14.870376,-27.063554455755323,1027.36
791,16.093,7.781666666666664,-16.1,-23.881666666666664,14.951369333333334,-27.089792887913717,1027.31
792,16.093,7.906666666666664,-16.066666666666666,-23.973333333333333,14.967568,-27.05182064165337,1027.28
793,16.093,8.039999999999997,-16.025000000000002,-24.065,14.967568,-26.997813641907932,1027.255
794,16.093,8.173333333333332,-15.983333333333334,-24.156666666666663,14.967568,-26.943806642162492,1027.23
795,16.093,8.306666666666665,-15.941666666666668,-24.24833333333333,14.967568,-26.889799642417053,1027.205
796,16.093,8.439999999999998,-15.9,-24.34,14.967568,-26.835792642671613,1027.18
797,16.093,8.573333333333332,-15.858333333333334,-24.431666666666665,14.967568,-26.781785642926174,1027.155
798,16.093,8.706666666666665,-15.816666666666666,-24.523333333333333,14.967568,-26.72777864318073,1027.13
799,16.093,8.84,-15.775,-24.615,14.967568,-26.673771643435295,1027.105
800,16.093,8.973333333333333,-15.733333333333334,-24.706666666666667,14.967568,-26.619764643689855,1027.08
801,16.093,9.106666666666666,-15.691666666666666,-24.79833333333333,14.967568,-26.565757643944416,1027.055
802,16.093,9.24,-15.65,-24.89,14.967568,-26.511750644198976,1027.03
803,16.093,9.373333333333331,-15.608333333333333,-24.981666666666666,14.967568,-26.457743644453537,1027.005
804,16.093,9.4,-15.56,-24.96,14.902773333333334,-26.374386286396103,1027.006666666667
805,16.093,9.4,-15.51,-24.91,14.82178,-26.283637500456056,1027.015
806,16.093,9.4,-15.46,-24.86,14.740786666666668,-26.192828157168723,1027.0233333333333
807,16.093,9.4,-15.41,-24.81,14.659793333333331,-26.101957454327145,1027.0316666666668
808,16.093,9.4,-15.36,-24.76,14.5788,-26.011024576230735,1027.04
809,16.093,9.4,-15.31,-24.71,14.497806666666667,-25.920028693387685,1027.0483333333332
810,16.093,9.4,-15.26,-24.66,14.416813333333334,-25.82896896220927,1027.0566666666666
811,16.093,9.4,-15.21,-24.61,14.33582,-25.737844524695625,1027.065
812,16.093,9.4,-15.16,-24.56,14.254826666666668,-25.646654508112757,1027.0733333333333
813,16.093,9.4,-15.11,-24.51,14.173833333333334,-25.555398024660523,1027.0816666666665
814,16.093,9.4,-15.06,-24.46,14.09284,-25.4640741711312,1027.09
815,16.093,9.4,-15.01,-24.41,14.011846666666669,-25.372682028558437,1027.0983333333334
816,16.093,9.4,-15.04,-24.44,13.930853333333337,-25.384297775898133,1027.1266666666666
817,16.093,9.4,-15.09,-24.49,13.84986,-25.421500674683113,1027.16
818,16.093,9.4,-15.14,-24.54,13.768866666666668,-25.458507181344046,1027.1933333333332
819,16.093,9.4,-15.19,-24.59,13.687873333333334,-25.495315378712164,1027.2266666666667
820,16.093,9.4,-15.24,-24.64,13.60688,-25.531923318385722,1027.26
821,16.093,9.4,-15.29,-24.69,13.525886666666668,-25.568329020025978,1027.2933333333333
822,16.093,9.4,-15.34,-24.74,13.444893333333331,-25.604530470632945,1027.3266666666666
823,16.093,9.4,-15.39,-24.79,13.3639,-25.640525623800166,1027.36
824,16.093,9.4,-15.44,-24.84,13.282906666666667,-25.676312398947786,1027.3933333333332
825,16.093,9.4,-15.49,-24.89,13.201913333333334,-25.71188868053315,1027.4266666666667
826,16.093,9.4,-15.54,-24.94,13.12092,-25.747252317238118,1027.46
827,16.093,9.4,-15.59,-24.99,13.039926666666666,-25.782401121132285,1027.493333333333
828,16.093,9.366666666666667,-15.633333333333333,-25.0,13.153317333333334,-25.878467013090813,1027.5333333333333
829,16.093,9.325,-15.675,-25.0,13.315304,-25.989355794889633,1027.575
830,16.093,9.283333333333331,-15.716666666666669,-25.0,13.477290666666669,-26.09976780474433,1027.6166666666666
831,16.093,9.241666666666667,-15.758333333333333,-25.0,13.639277333333334,-26.209714275364473,1027.6583333333333
832,16.093,9.2,-15.8,-25.0,13.801264,-26.319206055090767,1027.7
833,16.093,9.158333333333331,-15.841666666666669,-25.0,13.963250666666667,-26.428253625293017,1027.7416666666666
834,16.093,9.116666666666664,-15.883333333333336,-25.0,14.125237333333333,-26.536867116790734,1027.7833333333333
835,16.093,9.075,-15.925,-25.0,14.287224,-26.64505632536167,1027.825
836,16.093,9.033333333333331,-15.966666666666669,-25.0,14.449210666666666,-26.75283072639874,1027.8666666666666
837,16.093,8.991666666666665,-16.008333333333333,-25.0,14.611197333333331,-26.860199488770824,1027.9083333333333
838,16.093,8.95,-16.05,-25.0,14.773184,-26.967171487939208,1027.95
839,16.093,8.908333333333331,-16.09166666666667,-25.0,14.935170666666666,-27.073755318377017,1027.9916666666666
840,16.093,8.826666666666666,-16.213333333333335,-25.04,14.630635733333332,-27.131799850639922,1028.0466666666666
841,16.093,8.735,-16.355,-25.09,14.2094704,-27.173939073802345,1028.105
842,16.093,8.643333333333333,-16.49666666666667,-25.14,13.788305066666666,-27.21162026660817,1028.1633333333334
843,16.093,8.551666666666666,-16.638333333333335,-25.19,13.367139733333332,-27.244605899389462,1028.2216666666666
844,16.093,8.459999999999999,-16.78,-25.24,12.9459744,-27.272637333871984,1028.28
845,16.093,8.368333333333332,-16.921666666666667,-25.29,12.524809066666666,-27.295432175021936,1028.3383333333334
846,16.093,8.276666666666667,-17.063333333333336,-25.34,12.103643733333334,-27.31268118804469,1028.3966666666668
847,16.093,8.185,-17.205000000000002,-25.39,11.6824784,-27.324044691142213,1028.455
848,16.093,8.093333333333334,-17.346666666666668,-25.44,11.261313066666666,-27.329148312295914,1028.513333333333
849,16.093,8.001666666666667,-17.488333333333333,-25.49,10.840147733333334,-27.327577969352813,1028.5716666666667
850,16.093,7.91,-17.630000000000003,-25.540000000000003,10.4189824,-27.318873894736065,1028.63
851,16.093,7.818333333333334,-17.77166666666667,-25.59,9.997817066666666,-27.302523475914803,1028.6883333333333
852,16.093,7.613333333333334,-17.873333333333335,-25.486666666666668,9.7192,-27.297172538603135,1028.76
853,16.093,7.380000000000001,-17.965,-25.345,9.47622,-27.29314053800775,1028.835
854,16.093,7.146666666666667,-18.05666666666667,-25.203333333333333,9.23324,-27.286051633174928,1028.91
855,16.093,6.913333333333334,-18.148333333333333,-25.061666666666667,8.990260000000001,-27.275763484377016,1028.985
856,16.093,6.680000000000001,-18.24,-24.92,8.74728,-27.26212286707944,1029.06
857,16.093,6.446666666666667,-18.331666666666667,-24.77833333333333,8.5043,-27.24496450552906,1029.135
858,16.093,6.213333333333334,-18.42333333333333,-24.636666666666667,8.261320000000001,-27.22410974373259,1029.21
859,16.093,5.98,-18.515,-24.495,8.01834,-27.19936502561235,1029.285
860,16.093,5.746666666666667,-18.606666666666666,-24.35333333333333,7.775360000000001,-27.170520150211544,1029.36
861,16.093,5.513333333333334,-18.69833333333333,-24.211666666666662,7.532380000000001,-27.137346260439564,1029.435
862,16.093,5.28,-18.79,-24.07,7.2894,-27.09959351457441,1029.51
863,16.093,5.046666666666667,-18.881666666666664,-23.92833333333333,7.046420000000001,-27.05698837800975,1029.5849999999998
864,16.093,4.926666666666667,-18.933333333333334,-23.86,6.9978240000000005,-27.08848890209783,1029.5933333333332
865,16.093,4.835,-18.975,-23.81,6.9978240000000005,-27.139276102549353,1029.585
866,16.093,4.743333333333334,-19.016666666666666,-23.76,6.9978240000000005,-27.190063303000873,1029.5766666666666
867,16.093,4.651666666666667,-19.058333333333334,-23.71,6.9978240000000005,-27.240850503452396,1029.5683333333332
868,16.093,4.5600000000000005,-19.1,-23.66,6.9978240000000005,-27.29163770390392,1029.56
869,16.093,4.468333333333335,-19.141666666666666,-23.61,6.9978240000000005,-27.34242490435544,1029.5516666666667
870,16.093,4.376666666666668,-19.183333333333334,-23.56,6.9978240000000005,-27.393212104806963,1029.5433333333333
871,16.093,4.285000000000002,-19.225,-23.51,6.9978240000000005,-27.443999305258487,1029.535
872,16.093,4.193333333333335,-19.266666666666666,-23.46,6.9978240000000005,-27.494786505710003,1029.5266666666666
873,16.093,4.101666666666668,-19.308333333333334,-23.41,6.9978240000000005,-27.545573706161527,1029.5183333333334
874,16.093,4.010000000000002,-19.35,-23.36,6.9978240000000005,-27.59636090661305,1029.51
875,16.093,3.918333333333336,-19.391666666666666,-23.31,6.9978240000000005,-27.647148107064574,1029.5016666666666
876,16.093,3.860000000000002,-19.44,-23.3,6.9978240000000005,-27.70606125958834,1029.513333333333
877,16.093,3.810000000000002,-19.49,-23.3,6.9978240000000005,-27.767005900130158,1029.53
878,16.093,3.7600000000000016,-19.54,-23.3,6.9978240000000005,-27.827950540671985,1029.5466666666666
879,16.093,3.7100000000000017,-19.59,-23.3,6.9978240000000005,-27.888895181213815,1029.5633333333333
880,16.093,3.6600000000000015,-19.64,-23.3,6.9978240000000005,-27.949839821755642,1029.58
881,16.093,3.610000000000001,-19.69,-23.3,6.9978240000000005,-28.010784462297472,1029.5966666666666
882,16.093,3.5600000000000014,-19.74,-23.3,6.9978240000000005,-28.07172910283929,1029.6133333333337
883,16.093,3.510000000000001,-19.79,-23.3,6.9978240000000005,-28.13267374338112,1029.63
884,16.093,3.460000000000001,-19.84,-23.3,6.9978240000000005,-28.193618383922946,1029.6466666666668
885,16.093,3.410000000000001,-19.89,-23.3,6.9978240000000005,-28.254563024464773,1029.6633333333334
886,16.093,3.3600000000000008,-19.94,-23.3,6.9978240000000005,-28.3155076650066,1029.68
887,16.093,3.3100000000000005,-19.99,-23.3,6.9978240000000005,-28.376452305548423,1029.6966666666667
888,16.093,3.373333333333334,-20.0,-23.37333333333333,6.9978240000000005,-28.38864123365679,1029.6933333333334
889,16.093,3.4650000000000003,-20.0,-23.465,6.9978240000000005,-28.38864123365679,1029.685
890,16.093,3.556666666666666,-20.0,-23.55666666666667,6.9978240000000005,-28.38864123365679,1029.6766666666667
891,16.093,3.648333333333333,-20.0,-23.648333333333333,6.9978240000000005,-28.38864123365679,1029.6683333333333
892,16.093,3.74,-20.0,-23.74,6.9978240000000005,-28.38864123365679,1029.66
893,16.093,3.831666666666666,-20.0,-23.831666666666667,6.9978240000000005,-28.38864123365679,1029.6516666666666
894,16.093,3.923333333333333,-20.0,-23.92333333333333,6.9978240000000005,-28.38864123365679,1029.6433333333332
895,16.093,4.014999999999999,-20.0,-24.015,6.9978240000000005,-28.38864123365679,1029.635
896,16.093,4.106666666666666,-20.0,-24.106666666666666,6.9978240000000005,-28.38864123365679,1029.6266666666666
897,16.093,4.198333333333332,-20.0,-24.19833333333333,6.9978240000000005,-28.38864123365679,1029.618333333333
898,16.093,4.289999999999999,-20.0,-24.29,6.9978240000000005,-28.38864123365679,1029.61
899,16.093,4.381666666666665,-20.0,-24.381666666666664,6.9978240000000005,-28.38864123365679,1029.6016666666667
900,16.093,4.359999999999999,-20.04,-24.4,6.9978240000000005,-28.437396946090246,1029.58
901,16.093,4.309999999999999,-20.09,-24.4,6.9978240000000005,-28.498341586632076,1029.5549999999998
902,16.093,4.259999999999998,-20.14,-24.4,6.9978240000000005,-28.559286227173903,1029.53
903,16.093,4.209999999999998,-20.19,-24.4,6.9978240000000005,-28.620230867715733,1029.505
904,16.093,4.159999999999998,-20.24,-24.4,6.9978240000000005,-28.681175508257553,1029.48
905,16.093,4.109999999999998,-20.29,-24.4,6.9978240000000005,-28.74212014879938,1029.455
906,16.093,4.059999999999998,-20.34,-24.4,6.9978240000000005,-28.803064789341207,1029.4299999999998
907,16.093,4.009999999999998,-20.39,-24.4,6.9978240000000005,-28.864009429883033,1029.405
908,16.093,3.959999999999997,-20.44,-24.4,6.9978240000000005,-28.92495407042486,1029.38
909,16.093,3.9099999999999975,-20.49,-24.4,6.9978240000000005,-28.985898710966687,1029.355
910,16.093,3.859999999999997,-20.540000000000003,-24.4,6.9978240000000005,-29.046843351508517,1029.33
911,16.093,3.809999999999997,-20.59,-24.4,6.9978240000000005,-29.10778799205034,1029.305
912,16.093,3.806666666666664,-20.673333333333336,-24.48,6.933029333333334,-29.16551618700826,1029.3
913,16.093,3.8149999999999977,-20.765,-24.58,6.852036000000001,-29.221769448836955,1029.3
914,16.093,3.823333333333332,-20.85666666666667,-24.68,6.771042666666667,-29.277263465357386,1029.3
915,16.093,3.831666666666665,-20.94833333333333,-24.78,6.6900493333333335,-29.331982887621237,1029.3
916,16.093,3.839999999999999,-21.04,-24.88,6.609056000000001,-29.385911851007574,1029.3
917,16.093,3.8483333333333327,-21.131666666666668,-24.98,6.528062666666667,-29.439033951163864,1029.3
918,16.093,3.8566666666666665,-21.223333333333333,-25.08,6.447069333333334,-29.491332218506475,1029.3
919,16.093,3.865,-21.315,-25.18,6.3660760000000005,-29.542789091175045,1029.3
920,16.093,3.873333333333334,-21.406666666666663,-25.28,6.285082666666668,-29.59338638632557,1029.3
921,16.093,3.881666666666668,-21.49833333333333,-25.380000000000003,6.204089333333334,-29.64310526963749,1029.3
922,16.093,3.8900000000000015,-21.59,-25.48,6.123096,-29.69192622289824,1029.3
923,16.093,3.898333333333335,-21.681666666666665,-25.58,6.042102666666668,-29.73982900951693,1029.3
924,16.093,3.940000000000002,-21.66,-25.6,5.961109333333334,-29.65036630886255,1029.3266666666666
925,16.093,3.990000000000002,-21.61,-25.6,5.880116,-29.52616071467169,1029.36
926,16.093,4.040000000000002,-21.56,-25.6,5.799122666666667,-29.401338134622335,1029.3933333333332
927,16.093,4.090000000000002,-21.51,-25.6,5.718129333333334,-29.275881569288526,1029.4266666666667
928,16.093,4.1400000000000015,-21.46,-25.6,5.637136,-29.149773318707812,1029.46
929,16.093,4.190000000000001,-21.41,-25.6,5.556142666666667,-29.022994943158466,1029.493333333333
930,16.093,4.240000000000001,-21.36,-25.6,5.475149333333333,-28.895527221137982,1029.5266666666666
931,16.093,4.290000000000001,-21.31,-25.6,5.394156,-28.7673501042988,1029.56
932,16.093,4.340000000000001,-21.26,-25.6,5.313162666666667,-28.638442669071996,1029.5933333333332
933,16.093,4.390000000000001,-21.21,-25.6,5.232169333333333,-28.508783064680955,1029.6266666666668
934,16.093,4.44,-21.16,-25.6,5.151176,-28.378348457215637,1029.66
935,16.093,4.49,-21.110000000000003,-25.6,5.070182666666667,-28.247114969402045,1029.6933333333334
936,16.093,4.46,-21.14,-25.6,4.989189333333333,-28.210050763711777,1029.68
937,16.093,4.41,-21.19,-25.6,4.908196,-28.195618409639437,1029.655
938,16.093,4.36,-21.24,-25.6,4.8272026666666665,-28.18000681675521,1029.63
939,16.093,4.3100000000000005,-21.29,-25.6,4.746209333333333,-28.163180788791074,1029.605
940,16.093,4.260000000000001,-21.34,-25.6,4.665216,-28.145103432465397,1029.5800000000002
941,16.093,4.210000000000001,-21.39,-25.6,4.584222666666666,-28.125736044185594,1029.555
942,16.093,4.160000000000001,-21.44,-25.6,4.5032293333333335,-28.105037987023017,1029.53
943,16.093,4.110000000000001,-21.49,-25.6,4.422236,-28.082966556932575,1029.505
944,16.093,4.060000000000001,-21.54,-25.6,4.341242666666666,-28.059476837060394,1029.48
945,16.093,4.010000000000002,-21.59,-25.6,4.260249333333333,-28.034521538833733,1029.4550000000002
946,16.093,3.9600000000000017,-21.64,-25.6,4.179256,-28.0080508283572,1029.43
947,16.093,3.910000000000002,-21.69,-25.6,4.098262666666667,-27.98001213644157,1029.4050000000002
948,16.093,3.866666666666669,-21.73333333333333,-25.6,4.0043104,-27.928321010326652,1029.4133333333334
949,16.093,3.825000000000002,-21.775,-25.6,3.9071184,-27.868829683804698,1029.43
950,16.093,3.783333333333336,-21.816666666666663,-25.6,3.8099264,-27.806873828513435,1029.4466666666667
951,16.093,3.741666666666669,-21.85833333333333,-25.6,3.7127344,-27.74233921782392,1029.4633333333334
952,16.093,3.700000000000002,-21.9,-25.6,3.6155424,-27.6751030970089,1029.48
953,16.093,3.658333333333336,-21.941666666666663,-25.6,3.5183504,-27.60503329561628,1029.496666666667
954,16.093,3.616666666666669,-21.98333333333333,-25.6,3.4211584,-27.531987219964023,1029.513333333333
955,16.093,3.575000000000002,-22.025,-25.6,3.3239664,-27.455810705643955,1029.53
956,16.093,3.5333333333333354,-22.066666666666663,-25.6,3.2267744,-27.376336705850697,1029.5466666666666
957,16.093,3.491666666666669,-22.10833333333333,-25.6,3.1295824000000003,-27.293383786307075,1029.5633333333333
958,16.093,3.450000000000002,-22.15,-25.6,3.0323904,-27.206754391267715,1029.58
959,16.093,3.4083333333333354,-22.191666666666663,-25.6,2.9351984,-27.11623283719103,1029.5966666666666
960,16.093,3.400000000000002,-22.2,-25.6,2.721376,-26.807594481654462,1029.5866666666666
961,16.093,3.400000000000002,-22.2,-25.6,2.478396,0.0,1029.57
962,16.093,3.400000000000002,-22.2,-25.6,2.235416,0.0,1029.5533333333333
963,16.093,3.400000000000002,-22.2,-25.6,1.992436,0.0,1029.5366666666666
964,16.093,3.400000000000002,-22.2,-25.6,1.749456,0.0,1029.52
965,16.093,3.400000000000002,-22.2,-25.6,1.506476,0.0,1029.503333333333
966,16.093,3.400000000000002,-22.2,-25.6,1.263496,0.0,1029.486666666667
967,16.093,3.400000000000002,-22.2,-25.6,1.020516,0.0,1029.47
968,16.093,3.400000000000002,-22.2,-25.6,0.777536,0.0,1029.4533333333334
969,16.093,3.400000000000002,-22.2,-25.6,0.5345559999999998,0.0,1029.4366666666667
970,16.093,3.400000000000002,-22.2,-25.6,0.291576,0.0,1029.42
971,16.093,3.400000000000002,-22.2,-25.6,0.0485959999999998,0.0,1029.4033333333334
972,16.093,3.393333333333336,-22.166666666666664,-25.56,0.2721376,0.0,1029.4
973,16.093,3.385000000000002,-22.125,-25.51,0.6123095999999999,0.0,1029.4
974,16.093,3.3766666666666683,-22.08333333333333,-25.46,0.9524816,0.0,1029.4
975,16.093,3.368333333333335,-22.041666666666664,-25.41,1.2926536,0.0,1029.4
976,16.093,3.3600000000000017,-22.0,-25.36,1.6328256,0.0,1029.4
977,16.093,3.351666666666668,-21.95833333333333,-25.31,1.9729976,0.0,1029.4
978,16.093,3.3433333333333346,-21.916666666666664,-25.26,2.3131696,0.0,1029.4
979,16.093,3.3350000000000013,-21.875,-25.21,2.6533416,-26.33372329550986,1029.4
980,16.093,3.3266666666666675,-21.83333333333333,-25.16,2.9935136,-26.79002532925956,1029.4
981,16.093,3.3183333333333342,-21.791666666666664,-25.11,3.3336856,-27.199560312955384,1029.4
982,16.093,3.310000000000001,-21.75,-25.06,3.6738576,-27.57072965245962,1029.4
983,16.093,3.301666666666667,-21.70833333333333,-25.01,4.0140296,-27.909804148299074,1029.4
984,16.093,3.3400000000000007,-21.66,-25.0,4.0043104,-27.842678732380854,1029.3933333333334
985,16.093,3.390000000000001,-21.61,-25.0,3.9071184,-27.67648826921065,1029.385
986,16.093,3.4400000000000004,-21.56,-25.0,3.8099264,-27.508237908999806,1029.3766666666668
987,16.093,3.49,-21.51,-25.0,3.7127344,-27.337826623206197,1029.368333333333
988,16.093,3.54,-21.46,-25.0,3.6155424,-27.165145714012837,1029.36
989,16.093,3.59,-21.41,-25.0,3.5183504,-26.990078009710228,1029.3516666666667
990,16.093,3.64,-21.36,-25.0,3.4211584,-26.812496950902457,1029.3433333333332
991,16.093,3.69,-21.31,-25.0,3.3239664,-26.632265549163606,1029.335
992,16.093,3.7399999999999993,-21.26,-25.0,3.2267744,-26.44923519604402,1029.3266666666666
993,16.093,3.789999999999999,-21.21,-25.0,3.1295824000000003,-26.26324429570559,1029.3183333333334
994,16.093,3.839999999999999,-21.16,-25.0,3.0323904,-26.074116688703825,1029.31
995,16.093,3.889999999999999,-21.110000000000003,-25.0,2.9351984,-25.881659827202306,1029.3016666666667
996,16.093,3.899999999999999,-21.1,-25.0,2.9935136,-25.951824805885387,1029.3066666666666
997,16.093,3.899999999999999,-21.1,-25.0,3.0907056,-26.08486942930594,1029.315
998,16.093,3.899999999999999,-21.1,-25.0,3.1878976,-26.214444875402133,1029.3233333333333
999,16.093,3.899999999999999,-21.1,-25.0,3.2850896,-26.340743345284945,1029.3316666666667
1000,16.093,3.899999999999999,-21.1,-25.0,3.3822816,-26.46394108355078,1029.34
1001,16.093,3.899999999999999,-21.1,-25.0,3.4794736,-26.584200118699084,1029.3483333333334
1002,16.093,3.899999999999999,-21.1,-25.0,3.5766656,-26.701669770874197,1029.3566666666668
1003,16.093,3.899999999999999,-21.1,-25.0,3.6738576,-26.816487963458357,1029.365
1004,16.093,3.899999999999999,-21.1,-25.0,3.7710496,-26.92878236850209,1029.3733333333334
1005,16.093,3.899999999999999,-21.1,-25.0,3.8682416,-27.03867141074575,1029.381666666667
1006,16.093,3.899999999999999,-21.1,-25.0,3.9654336,-27.146265150773942,1029.39
1007,16.093,3.899999999999999,-21.1,-25.0,4.0626256,-27.251666064434474,1029.3983333333333
1008,16.093,3.893333333333332,-21.066666666666663,-24.96,4.0043104,-27.14975484718297,1029.4333333333334
1009,16.093,3.8849999999999993,-21.025,-24.91,3.9071184,-26.99455052655903,1029.475
1010,16.093,3.8766666666666647,-20.98333333333333,-24.86,3.8099264,-26.837276687235413,1029.5166666666669
1011,16.093,3.8683333333333314,-20.941666666666663,-24.81,3.7127344,-26.67783238988254,1029.5583333333334
1012,16.093,3.859999999999998,-20.9,-24.76,3.6155424,-26.51610904474511,1029.6
1013,16.093,3.851666666666664,-20.85833333333333,-24.71,3.5183504,-26.351989609600807,1029.6416666666669
1014,16.093,3.843333333333331,-20.816666666666663,-24.66,3.4211584,-26.18534767893969,1029.6833333333334
1015,16.093,3.8349999999999977,-20.775,-24.61,3.3239664,-26.016046446062923,1029.725
1016,16.093,3.826666666666664,-20.73333333333333,-24.56,3.2267744,-25.843937516087582,1029.7666666666669
1017,16.093,3.81833333333333,-20.691666666666663,-24.51,3.1295824000000003,-25.668859543243503,1029.8083333333334
1018,16.093,3.809999999999997,-20.65,-24.46,3.0323904,-25.4906366601103,1029.85
1019,16.093,3.801666666666664,-20.60833333333333,-24.41,2.9351984,-25.309076659241423,1029.8916666666669
1020,16.093,3.879999999999997,-20.486666666666668,-24.366666666666664,2.9935136,-25.250784368154257,1029.9133333333334
1021,16.093,3.9799999999999978,-20.345,-24.325,3.0907056,-25.21988587247325,1029.93
1022,16.093,4.079999999999998,-20.203333333333333,-24.28333333333333,3.1878976,-25.18482337986508,1029.9466666666667
1023,16.093,4.179999999999998,-20.061666666666667,-24.241666666666664,3.2850896,-25.14581470285463,1029.9633333333334
1024,16.093,4.279999999999999,-19.92,-24.2,3.3822816,-25.103059887635624,1029.98
1025,16.093,4.379999999999999,-19.77833333333333,-24.15833333333333,3.4794736,-25.056743135344345,1029.996666666667
1026,16.093,4.479999999999999,-19.636666666666667,-24.116666666666664,3.5766656,-25.007034467777668,1030.013333333333
1027,16.093,4.579999999999999,-19.495,-24.075,3.6738576,-24.95409117753985,1030.03
1028,16.093,4.68,-19.35333333333333,-24.03333333333333,3.7710496,-24.898059095460113,1030.0466666666666
1029,16.093,4.779999999999999,-19.211666666666662,-23.991666666666664,3.8682416,-24.839073702405912,1030.0633333333333
1030,16.093,4.88,-19.07,-23.95,3.9654336,-24.777261108013214,1030.08
1031,16.093,4.98,-18.92833333333333,-23.90833333333333,4.0626256,-24.71273891512585,1030.0966666666666
1032,16.093,5.113333333333333,-18.71333333333333,-23.826666666666664,4.082064,-24.481206301650964,1030.0866666666666
1033,16.093,5.255,-18.48,-23.735,4.082064,-24.208315277602274,1030.07
1034,16.093,5.3966666666666665,-18.246666666666663,-23.64333333333333,4.082064,-23.93542425355357,1030.0533333333333
1035,16.093,5.538333333333333,-18.013333333333332,-23.551666666666662,4.082064,-23.662533229504874,1030.0366666666666
1036,16.093,5.68,-17.78,-23.46,4.082064,-23.389642205456184,1030.02
1037,16.093,5.821666666666666,-17.546666666666667,-23.36833333333333,4.082064,-23.116751181407487,1030.003333333333
1038,16.093,5.963333333333333,-17.313333333333333,-23.276666666666667,4.082064,-22.84386015735879,1029.986666666667
1039,16.093,6.105,-17.080000000000002,-23.185,4.082064,-22.570969133310093,1029.97
1040,16.093,6.246666666666666,-16.846666666666668,-23.093333333333334,4.082064,-22.298078109261397,1029.9533333333334
1041,16.093,6.388333333333333,-16.613333333333333,-23.00166666666667,4.082064,-22.0251870852127,1029.9366666666667
1042,16.093,6.529999999999999,-16.380000000000003,-22.91,4.082064,-21.752296061164007,1029.92
1043,16.093,6.671666666666666,-16.14666666666667,-22.81833333333333,4.082064,-21.47940503711531,1029.9033333333334
1044,16.093,6.806666666666666,-15.88,-22.686666666666667,4.082064,-21.167529581059654,1029.9
1045,16.093,6.94,-15.605,-22.545,4.082064,-20.845908017002266,1029.9
1046,16.093,7.073333333333333,-15.330000000000002,-22.40333333333333,4.082064,-20.52428645294487,1029.9
1047,16.093,7.206666666666666,-15.055,-22.261666666666667,4.082064,-20.202664888887476,1029.9
1048,16.093,7.34,-14.78,-22.12,4.082064,-19.881043324830085,1029.9
1049,16.093,7.473333333333334,-14.505,-21.97833333333333,4.082064,-19.559421760772697,1029.9
1050,16.093,7.606666666666666,-14.23,-21.836666666666662,4.082064,-19.237800196715305,1029.9
1051,16.093,7.74,-13.955000000000002,-21.695,4.082064,-18.91617863265791,1029.9
1052,16.093,7.873333333333334,-13.68,-21.55333333333333,4.082064,-18.594557068600515,1029.9
1053,16.093,8.006666666666668,-13.405,-21.41166666666667,4.082064,-18.272935504543124,1029.9
1054,16.093,8.14,-13.13,-21.27,4.082064,-17.951313940485736,1029.9
1055,16.093,8.273333333333333,-12.855,-21.12833333333333,4.082064,-17.62969237642834,1029.9
1056,16.093,8.493333333333334,-12.573333333333334,-21.066666666666663,4.0043104,-17.230821928732418,1029.8733333333334
1057,16.093,8.735000000000001,-12.29,-21.025,3.9071184,-16.812112608504485,1029.84
1058,16.093,8.976666666666667,-12.006666666666668,-20.98333333333333,3.8099264,-16.392776281388514,1029.8066666666668
1059,16.093,9.218333333333334,-11.723333333333334,-20.941666666666663,3.7127344,-15.972764634712085,1029.7733333333333
1060,16.093,9.46,-11.44,-20.9,3.6155424,-15.552025310329682,1029.74
1061,16.093,9.701666666666668,-11.156666666666666,-20.85833333333333,3.5183504,-15.130501461452976,1029.7066666666667
1062,16.093,9.943333333333335,-10.873333333333331,-20.816666666666663,3.4211584,-14.708131247866572,1029.6733333333334
1063,16.093,10.185,-10.59,-20.775,3.3239664,-14.28484725899667,1029.64
1064,16.093,10.426666666666668,-10.306666666666668,-20.73333333333333,3.2267744,-13.860575852140002,1029.6066666666668
1065,16.093,10.668333333333337,-10.023333333333332,-20.691666666666663,3.1295824000000003,-13.435236390478904,1029.5733333333333
1066,16.093,10.91,-9.74,-20.65,3.0323904,-13.008740362158722,1029.54
1067,16.093,11.151666666666667,-9.456666666666669,-20.60833333333333,2.9351984,-12.580990357493196,1029.506666666667
1068,16.093,11.233333333333334,-9.4,-20.633333333333336,2.91576,-12.49528061193005,1029.4466666666667
1069,16.093,11.275,-9.4,-20.675,2.91576,-12.49528061193005,1029.38
1070,16.093,11.316666666666668,-9.4,-20.71666666666667,2.91576,-12.49528061193005,1029.3133333333333
1071,16.093,11.358333333333334,-9.4,-20.758333333333336,2.91576,-12.49528061193005,1029.246666666667
1072,16.093,11.4,-9.4,-20.8,2.91576,-12.49528061193005,1029.18
1073,16.093,11.441666666666668,-9.4,-20.84166666666667,2.91576,-12.49528061193005,1029.1133333333337
1074,16.093,11.483333333333334,-9.4,-20.883333333333336,2.91576,-12.49528061193005,1029.0466666666666
1075,16.093,11.525,-9.4,-20.925,2.91576,-12.49528061193005,1028.98
1076,16.093,11.566666666666668,-9.4,-20.96666666666667,2.91576,-12.49528061193005,1028.9133333333334
1077,16.093,11.608333333333334,-9.4,-21.008333333333336,2.91576,-12.49528061193005,1028.8466666666668
1078,16.093,11.65,-9.4,-21.05,2.91576,-12.49528061193005,1028.78
1079,16.093,11.691666666666668,-9.4,-21.09166666666667,2.91576,-12.49528061193005,1028.7133333333334
1080,16.093,11.74,-9.4,-21.14,2.91576,-12.49528061193005,1028.6666666666667
1081,16.093,11.79,-9.4,-21.19,2.91576,-12.49528061193005,1028.625
1082,16.093,11.84,-9.4,-21.24,2.91576,-12.49528061193005,1028.5833333333337
1083,16.093,11.89,-9.4,-21.29,2.91576,-12.49528061193005,1028.5416666666667
1084,16.093,11.94,-9.4,-21.34,2.91576,-12.49528061193005,1028.5
1085,16.093,11.99,-9.4,-21.39,2.91576,-12.49528061193005,1028.4583333333337
1086,16.093,12.04,-9.4,-21.44,2.91576,-12.49528061193005,1028.4166666666667
1087,16.093,12.09,-9.4,-21.49,2.91576,-12.49528061193005,1028.375
1088,16.093,12.14,-9.4,-21.54,2.91576,-12.49528061193005,1028.3333333333337
1089,16.093,12.19,-9.4,-21.59,2.91576,-12.49528061193005,1028.2916666666667
1090,16.093,12.239999999999998,-9.4,-21.64,2.91576,-12.49528061193005,1028.25
1091,16.093,12.29,-9.4,-21.69,2.91576,-12.49528061193005,1028.2083333333337
1092,16.093,12.28,-9.383333333333333,-21.66333333333333,2.9546368000000003,-12.51819723536003,1028.2
1093,16.093,12.255,-9.3625,-21.6175,3.0032328,-12.54614487094318,1028.2
1094,16.093,12.23,-9.341666666666669,-21.571666666666665,3.0518288,-12.573337703884295,1028.2
1095,16.093,12.205,-9.320833333333333,-21.52583333333333,3.1004248,-12.599797191055892,1028.2
1096,16.093,12.18,-9.3,-21.48,3.1490208,-12.625543847067078,1028.2
1097,16.093,12.155,-9.279166666666669,-21.434166666666663,3.1976168,-12.650597299558655,1028.2
1098,16.093,12.13,-9.258333333333333,-21.38833333333333,3.2462128,-12.674976340464424,1028.2
1099,16.093,12.105,-9.2375,-21.3425,3.2948088,-12.698698973588538,1028.2
1100,16.093,12.08,-9.216666666666669,-21.296666666666667,3.3434048,-12.721782458813998,1028.2
1101,16.093,12.055,-9.195833333333333,-21.250833333333333,3.3920008,-12.744243353226109,1028.2
1102,16.093,12.03,-9.175,-21.205,3.4405968,-12.766097549407231,1028.2
1103,16.093,12.005,-9.154166666666669,-21.159166666666668,3.4891928,-12.787360311134373,1028.2
1104,16.093,11.98,-9.133333333333333,-21.113333333333333,3.5377888,-12.80804630668947,1028.2
1105,16.093,11.955,-9.1125,-21.0675,3.5863848,-12.828169639972451,1028.2
1106,16.093,11.93,-9.091666666666669,-21.02166666666667,3.6349808,-12.847743879589771,1028.2
1107,16.093,11.905,-9.070833333333333,-20.97583333333333,3.6835768,-12.86678208607534,1028.2
1108,16.093,11.88,-9.05,-20.93,3.7321728,-12.885296837386836,1028.2
1109,16.093,11.855,-9.029166666666669,-20.88416666666667,3.7807688,-12.903300252807494,1028.2
1110,16.093,11.83,-9.008333333333333,-20.83833333333333,3.8293648,-12.920804015372411,1028.2
1111,16.093,11.805,-8.9875,-20.7925,3.8779608,-12.937819392927885,1028.2
1112,16.093,11.78,-8.966666666666667,-20.746666666666663,3.9265568,-12.954357257923132,1028.2
1113,16.093,11.755,-8.945833333333333,-20.70083333333333,3.9751528,-12.97042810602549,1028.2
1114,16.093,11.73,-8.925,-20.655,4.0237488,-12.986042073642444,1028.2
1115,16.093,11.705000000000002,-8.904166666666667,-20.609166666666667,4.0723448,-13.00120895442712,1028.2
1116,16.093,11.693333333333335,-9.013333333333334,-20.706666666666667,4.146858666666667,-13.188847256570986,1028.24
1117,16.093,11.685,-9.155,-20.84,4.227852,-13.41915324142694,1028.29
1118,16.093,11.676666666666668,-9.296666666666669,-20.973333333333333,4.308845333333333,-13.648909356843482,1028.34
1119,16.093,11.668333333333337,-9.438333333333334,-21.10666666666667,4.389838666666667,-13.878139610625574,1028.39
1120,16.093,11.66,-9.58,-21.24,4.470832,-14.106866683099515,1028.44
1121,16.093,11.651666666666667,-9.721666666666668,-21.37333333333333,4.551825333333333,-14.335112021391222,1028.49
1122,16.093,11.643333333333334,-9.863333333333332,-21.506666666666668,4.632818666666666,-14.562895925512686,1028.54
1123,16.093,11.635,-10.005,-21.64,4.713812,-14.790237627095848,1028.59
1124,16.093,11.626666666666669,-10.146666666666668,-21.773333333333333,4.794805333333333,-15.017155361514329,1028.64
1125,16.093,11.618333333333334,-10.288333333333334,-21.906666666666663,4.875798666666666,-15.243666434048052,1028.69
1126,16.093,11.61,-10.43,-22.04,4.956792,-15.469787280671085,1028.74
1127,16.093,11.601666666666668,-10.571666666666667,-22.17333333333333,5.037785333333333,-15.695533523978192,1028.79
1128,16.093,11.346666666666666,-10.78,-22.126666666666665,5.053984,-15.954584245194123,1028.86
1129,16.093,11.03,-11.005,-22.035,5.053984,-16.222015625627627,1028.935
1130,16.093,10.713333333333331,-11.23,-21.94333333333333,5.053984,-16.489447006061123,1029.01
1131,16.093,10.396666666666668,-11.455,-21.851666666666667,5.053984,-16.756878386494623,1029.085
1132,16.093,10.08,-11.68,-21.76,5.053984,-17.024309766928123,1029.16
1133,16.093,9.763333333333334,-11.905,-21.668333333333333,5.053984,-17.29174114736162,1029.235
1134,16.093,9.446666666666667,-12.13,-21.576666666666668,5.053984,-17.559172527795123,1029.31
1135,16.093,9.13,-12.355,-21.485,5.053984,-17.82660390822862,1029.385
1136,16.093,8.813333333333333,-12.58,-21.39333333333333,5.053984,-18.09403528866212,1029.46
1137,16.093,8.496666666666666,-12.805,-21.30166666666667,5.053984,-18.36146666909562,1029.535
1138,16.093,8.18,-13.03,-21.21,5.053984,-18.62889804952912,1029.61
1139,16.093,7.863333333333333,-13.255,-21.118333333333336,5.053984,-18.89632942996262,1029.685
1140,16.093,7.613333333333334,-13.373333333333337,-20.986666666666668,4.989189333333333,-18.987799307142495,1029.6933333333334
1141,16.093,7.380000000000001,-13.465,-20.845,4.908196,-19.034275786254447,1029.685
1142,16.093,7.1466666666666665,-13.556666666666668,-20.703333333333333,4.8272026666666665,-19.079608424190848,1029.6766666666667
1143,16.093,6.913333333333333,-13.648333333333332,-20.561666666666667,4.746209333333333,-19.123764351142682,1029.6683333333333
1144,16.093,6.68,-13.74,-20.42,4.665216,-19.16670913156489,1029.66
1145,16.093,6.446666666666666,-13.831666666666669,-20.27833333333333,4.584222666666666,-19.20840666026612,1029.6516666666666
1146,16.093,6.213333333333333,-13.923333333333334,-20.136666666666667,4.5032293333333335,-19.24881904960845,1029.6433333333332
1147,16.093,5.979999999999999,-14.015,-19.995,4.422236,-19.287906506880127,1029.635
1148,16.093,5.746666666666666,-14.106666666666667,-19.85333333333333,4.341242666666666,-19.325627200786972,1029.6266666666666
1149,16.093,5.513333333333332,-14.198333333333334,-19.711666666666662,4.260249333333333,-19.361937115872525,1029.618333333333
1150,16.093,5.279999999999999,-14.29,-19.57,4.179256,-19.396789893521728,1029.61
1151,16.093,5.046666666666665,-14.381666666666668,-19.42833333333333,4.098262666666667,-19.430136658023518,1029.6016666666667
1152,16.093,4.999999999999998,-14.513333333333334,-19.51333333333333,3.8099264,-19.309324482352817,1029.6133333333332
1153,16.093,4.999999999999998,-14.655,-19.655,3.4697544,-19.125322924760294,1029.63
1154,16.093,4.999999999999998,-14.796666666666669,-19.796666666666667,3.1295824,-18.90892748710722,1029.6466666666663
1155,16.093,4.999999999999999,-14.938333333333334,-19.938333333333333,2.7894104,-18.65349191296628,1029.6633333333332
1156,16.093,4.999999999999999,-15.08,-20.08,2.4492384,0.0,1029.6799999999998
1157,16.093,4.999999999999999,-15.221666666666668,-20.221666666666668,2.1090664,0.0,1029.6966666666665
1158,16.093,4.999999999999999,-15.363333333333332,-20.363333333333333,1.7688944000000002,0.0,1029.7133333333334
1159,16.093,4.999999999999999,-15.505,-20.505,1.4287224000000005,0.0,1029.73
1160,16.093,4.999999999999999,-15.646666666666668,-20.64666666666667,1.0885504000000004,0.0,1029.746666666667
1161,16.093,5.0,-15.788333333333334,-20.78833333333333,0.7483784,0.0,1029.763333333333
1162,16.093,5.0,-15.93,-20.93,0.4082064000000001,0.0,1029.78
1163,16.093,5.0,-16.07166666666667,-21.07166666666667,0.0680344000000001,0.0,1029.7966666666666
1164,16.093,4.886666666666667,-16.1,-20.986666666666668,0.2721376,0.0,1029.78
1165,16.093,4.744999999999999,-16.1,-20.845,0.6123095999999999,0.0,1029.755
1166,16.093,4.603333333333333,-16.1,-20.703333333333333,0.9524816,0.0,1029.73
1167,16.093,4.461666666666666,-16.1,-20.561666666666667,1.2926536,0.0,1029.705
1168,16.093,4.319999999999999,-16.1,-20.42,1.6328256,0.0,1029.68
1169,16.093,4.178333333333332,-16.1,-20.27833333333333,1.9729976,0.0,1029.655
1170,16.093,4.036666666666665,-16.1,-20.136666666666667,2.3131696,0.0,1029.63
1171,16.093,3.8949999999999982,-16.1,-19.995,2.6533416,-19.790463435243012,1029.605
1172,16.093,3.753333333333331,-16.1,-19.85333333333333,2.9935136,-20.236821237425087,1029.58
1173,16.093,3.6116666666666646,-16.1,-19.711666666666662,3.3336856,-20.642423352449946,1029.555
1174,16.093,3.469999999999997,-16.1,-19.57,3.6738576,-21.014628817294785,1029.53
1175,16.093,3.3283333333333305,-16.1,-19.42833333333333,4.0140296,-21.3589275669822,1029.505
1176,16.093,3.266666666666664,-16.173333333333336,-19.44,4.0043104,-21.43507920970832,1029.506666666667
1177,16.093,3.224999999999998,-16.265,-19.49,3.9071184,-21.44579214190653,1029.515
1178,16.093,3.183333333333332,-16.35666666666667,-19.54,3.8099264,-21.454073358859816,1029.5233333333333
1179,16.093,3.141666666666665,-16.448333333333334,-19.59,3.7127344,-21.459813466009905,1029.5316666666668
1180,16.093,3.0999999999999988,-16.54,-19.64,3.6155424,-21.462894976875,1029.54
1181,16.093,3.058333333333332,-16.631666666666668,-19.69,3.5183504,-21.4631914746235,1029.5483333333332
1182,16.093,3.0166666666666657,-16.723333333333333,-19.74,3.4211584,-21.46056666071717,1029.5566666666666
1183,16.093,2.975,-16.815,-19.79,3.3239664,-21.454873271710216,1029.565
1184,16.093,2.933333333333333,-16.906666666666666,-19.84,3.2267744,-21.445951841467433,1029.5733333333333
1185,16.093,2.8916666666666666,-16.99833333333333,-19.89,3.1295824000000003,-21.433629281327185,1029.5816666666665
1186,16.093,2.8500000000000005,-17.09,-19.94,3.0323904,-21.417717244830044,1029.59
1187,16.093,2.808333333333334,-17.181666666666665,-19.99,2.9351984,-21.398010236226277,1029.5983333333334
1188,16.093,2.8000000000000007,-17.2,-20.0,2.91576,-21.393594019704793,1029.5733333333333
1189,16.093,2.8000000000000007,-17.2,-20.0,2.91576,-21.393594019704793,1029.54
1190,16.093,2.8000000000000007,-17.2,-20.0,2.91576,-21.393594019704793,1029.506666666667
1191,16.093,2.8000000000000007,-17.2,-20.0,2.91576,-21.393594019704793,1029.4733333333334
1192,16.093,2.8000000000000007,-17.2,-20.0,2.91576,-21.393594019704793,1029.44
1193,16.093,2.8000000000000007,-17.2,-20.0,2.91576,-21.393594019704793,1029.4066666666668
1194,16.093,2.8000000000000007,-17.2,-20.0,2.91576,-21.393594019704793,1029.3733333333332
1195,16.093,2.8000000000000007,-17.2,-20.0,2.91576,-21.393594019704793,1029.34
1196,16.093,2.8000000000000007,-17.2,-20.0,2.91576,-21.393594019704793,1029.3066666666666
1197,16.093,2.8000000000000007,-17.2,-20.0,2.91576,-21.393594019704793,1029.2733333333333
1198,16.093,2.8000000000000007,-17.2,-20.0,2.91576,-21.393594019704793,1029.24
1199,16.093,2.8000000000000007,-17.2,-20.0,2.91576,-21.393594019704793,1029.2066666666667
1200,16.093,2.8000000000000007,-17.2,-20.0,2.91576,-21.393594019704793,1029.2
