idx,VIS_km,TD_SPREAD,TEMP_C,DEWP_C,WND_KT,WIND_CHILL,SLP_hPa
0,16.093,3.9,-6.1,-10.0,6.025904000000001,-10.954889254220767,1024.2
1,16.093,3.9,-6.1,-10.0,6.025904000000001,-10.954889254220767,1024.2
2,16.093,3.9,-6.1,-10.0,6.025904000000001,-10.954889254220767,1024.2
3,16.093,3.9,-6.1,-10.0,6.025904000000001,-10.954889254220767,1024.2
4,16.093,3.9,-6.1,-10.0,6.025904000000001,-10.954889254220767,1024.2
5,16.093,3.9,-6.1,-10.0,6.025904000000001,-10.954889254220767,1024.2
6,16.093,3.9,-6.1,-10.0,6.025904000000001,-10.954889254220767,1024.2
7,16.093,3.9,-6.1,-10.0,6.025904000000001,-10.954889254220767,1024.2
8,16.093,3.9,-6.1,-10.0,6.025904000000001,-10.954889254220767,1024.2
9,16.093,3.9,-6.1,-10.0,6.025904000000001,-10.954889254220767,1024.2
10,16.093,3.9,-6.1,-10.0,6.025904000000001,-10.954889254220767,1024.2
11,16.093,3.9,-6.1,-10.0,6.025904000000001,-10.954889254220767,1024.2
12,16.093,3.86,-6.14,-10.0,6.090698666666667,-11.037860192581544,1024.1266666666668
13,16.093,3.810000000000001,-6.19,-10.0,6.171692,-11.141251200307106,1024.035
14,16.093,3.76,-6.24,-10.0,6.252685333333334,-11.244292597877365,1023.9433333333334
15,16.093,3.71,-6.29,-10.0,6.333678666666668,-11.346993586965368,1023.8516666666668
16,16.093,3.66,-6.34,-10.0,6.414672,-11.44936302706727,1023.76
17,16.093,3.61,-6.39,-10.0,6.495665333333334,-11.551409452232168,1023.6683333333334
18,16.093,3.56,-6.44,-10.0,6.576658666666667,-11.65314108677946,1023.5766666666668
19,16.093,3.51,-6.49,-10.0,6.657652000000001,-11.754565860076632,1023.485
20,16.093,3.46,-6.54,-10.0,6.738645333333334,-11.855691420444243,1023.3933333333332
21,16.093,3.41,-6.59,-10.0,6.819638666666667,-11.956525148249373,1023.3016666666668
22,16.093,3.36,-6.640000000000001,-10.0,6.900632000000001,-12.057074168243819,1023.21
23,16.093,3.31,-6.69,-10.0,6.981625333333334,-12.157345361198908,1023.1183333333332
24,15.985733333333334,3.3,-6.7,-10.0,6.933029333333334,-12.145935780210673,1023.0466666666669
25,15.85165,3.3,-6.7,-10.0,6.852036000000001,-12.106298077154218,1022.98
26,15.717566666666666,3.3,-6.7,-10.0,6.771042666666667,-12.066264834751124,1022.9133333333332
27,15.583483333333334,3.3,-6.7,-10.0,6.6900493333333335,-12.025827303049919,1022.8466666666668
28,15.4494,3.3,-6.7,-10.0,6.609056000000001,-11.984976429699454,1022.78
29,15.315316666666666,3.3,-6.7,-10.0,6.528062666666667,-11.943702845643724,1022.7133333333334
30,15.181233333333331,3.3,-6.7,-10.0,6.447069333333334,-11.901996849953067,1022.6466666666666
31,15.04715,3.3,-6.7,-10.0,6.3660760000000005,-11.859848393728107,1022.58
32,14.913066666666667,3.3,-6.7,-10.0,6.285082666666668,-11.817247063007077,1022.5133333333332
33,14.778983333333333,3.3,-6.7,-10.0,6.204089333333334,-11.774182060601191,1022.4466666666666
34,14.6449,3.3,-6.7,-10.0,6.123096,-11.73064218677582,1022.38
35,14.510816666666669,3.3,-6.7,-10.0,6.042102666666668,-11.686615818687835,1022.3133333333332
36,12.7405,3.25,-6.75,-10.0,6.025904000000001,-11.73798960001561,1011.55
37,10.561125,3.1875,-6.8125,-10.0,6.025904000000001,-11.813287710188192,998.1125
38,8.38175,3.125,-6.875,-10.0,6.025904000000001,-11.888585820360772,984.675
39,6.202375,3.0625,-6.9375,-10.0,6.025904000000001,-11.963883930533353,971.2375
40,4.023,3.0,-7.0,-10.0,6.025904000000001,-12.039182040705933,957.8
41,3.404153846153846,2.6153846153846154,-7.0,-9.615384615384617,6.025904000000001,-12.039182040705933,957.8
42,2.7853076923076925,2.230769230769231,-7.0,-9.23076923076923,6.025904000000001,-12.039182040705933,957.8
43,2.37904347826087,1.9739130434782608,-7.017391304347826,-8.991304347826087,6.025904000000001,-12.060134558319174,963.4434782608696
44,2.2916521739130435,1.908695652173913,-7.060869565217391,-8.969565217391304,6.025904000000001,-12.112515852352272,977.5521739130436
45,2.2042608695652173,1.8434782608695648,-7.104347826086957,-8.947826086956521,6.025904000000001,-12.164897146385375,991.6608695652174
46,2.1168695652173914,1.7782608695652176,-7.147826086956522,-8.92608695652174,6.025904000000001,-12.217278440418474,1005.7695652173912
47,2.029478260869565,1.7130434782608697,-7.191304347826087,-8.904347826086957,6.025904000000001,-12.269659734451572,1019.8782608695652
48,2.0388,1.6200000000000003,-7.24,-8.860000000000001,5.961109333333334,-12.29212222050029,1022.7133333333334
49,2.0723000000000003,1.5200000000000002,-7.29,-8.81,5.880116,-12.306523166727306,1022.73
50,2.1058,1.4200000000000004,-7.34,-8.76,5.799122666666667,-12.320263195858164,1022.7466666666668
51,2.1393,1.3200000000000005,-7.39,-8.71,5.718129333333334,-12.33332627181392,1022.7633333333332
52,2.1728,1.2200000000000004,-7.44,-8.66,5.637136,-12.34569572209329,1022.78
53,2.2063,1.1200000000000006,-7.49,-8.610000000000001,5.556142666666667,-12.357354202777405,1022.7966666666666
54,2.2398,1.0200000000000005,-7.54,-8.56,5.475149333333333,-12.368283661063888,1022.8133333333334
55,2.2733,0.9200000000000008,-7.59,-8.51,5.394156,-12.378465295116317,1022.83
56,2.3068,0.8200000000000007,-7.64,-8.46,5.313162666666667,-12.387879510992983,1022.8466666666668
57,2.3403,0.7200000000000009,-7.689999999999999,-8.41,5.232169333333333,-12.39650587639414,1022.8633333333332
58,2.3738,0.620000000000001,-7.74,-8.360000000000001,5.151176,-12.404323070939256,1022.88
59,2.4073,0.5200000000000009,-7.79,-8.31,5.070182666666667,-12.411308832654584,1022.8966666666666
60,1.8773333333333333,0.1666666666666669,-7.933333333333334,-8.1,5.053984,-12.571082039413259,1010.6142857142856
61,1.6896,0.0,-8.0,-8.0,4.8596,-12.520213629204543,995.2571428571428
62,1.8239333333333327,0.0,-8.0,-8.0,4.5356266666666665,-12.293314780453398,979.9
63,1.9582666666666664,0.0,-8.0,-8.0,4.2116533333333335,-12.05236778903046,964.5428571428572
64,1.919,0.0,-8.0,-8.0,4.306353230769231,-12.124364304733543,963.3692307692309
65,1.764,0.0,-8.0,-8.0,4.680168615384615,-12.396174633119577,971.651282051282
66,1.609,0.0,-8.0,-8.0,5.053984,-12.65032096694911,979.9333333333332
67,1.5316923076923077,0.0961538461538463,-7.961538461538462,-8.057692307692308,5.053984,-12.604606201063042,988.2153846153846
68,1.4543846153846154,0.1923076923076926,-7.923076923076923,-8.115384615384615,5.053984,-12.558891435176974,996.497435897436
69,1.377076923076923,0.288461538461539,-7.884615384615384,-8.173076923076923,5.053984,-12.513176669290903,1004.7794871794872
70,1.2997692307692308,0.3846153846153853,-7.846153846153846,-8.230769230769232,5.053984,-12.467461903404839,1013.0615384615384
71,1.2224615384615385,0.4807692307692316,-7.8076923076923075,-8.288461538461538,5.053984,-12.42174713751877,1021.3435897435896
72,1.3142,0.3666666666666673,-7.853333333333333,-8.22,5.053984,-12.475995326370235,1014.85
73,1.4482,0.2000000000000003,-7.92,-8.120000000000001,5.053984,-12.55523425390609,1004.6625
74,1.5822,0.0333333333333333,-7.986666666666666,-8.02,5.053984,-12.63447318144194,994.475
75,1.408,0.0,-8.0,-8.0,5.053984,-12.65032096694911,984.2875
76,1.2964444444444445,0.0135135135135135,-7.994594594594594,-8.008108108108107,5.053984,-12.643896189040799,974.1
77,1.7436666666666667,0.0810810810810812,-7.967567567567568,-8.04864864864865,5.053984,-12.611772299499236,963.9125
78,2.040714285714286,0.1486486486486489,-7.940540540540541,-8.08918918918919,5.192829714285714,-12.669885644469574,962.4071428571428
79,2.1125000000000003,0.2162162162162166,-7.9135135135135135,-8.12972972972973,5.539944,-12.854564513320593,973.925
80,2.184285714285714,0.2837837837837842,-7.886486486486486,-8.17027027027027,5.887058285714286,-13.027802132266826,985.4428571428572
81,2.2560714285714285,0.351351351351352,-7.859459459459459,-8.21081081081081,6.234172571428571,-13.19080077844865,996.9607142857144
82,2.327857142857143,0.4189189189189197,-7.832432432432432,-8.251351351351351,6.5812868571428575,-13.344577201243691,1008.4785714285714
83,2.399642857142857,0.4864864864864873,-7.805405405405406,-8.291891891891893,6.928401142857143,-13.489999390073057,1019.9964285714284
84,2.0116666666666667,0.6666666666666673,-7.533333333333333,-8.200000000000001,7.321797333333333,-13.350311618660085,1013.8870967741937
85,1.50875,0.8750000000000002,-7.2,-8.075,7.726763999999999,-13.129315999214302,1003.3709677419356
86,1.2917368421052633,1.0,-7.0,-8.0,7.867436631578947,-12.946225405398643,992.8548387096774
87,1.5035789473684211,1.0,-7.0,-8.0,7.611668210526315,-12.831695958575537,982.3387096774194
88,1.715421052631579,1.0,-7.0,-8.0,7.355899789473685,-12.713886881787843,971.8225806451612
89,1.9272631578947368,1.0,-7.0,-8.0,7.100131368421053,-12.59258517153626,961.3064516129032
90,2.3135,1.0,-7.0,-8.0,7.362294,-12.71687374516511,956.9875
91,2.816,1.0,-7.0,-8.0,7.969743999999999,-12.991162849902793,956.8
92,3.908571428571429,1.0,-7.0,-8.0,7.830898285714285,-12.930057317095883,956.8
93,5.498583333333333,1.0083333333333333,-7.016666666666667,-8.025,8.860670666666666,-13.383963228791643,962.1833333333332
94,8.851500000000001,1.0500000000000005,-7.1,-8.15,8.455703999999999,-13.321945765717038,989.1
95,12.204416666666669,1.0916666666666672,-7.183333333333334,-8.275,8.050737333333332,-13.252343555496022,1016.0166666666668
96,13.089533333333334,1.173333333333334,-7.126666666666667,-8.3,8.034538666666666,-13.175457546318455,1021.3533333333334
97,13.3577,1.2650000000000006,-7.035,-8.3,8.115532,-13.097531585503058,1021.295
98,13.625866666666669,1.3566666666666674,-6.943333333333333,-8.3,8.196525333333334,-13.019134096410317,1021.2366666666668
99,13.894033333333333,1.448333333333334,-6.851666666666667,-8.3,8.277518666666666,-12.94027259917348,1021.1783333333332
100,14.1622,1.5400000000000007,-6.76,-8.3,8.358512,-12.860954414131943,1021.12
101,14.430366666666666,1.6316666666666677,-6.668333333333333,-8.3,8.439505333333333,-12.781186669087624,1021.0616666666668
102,14.698533333333334,1.723333333333334,-6.576666666666666,-8.3,8.520498666666667,-12.700976306229709,1021.0033333333332
103,14.9667,1.8150000000000008,-6.484999999999999,-8.3,8.601492,-12.620330088745813,1020.945
104,15.234866666666669,1.906666666666668,-6.393333333333333,-8.3,8.682485333333332,-12.539254607136742,1020.8866666666668
105,15.503033333333333,1.9983333333333344,-6.301666666666666,-8.3,8.763478666666666,-12.457756285250703,1020.8283333333334
106,15.7712,2.090000000000001,-6.21,-8.3,8.844472,-12.375841386051967,1020.77
107,16.039366666666666,2.1816666666666675,-6.118333333333333,-8.3,8.925465333333333,-12.293516017138021,1020.7116666666668
108,16.093,2.1703703703703714,-6.085185185185185,-8.255555555555556,8.797675851851851,-12.202566911923519,1011.0407407407408
109,16.093,2.133333333333334,-6.066666666666666,-8.200000000000001,8.617690666666666,-12.108497085324814,998.9666666666668
110,16.093,2.096296296296297,-6.048148148148148,-8.144444444444444,8.437705481481482,-12.013245467489806,986.8925925925926
111,16.093,2.05925925925926,-6.029629629629629,-8.088888888888889,8.257720296296295,-11.916764285987902,974.8185185185184
112,16.093,2.022222222222222,-6.011111111111111,-8.033333333333333,8.07773511111111,-11.81900276560566,962.7444444444444
113,16.093,2.0424242424242425,-5.975757575757576,-8.018181818181818,8.028648242424241,-11.75477272775742,959.360606060606
114,16.093,2.148484848484849,-5.915151515151515,-8.063636363636364,8.175908848484848,-11.741615480065793,969.0121212121212
115,16.093,2.254545454545455,-5.854545454545455,-8.10909090909091,8.323169454545454,-11.727320435116837,978.6636363636364
116,16.093,2.3606060606060613,-5.793939393939394,-8.154545454545454,8.47043006060606,-11.711922200438652,988.3151515151516
117,16.093,2.4666666666666672,-5.733333333333333,-8.200000000000001,8.617690666666666,-11.69545371840517,997.9666666666668
118,16.093,2.5727272727272736,-5.672727272727273,-8.245454545454546,8.764951272727272,-11.677946373758212,1007.6181818181818
119,16.093,2.67878787878788,-5.612121212121211,-8.290909090909091,8.912211878787879,-11.659430092492364,1017.269696969697
120,16.093,2.445454545454546,-5.745454545454545,-8.190909090909091,8.588238545454544,-11.698831506524337,995.5636363636364
121,16.093,2.1272727272727274,-5.927272727272727,-8.054545454545455,8.146456727272726,-11.744339091416835,966.0181818181818
122,15.044815789473684,1.921052631578948,-6.0,-7.921052631578948,7.89301347368421,-11.72699510120618,954.0736842105264
123,13.297842105263156,1.7894736842105263,-6.0,-7.7894736842105265,7.7651292631578945,-11.671873529774702,953.8631578947368
124,11.55086842105263,1.6578947368421053,-6.0,-7.657894736842105,7.637245052631579,-11.615984058350119,953.6526315789474
125,9.803894736842103,1.5263157894736843,-6.0,-7.526315789473684,7.509360842105263,-11.559302858186424,953.442105263158
126,8.056921052631578,1.3947368421052633,-6.0,-7.394736842105263,7.3814766315789475,-11.501804939630967,953.2315789473683
127,6.309947368421051,1.263157894736842,-6.0,-7.263157894736842,7.253592421052632,-11.443464074314768,953.021052631579
128,4.562973684210524,1.131578947368421,-6.0,-7.131578947368421,7.125708210526316,-11.384252710652483,952.8105263157896
129,2.816,1.0,-6.0,-7.0,6.9978240000000005,-11.324141881945451,952.6
130,2.633272727272727,1.272727272727273,-5.818181818181818,-7.090909090909091,6.556042181818182,-10.88863547985976,981.8727272727272
131,2.4505454545454546,1.545454545454546,-5.636363636363636,-7.181818181818182,6.114260363636364,-10.442979665144254,1011.1454545454544
132,2.3101290322580645,1.5225806451612909,-5.651612903225806,-7.174193548387097,6.402131096774194,-10.609647227776057,1016.9066666666666
133,2.180290322580645,1.4258064516129036,-5.716129032258064,-7.141935483870967,6.872414967741936,-10.918773241384018,1016.79
134,2.0504516129032258,1.3290322580645164,-5.780645161290322,-7.109677419354838,7.342698838709677,-11.215822199671319,1016.6733333333332
135,1.9206129032258064,1.2322580645161292,-5.84516129032258,-7.077419354838709,7.812982709677419,-11.502211316449923,1016.5566666666668
136,1.790774193548387,1.1354838709677422,-5.909677419354838,-7.04516129032258,8.283266580645162,-11.77911971230123,1016.44
137,1.6609354838709676,1.0387096774193547,-5.974193548387097,-7.012903225806451,8.753550451612902,-12.047539346381074,1016.3233333333334
138,1.5487,1.0,-6.0,-7.0,8.650088,-12.03875045707585,1016.2066666666668
139,1.4482,1.0,-6.0,-7.0,8.164128,-11.841415215469462,1016.09
140,1.3477,1.0,-6.0,-7.0,7.678168,-11.633953665915062,1015.9733333333334
141,1.2472,1.0,-6.0,-7.0,7.192208000000001,-11.415153007144914,1015.8566666666668
142,1.207,1.0333333333333332,-5.666666666666667,-6.7,7.321797333333333,-11.066940992133292,1015.74
143,1.207,1.0888888888888886,-5.111111111111111,-6.199999999999999,7.861752888888889,-10.620147127132947,1015.6233333333332
144,0.9772857142857144,1.0428571428571427,-5.0,-6.042857142857143,7.4143611428571425,-10.292224543905425,1015.54
145,0.805,1.0,-5.0,-6.0,7.112167529411765,-10.15748712044708,1015.465
146,0.805,1.0,-5.0,-6.0,7.398026352941176,-10.285060485490398,1015.39
147,0.805,1.0,-5.0,-6.0,7.6838851764705876,-10.408558198451523,1015.315
148,0.805,1.0,-5.0,-6.0,7.969743999999999,-10.528255060148247,1015.24
149,0.8608333333333333,1.0138888888888888,-5.0,-6.013888888888889,7.969743999999999,-10.528255060148247,1015.165
150,0.9166666666666669,1.0277777777777777,-5.0,-6.027777777777778,7.969743999999999,-10.528255060148247,1015.09
151,0.9725,1.0416666666666663,-5.0,-6.041666666666666,7.969743999999999,-10.528255060148247,1015.015
152,1.028333333333333,1.0555555555555554,-5.0,-6.055555555555555,7.969743999999999,-10.528255060148247,1014.94
153,1.0841666666666667,1.0694444444444442,-5.0,-6.069444444444445,7.969743999999999,-10.528255060148247,1014.865
154,1.14,1.083333333333333,-5.0,-6.083333333333333,7.969743999999999,-10.528255060148247,1014.79
155,1.1958333333333333,1.097222222222222,-5.0,-6.097222222222221,7.969743999999999,-10.528255060148247,1014.715
156,1.073,1.0666666666666664,-5.0,-6.066666666666666,7.969743999999999,-10.528255060148247,1014.6533333333334
157,0.9055,1.025,-5.0,-6.025,7.969743999999999,-10.528255060148247,1014.595
158,0.805,1.0041666666666669,-5.025,-6.029166666666667,7.969743999999999,-10.55904140752018,1014.5366666666667
159,0.805,1.0145833333333334,-5.0875,-6.102083333333334,7.969743999999999,-10.636007275950009,1014.4783333333334
160,0.805,1.025,-5.15,-6.175,7.969743999999999,-10.712973144379838,1014.42
161,0.805,1.0354166666666669,-5.2125,-6.247916666666667,7.969743999999999,-10.789939012809667,1014.3616666666668
162,0.805,1.0458333333333336,-5.275,-6.320833333333334,7.969743999999999,-10.866904881239495,1014.3033333333334
163,0.805,1.0562500000000004,-5.3375,-6.39375,7.969743999999999,-10.943870749669328,1014.245
164,0.805,1.066666666666667,-5.4,-6.466666666666667,7.969743999999999,-11.020836618099155,1014.1866666666668
165,0.805,1.0770833333333338,-5.4625,-6.539583333333334,7.969743999999999,-11.097802486528987,1014.1283333333332
166,0.805,1.0875000000000004,-5.525,-6.6125,7.969743999999999,-11.174768354958815,1014.07
167,0.805,1.097916666666667,-5.5875,-6.685416666666667,7.969743999999999,-11.251734223388645,1014.0116666666668
168,0.9122,1.0733333333333337,-5.706666666666666,-6.78,7.710565333333333,-11.287840102607404,1006.4
169,1.0462,1.0400000000000005,-5.84,-6.88,7.386592,-11.30826756175487,996.9
170,1.1802,1.0066666666666668,-5.973333333333334,-6.98,7.062618666666667,-11.32218499014942,987.4
171,1.207,1.0,-6.0,-7.0,6.9978240000000005,-11.324141881945451,977.9
172,1.207,1.0,-6.0,-7.0,6.9978240000000005,-11.324141881945451,968.4
173,1.6095000000000002,1.0,-6.0,-7.0,7.483784,-11.547869432902258,958.9
174,2.012,1.0,-6.0,-7.0,7.969743999999999,-11.75970895502552,949.4
175,2.213,1.0,-6.0,-7.0,7.969743999999999,-11.75970895502552,949.25
176,2.414,1.0,-6.0,-7.0,7.969743999999999,-11.75970895502552,949.1
177,2.048090909090909,1.0,-6.454545454545455,-7.454545454545455,7.969743999999999,-12.319460725424278,969.13125
178,1.6821818181818182,1.0,-6.909090909090909,-7.909090909090909,7.969743999999999,-12.87921249582304,989.1625
179,1.609,1.0799999999999996,-6.76,-7.84,8.74728,-13.019956478400411,1009.19375
180,1.207,1.0,-7.0,-8.0,7.969743999999999,-12.991162849902793,1007.1162790697676
181,1.2679090909090909,1.0,-7.0,-8.0,8.264265212121211,-13.117876074924421,999.5116279069769
182,1.328818181818182,1.0,-7.0,-8.0,8.558786424242424,-13.2408511393687,991.906976744186
183,1.3897272727272727,1.0,-7.0,-8.0,8.853307636363636,-13.360321437426872,984.3023255813954
184,1.4506363636363635,1.0,-7.0,-8.0,9.14782884848485,-13.476498607457522,976.6976744186046
185,1.5115454545454543,1.0,-7.0,-8.0,9.44235006060606,-13.589575187148805,969.093023255814
186,1.5724545454545455,1.0,-7.0,-8.0,9.736871272727273,-13.699726872792786,961.4883720930231
187,2.1456666666666666,1.0,-7.0,-8.0,9.589610666666667,-13.645006263759589,953.8837209302326
188,3.219,1.0058823529411764,-7.011764705882353,-8.01764705882353,9.06744188235294,-13.459741891266376,951.570588235294
189,3.219,1.035294117647059,-7.070588235294117,-8.105882352941176,9.696331294117646,-13.773030791851205,970.4235294117648
190,3.219,1.0647058823529416,-7.129411764705883,-8.194117647058825,10.325220705882352,-14.074345498466583,989.2764705882352
191,3.219,1.094117647058824,-7.188235294117647,-8.282352941176471,10.954110117647058,-14.365021664219686,1008.129411764706
192,3.219,1.1000000000000003,-7.2,-8.3,11.079888,-14.421982199798535,1011.8133333333332
193,3.219,1.1000000000000003,-7.2,-8.3,11.079888,-14.421982199798535,1011.705
194,3.219,1.1000000000000003,-7.2,-8.3,11.079888,-14.421982199798535,1011.5966666666668
195,3.219,1.1000000000000003,-7.2,-8.3,11.079888,-14.421982199798535,1011.4883333333332
196,3.219,1.1000000000000003,-7.2,-8.3,11.079888,-14.421982199798535,1011.38
197,3.219,1.1000000000000003,-7.2,-8.3,11.079888,-14.421982199798535,1011.2716666666666
198,3.219,1.1000000000000003,-7.2,-8.3,11.079888,-14.421982199798535,1011.1633333333332
199,3.219,1.1000000000000003,-7.2,-8.3,11.079888,-14.421982199798535,1011.055
200,3.219,1.1000000000000003,-7.2,-8.3,11.079888,-14.421982199798535,1010.9466666666668
201,3.219,1.1000000000000003,-7.2,-8.3,11.079888,-14.421982199798535,1010.8383333333334
202,3.219,1.1000000000000003,-7.2,-8.3,11.079888,-14.421982199798535,1010.73
203,3.219,1.1000000000000003,-7.2,-8.3,11.079888,-14.421982199798535,1010.6216666666668
204,3.111533333333333,1.0733333333333337,-7.1466666666666665,-8.22,11.079888,-14.354543731987501,993.4266666666668
205,2.9772,1.0400000000000005,-7.08,-8.120000000000001,11.079888,-14.270245647223707,971.96
206,2.8428666666666667,1.0066666666666668,-7.013333333333334,-8.02,11.079888,-14.185947562459916,950.4933333333332
207,2.8518222222222223,1.008888888888889,-7.071111111111111,-8.08,11.079888,-14.259005902588536,951.8444444444444
208,2.8966,1.02,-7.16,-8.18,11.079888,-14.371403348940259,958.9
209,2.941377777777777,1.031111111111111,-7.248888888888889,-8.28,11.079888,-14.483800795291984,965.9555555555556
210,2.9861555555555555,1.0422222222222224,-7.337777777777777,-8.38,11.079888,-14.596198241643707,973.0111111111112
211,3.030933333333333,1.0533333333333337,-7.426666666666667,-8.48,11.079888,-14.708595687995434,980.0666666666668
212,3.075711111111111,1.0644444444444447,-7.515555555555555,-8.58,11.079888,-14.820993134347159,987.1222222222224
213,3.1204888888888886,1.075555555555556,-7.604444444444445,-8.68,11.079888,-14.933390580698884,994.1777777777778
214,3.1652666666666667,1.0866666666666671,-7.693333333333333,-8.780000000000001,11.079888,-15.045788027050609,1001.2333333333332
215,3.2100444444444443,1.0977777777777784,-7.782222222222222,-8.88,11.079888,-15.158185473402332,1008.2888888888888
216,2.861222222222222,1.0555555555555558,-7.888888888888888,-8.944444444444445,11.079888,-15.293062409024401,981.0333333333334
217,2.414,1.0,-8.0,-9.0,11.079888,-15.433559216964056,945.2
218,2.078583333333333,1.0,-8.0,-9.0,11.484854666666669,-15.569392384860791,945.121052631579
219,1.7431666666666668,1.0,-8.0,-9.0,11.889821333333334,-15.701260134406422,945.042105263158
220,1.7817142857142856,1.0,-8.0,-9.0,11.635270857142858,-15.618821131709632,944.9631578947368
221,1.997074074074074,1.0,-8.0,-9.0,11.036691555555556,-15.418825328538079,946.89375
222,1.9224444444444444,1.0,-8.0,-9.0,10.820709333333332,-15.344420998319265,956.8625
223,1.8478148148148148,1.0,-8.0,-9.0,10.604727111111112,-15.26875853395045,966.83125
224,1.7731851851851852,1.0,-8.0,-9.0,10.388744888888889,-15.191790375239592,976.8
225,1.6985555555555556,1.0,-8.0,-9.0,10.172762666666667,-15.113466128681395,986.76875
226,1.623925925925926,1.0,-8.0,-9.0,9.956780444444444,-15.033732334334601,996.7375
227,1.609,1.0800000000000003,-7.84,-8.92,9.136048,-14.51765293557662,1006.70625
228,1.6627333333333334,1.0866666666666671,-7.826666666666666,-8.913333333333334,9.226760533333334,-14.537056640989736,1000.06
229,1.7299,1.0700000000000005,-7.859999999999999,-8.93,9.5831312,-14.71733578934536,989.26
230,1.7970666666666666,1.0533333333333337,-7.893333333333333,-8.946666666666667,9.939501866666667,-14.893595698969117,978.46
231,1.8642333333333327,1.0366666666666668,-7.926666666666667,-8.963333333333333,10.295872533333334,-15.066102713617983,967.66
232,1.9314,1.02,-7.96,-8.98,10.6522432,-15.235097214380808,956.86
233,1.9985666666666664,1.0033333333333334,-7.993333333333333,-8.996666666666666,11.008613866666668,-15.400796919373786,946.06
234,1.91125,1.0,-8.0,-9.0,11.322868,-15.515549523265253,952.4066666666666
235,1.7853125,1.0,-8.0,-9.0,11.626593000000002,-15.615984106721978,963.04
236,1.659375,1.0,-8.0,-9.0,11.930318000000002,-15.714238452904404,973.6733333333332
237,1.609,1.0214285714285714,-8.064285714285715,-9.085714285714284,11.843539428571429,-15.768112812729495,984.3066666666668
238,1.609,1.057142857142857,-8.171428571428573,-9.22857142857143,11.496425142857143,-15.79063311148317,994.94
239,1.609,1.0928571428571423,-8.278571428571428,-9.371428571428572,11.149310857142858,-15.809562563671474,1005.5733333333334
240,1.535909090909091,1.0818181818181816,-8.245454545454546,-9.327272727272728,11.256600727272728,-15.804106529830616,1002.361224489796
241,1.4445454545454546,1.0590909090909089,-8.177272727272728,-9.236363636363636,11.477491636363638,-15.791759921485239,995.6877551020408
242,1.3531818181818185,1.0363636363636362,-8.10909090909091,-9.145454545454546,11.698382545454546,-15.777955329340642,989.0142857142856
243,1.2618181818181815,1.0136363636363637,-8.040909090909091,-9.054545454545456,11.919273454545456,-15.762740087726314,982.3408163265308
244,1.3218571428571428,1.0,-8.285714285714286,-9.285714285714286,12.32949942857143,-16.204671397149298,975.6673469387756
245,1.609,1.0,-9.0,-10.0,13.023728,-17.33271211139288,968.9938775510204
246,1.70975,1.0,-9.0,-10.0,13.023728,-17.33271211139288,962.3204081632653
247,1.8105,1.0,-9.0,-10.0,13.023728,-17.33271211139288,955.6469387755102
248,1.91125,1.0,-9.0,-10.0,13.023728,-17.33271211139288,948.973469387755
249,2.012,1.0,-9.0,-10.0,13.023728,-17.33271211139288,942.3
250,2.012,1.0454545454545452,-8.954545454545455,-10.0,13.023728,-17.274470425474046,971.3909090909092
251,2.012,1.0909090909090906,-8.90909090909091,-10.0,13.023728,-17.216228739555213,1000.4818181818182
252,2.135692307692308,1.069230769230769,-8.930769230769231,-10.0,13.023728,-17.24400554360881,986.5153846153846
253,2.2903076923076924,1.0307692307692309,-8.96923076923077,-10.0,13.023728,-17.293286970155517,961.7846153846152
254,2.402176470588236,1.0294117647058822,-9.0,-10.029411764705882,12.99514211764706,-17.323973863893162,941.9911764705882
255,2.343058823529412,1.1764705882352942,-9.0,-10.176470588235292,12.852212705882351,-17.280038888495035,941.9470588235296
256,2.2839411764705884,1.3235294117647058,-9.0,-10.323529411764708,12.709283294117649,-17.235691553375858,941.9029411764706
257,2.224823529411765,1.4705882352941178,-9.0,-10.470588235294118,12.566353882352942,-17.19092328488353,941.8588235294118
258,2.1657058823529414,1.6176470588235294,-9.0,-10.617647058823527,12.423424470588236,-17.145725231076412,941.814705882353
259,2.106588235294118,1.7647058823529411,-9.0,-10.764705882352942,12.280495058823533,-17.10008824936846,941.770588235294
260,2.047470588235294,1.9117647058823528,-9.0,-10.911764705882351,12.137565647058825,-17.05400289347489,941.7264705882352
261,2.0738461538461537,1.876923076923077,-9.06153846153846,-10.93846153846154,11.902281846153848,-17.05540626545031,951.5307692307692
262,2.2284615384615387,1.5692307692307688,-9.215384615384616,-10.784615384615384,11.528466461538462,-17.12557650648753,976.1076923076924
263,2.383076923076924,1.2615384615384608,-9.36923076923077,-10.63076923076923,11.154651076923075,-17.191247298483262,1000.6846153846154
264,2.235111111111112,1.377777777777777,-9.311111111111112,-10.688888888888888,11.295870222222224,-17.16698320978088,1005.5466666666669
265,2.0115,1.5999999999999996,-9.2,-10.8,11.565848,-17.118757857484937,1005.48
266,1.7878888888888889,1.822222222222222,-9.088888888888889,-10.911111111111111,11.835825777777778,-17.068198967870007,1005.4133333333332
267,1.5688,2.0,-9.0,-11.0,12.051808,-17.026132412234393,1005.3466666666668
268,1.3678,2.0,-9.0,-11.0,12.051808,-17.026132412234393,1005.28
269,1.237923076923077,1.9230769230769231,-9.076923076923077,-11.0,12.051808,-17.12406932023129,1005.2133333333334
270,1.3925384615384615,1.5384615384615383,-9.461538461538462,-11.0,12.051808,-17.613753860215763,1005.1466666666666
271,1.5471538461538463,1.1538461538461535,-9.846153846153848,-11.0,12.051808,-18.103438400200236,1005.08
272,1.609,1.0157894736842106,-10.0,-11.01578947368421,12.20526905263158,-18.3503897611526,1005.0133333333332
273,1.609,1.0421052631578946,-10.0,-11.042105263157897,12.461037473684213,-18.434332505670177,1004.9466666666666
274,1.609,1.0684210526315787,-10.0,-11.068421052631578,12.716805894736842,-18.51684022485157,1004.88
275,1.609,1.0947368421052628,-10.0,-11.094736842105265,12.972574315789474,-18.597965586037414,1004.8133333333332
276,1.54468,1.0839999999999996,-10.0,-11.084,12.8682208,-18.565030132062066,1004.72
277,1.46428,1.0639999999999998,-10.0,-11.064,12.6738368,-18.503076933649858,1004.62
278,1.38388,1.0439999999999998,-10.0,-11.044,12.4794528,-18.440320356441006,1004.52
279,1.30348,1.024,-10.0,-11.024,12.2850688,-18.376737222082554,1004.42
280,1.22308,1.004,-10.0,-11.004,12.090684800000002,-18.312303303597997,1004.32
281,1.2665555555555557,1.0,-10.0,-11.0,12.051808,-18.299312216194025,1004.22
282,1.341,1.0,-10.0,-11.0,12.051808,-18.299312216194025,1004.12
283,1.4154444444444445,1.0,-10.0,-11.0,12.051808,-18.299312216194025,1004.02
284,1.4898888888888888,1.0,-10.0,-11.0,12.051808,-18.299312216194025,1003.92
285,1.5643333333333334,1.0,-10.0,-11.0,12.051808,-18.299312216194025,1003.82
286,1.609,1.1749999999999998,-9.85,-11.025,12.051808,-18.10833524560008,1003.72
287,1.609,1.6124999999999994,-9.475,-11.0875,12.051808,-17.630892819115218,1003.62
288,1.8105,1.85,-9.2,-11.05,12.051808,-17.28076837302632,971.5
289,2.2131,2.0,-9.0,-11.0,12.246192,-17.089069018363567,939.4
290,3.2186,2.0,-9.0,-11.0,13.218112,-17.391708624437598,939.4
291,4.023,2.0,-9.0,-11.0,13.412496,-17.449980802993732,939.4
292,3.899230769230769,2.0,-9.0,-11.0,11.229414153846154,-16.75004312252065,939.4
293,3.280384615384615,2.0,-9.0,-11.0,11.977044923076924,-17.00169881643874,939.4
294,2.661538461538462,2.0,-9.0,-11.0,12.724675692307692,-17.24048749056814,939.4
295,2.228230769230769,2.0,-9.0,-11.0,12.79943876923077,-17.263712956788982,947.4875
296,1.9186153846153848,2.0,-9.0,-11.0,12.425623384615385,-17.14642388635833,960.9666666666668
297,1.609,2.0,-9.0,-11.0,12.051808,-17.026132412234393,974.4458333333332
298,1.4262727272727274,1.8636363636363635,-9.454545454545457,-11.318181818181818,12.051808,-17.60485050494332,987.925
299,1.2435454545454545,1.7272727272727266,-9.90909090909091,-11.636363636363637,12.051808,-18.18356859765224,1001.4041666666668
300,1.17484,1.6439999999999992,-10.16,-11.803999999999998,12.207315200000002,-18.55499001792892,1004.0866666666668
301,1.13464,1.5739999999999994,-10.36,-11.934,12.4016992,-18.874409071931566,1004.07
302,1.09444,1.5039999999999996,-10.56,-12.064,12.5960832,-19.193640989197505,1004.0533333333334
303,1.05424,1.4339999999999995,-10.76,-12.194,12.790467200000002,-19.512696852428533,1004.0366666666666
304,1.01404,1.3639999999999997,-10.96,-12.324,12.9848512,-19.83158719535736,1004.02
305,0.97384,1.2939999999999996,-11.16,-12.454,13.1792352,-20.15032203612686,1004.0033333333332
306,0.93364,1.2239999999999998,-11.36,-12.584,13.3736192,-20.468910908217012,1003.9866666666668
307,0.89344,1.154,-11.56,-12.714,13.5680032,-20.787362889131018,1003.97
308,0.85324,1.084,-11.76,-12.844,13.7623872,-21.105686627031265,1003.9533333333334
309,0.81304,1.014,-11.96,-12.974,13.9567712,-21.423890365497193,1003.9366666666666
310,0.805,1.0,-12.0,-13.0,13.023728000000002,-21.176663382035972,1003.92
311,0.805,1.0500000000000007,-12.1,-13.15,13.023728000000002,-21.304795091057407,1003.9033333333332
312,0.8586,1.2200000000000013,-12.173333333333332,-13.393333333333334,14.125237333333336,-21.751173731238854,1003.8333333333331
313,0.9256,1.370000000000001,-12.14,-13.51,14.287224,-21.757997005363038,1003.75
314,0.9926,1.520000000000001,-12.106666666666666,-13.626666666666669,14.449210666666668,-21.764267037685563,1003.6666666666666
315,1.0596,1.6700000000000004,-12.073333333333332,-13.743333333333334,14.611197333333331,-21.769994665593508,1003.5833333333331
316,1.1266,1.8200000000000005,-12.04,-13.86,14.773184,-21.77519039165449,1003.5
317,1.1936,1.97,-12.006666666666666,-13.976666666666668,14.935170666666666,-21.779864397553347,1003.4166666666666
318,1.0833076923076923,1.6923076923076923,-12.307692307692308,-14.0,14.967568,-22.179558387695593,1003.3333333333331
319,0.9286923076923076,1.3076923076923077,-12.692307692307692,-14.0,14.967568,-22.67808453919195,1003.25
320,0.805,1.0352941176470587,-12.988235294117649,-14.023529411764706,15.024739764705885,-23.07880813068135,1003.1666666666666
321,0.805,1.2117647058823529,-12.929411764705884,-14.141176470588237,15.310598588235294,-23.087363867416144,1003.0833333333331
322,0.805,1.3882352941176468,-12.870588235294118,-14.258823529411766,15.596457411764703,-23.094361539065446,1003.0
323,0.805,1.564705882352941,-12.811764705882354,-14.376470588235296,15.882316235294116,-23.09985080239012,1002.9166666666666
324,0.9198571428571428,1.4285714285714284,-12.857142857142858,-14.285714285714286,15.661796571428573,-23.095747472334644,994.196551724138
325,1.0634285714285716,1.2142857142857142,-12.928571428571429,-14.142857142857142,15.314682285714284,-23.08747468294045,983.3172413793104
326,1.207,1.0,-13.0,-14.0,14.967568,-23.076905460389042,972.4379310344827
327,1.4753333333333334,1.3333333333333333,-13.0,-14.333333333333334,16.328256,-23.47108843268743,961.5586206896552
328,1.7436666666666667,1.6666666666666663,-13.0,-14.666666666666666,17.688944000000003,-23.83857976809967,950.6793103448276
329,2.012,2.0,-13.0,-15.0,19.049632000000003,-24.183045149020376,939.8
330,2.012,2.0,-13.0,-15.0,17.96972088888889,-23.9114392120089,939.9666666666668
331,1.993681818181818,1.9863636363636363,-13.013636363636364,-15.0,17.105792,-23.70197140268521,943.0272727272728
332,1.902090909090909,1.918181818181818,-13.081818181818182,-15.0,17.105792,-23.791339860027467,957.6636363636364
333,1.8105,1.85,-13.15,-15.0,17.105792,-23.880708317369724,972.3
334,1.718909090909091,1.7818181818181813,-13.21818181818182,-15.0,17.105792,-23.97007677471198,986.9363636363636
335,1.627318181818182,1.713636363636363,-13.286363636363635,-15.0,17.105792,-24.05944523205423,1001.5727272727272
336,1.408,1.3499999999999996,-13.15,-14.5,15.550720000000002,-23.444427290253742,1004.6133333333332
337,1.215204081632653,1.020408163265306,-13.0,-14.020408163265309,13.995648,-22.77647671551003,1004.755
338,1.2562244897959185,1.1224489795918366,-13.0,-14.122448979591836,13.995648,-22.77647671551003,1004.8966666666666
339,1.2972448979591835,1.2244897959183674,-13.0,-14.224489795918368,13.995648,-22.77647671551003,1005.0383333333332
340,1.338265306122449,1.326530612244898,-13.0,-14.326530612244898,13.995648,-22.77647671551003,1005.18
341,1.3792857142857142,1.4285714285714286,-13.0,-14.428571428571429,13.995648,-22.77647671551003,1005.3216666666668
342,1.4203061224489797,1.530612244897959,-13.0,-14.53061224489796,13.995648,-22.77647671551003,1005.4633333333334
343,1.461326530612245,1.6326530612244898,-13.0,-14.63265306122449,13.995648,-22.77647671551003,1005.605
344,1.5023469387755102,1.7346938775510203,-13.0,-14.73469387755102,13.995648,-22.77647671551003,1005.7466666666668
345,1.5433673469387754,1.836734693877551,-13.0,-14.83673469387755,13.995648,-22.77647671551003,1005.8883333333332
346,1.5843877551020409,1.9387755102040816,-13.0,-14.93877551020408,13.995648,-22.77647671551003,1006.03
347,1.609,1.85,-13.15,-15.0,15.453528,-23.415960772779602,1006.1716666666669
348,2.079,2.0,-13.0,-15.0,14.805581333333333,-23.0279945222482,941.75
349,2.414,2.0,-13.0,-15.0,13.995648,-22.77647671551003,942.0
350,2.8302068965517244,2.0,-13.0,-15.0,13.660503172413794,-22.668810334982723,942.1724137931036
351,3.246413793103448,2.0,-13.0,-15.0,13.325358344827588,-22.558901774344218,942.3448275862067
352,3.662620689655173,2.0,-13.0,-15.0,12.99021351724138,-22.446646144755412,942.5172413793103
353,4.078827586206897,2.0,-13.0,-15.0,12.655068689655174,-22.331930785939832,942.6896551724138
354,4.495034482758621,2.0,-13.0,-15.0,12.319923862068968,-22.214634466723012,942.8620689655172
355,4.736545454545455,1.9863636363636363,-13.013636363636364,-15.0,12.095986181818184,-22.15212314389548,945.9681818181818
356,4.279272727272727,1.918181818181818,-13.081818181818182,-15.0,12.316877090909092,-22.317911084603196,960.8090909090909
357,3.822,1.85,-13.15,-15.0,12.537768,-22.482774344115604,975.65
358,3.364727272727273,1.7818181818181813,-13.21818181818182,-15.0,12.75865890909091,-22.64674525694678,990.4909090909092
359,2.907454545454545,1.713636363636363,-13.286363636363635,-15.0,12.979549818181818,-22.8098545418473,1005.331818181818
360,2.606086956521739,1.7521739130434777,-13.247826086956522,-15.0,13.530816695652174,-22.94509824781958,1008.3333333333331
361,2.343695652173913,1.8173913043478256,-13.182608695652174,-15.0,14.16467756521739,-23.06556818759035,1008.375
362,2.081304347826087,1.8826086956521737,-13.117391304347828,-15.0,14.798538434782609,-23.177872843470233,1008.4166666666666
363,1.8189130434782608,1.9478260869565216,-13.05217391304348,-15.0,15.432399304347824,-23.282629710659222,1008.4583333333331
364,1.5196666666666667,2.111111111111111,-13.0,-15.11111111111111,15.831496888888887,-23.330494658177486,1008.5
365,1.073,2.6666666666666665,-13.0,-15.666666666666666,15.291541333333331,-23.173408091737908,1008.5416666666666
366,0.9658,2.8,-13.2,-16.0,15.161952,-23.39452753018486,1008.5833333333331
367,1.3678,2.3,-13.7,-16.0,15.647912,-24.18828568879438,1008.625
368,1.609,1.9666666666666663,-13.988888888888887,-15.955555555555556,15.831496888888887,-24.618277966964836,1008.6666666666666
369,1.609,1.883333333333333,-13.961111111111112,-15.844444444444443,15.56151911111111,-24.502335209370475,1008.7083333333331
370,1.609,1.7999999999999996,-13.933333333333334,-15.733333333333333,15.291541333333331,-24.385326065321525,1008.75
371,1.609,1.716666666666666,-13.905555555555557,-15.622222222222222,15.021563555555556,-24.26721454233931,1008.7916666666666
372,1.5018,1.7799999999999996,-13.926666666666668,-15.706666666666669,14.190032,-24.033736813878413,1003.5836734693876
373,1.3678,1.88,-13.96,-15.84,13.218112,-23.754808229428996,997.0632653061224
374,1.2338,1.98,-13.993333333333334,-15.973333333333333,12.246192,-23.454821402458393,990.5428571428572
375,1.4367142857142858,2.0,-14.0,-16.0,12.607190857142855,-23.593229489974632,984.0224489795918
376,1.6686296296296297,2.0,-14.0,-16.0,13.023728,-23.7392975624647,977.5020408163264
377,1.817703703703704,2.0,-14.0,-16.0,13.023728,-23.7392975624647,970.9816326530612
378,1.9667777777777773,2.0,-14.0,-16.0,13.023728,-23.7392975624647,964.461224489796
379,2.115851851851852,2.0,-14.0,-16.0,13.023728,-23.7392975624647,957.9408163265306
380,2.264925925925926,2.0,-14.0,-16.0,13.023728,-23.7392975624647,951.4204081632652
381,2.414,2.0,-14.0,-16.0,13.023728,-23.7392975624647,944.9
382,2.2312727272727275,2.090909090909092,-13.954545454545457,-16.045454545454547,13.465509818181818,-23.831588876036207,974.5818181818182
383,2.0485454545454544,2.181818181818183,-13.90909090909091,-16.090909090909093,13.907291636363638,-23.919470610934937,1004.2636363636364
384,1.9045333333333327,2.1466666666666674,-13.926666666666668,-16.073333333333334,13.995648,-23.970912337146693,999.4333333333334
385,1.7702,2.0800000000000005,-13.96,-16.04,13.995648,-24.01387764727751,985.975
386,1.6358666666666666,2.0133333333333336,-13.993333333333334,-16.006666666666668,13.995648,-24.05684295740832,972.5166666666668
387,1.9667777777777773,2.0,-14.0,-16.0,13.995648,-24.065436019434486,959.0583333333334
388,2.414,2.0,-14.0,-16.0,13.995648,-24.065436019434486,945.6
389,2.7015,2.357142857142857,-14.0,-16.357142857142858,13.648533714285715,-23.95120687892831,945.7071428571428
390,2.989,2.7142857142857144,-14.0,-16.714285714285715,13.301419428571428,-23.83451080681644,945.8142857142856
391,3.1519166666666667,3.0,-13.916666666666666,-16.916666666666668,13.185714666666668,-23.688158182238574,945.9
392,2.8165,3.0,-13.5,-16.5,13.995648,-23.420956367472257,945.9
393,2.4810833333333333,3.0,-13.083333333333334,-16.083333333333332,14.805581333333333,-23.13591072156876,945.9
394,2.5748,2.9199999999999995,-13.36,-16.28,14.5788,-23.424358385562627,971.94
395,2.7758,2.819999999999999,-13.81,-16.63,14.09284,-23.851950706783,1004.49
396,2.586095238095238,2.8380952380952373,-13.72857142857143,-16.566666666666666,13.995648,-23.715575636940706,1006.551724137931
397,2.298714285714285,2.885714285714285,-13.514285714285714,-16.4,13.995648,-23.439370071814032,1000.9913793103448
398,2.011333333333333,2.933333333333333,-13.3,-16.233333333333334,13.995648,-23.163164506687366,995.4310344827586
399,1.723952380952381,2.980952380952381,-13.085714285714284,-16.066666666666666,13.995648,-22.886958941560692,989.8706896551724
400,1.6416756756756756,3.081081081081081,-13.0,-16.08108108108108,14.074452324324325,-22.801477994429135,984.3103448275862
401,1.696135135135135,3.216216216216216,-13.0,-16.216216216216218,14.205792864864865,-22.842886692242995,978.75
402,1.7505945945945949,3.351351351351352,-13.0,-16.35135135135135,14.337133405405408,-22.883975037938704,973.1896551724138
403,1.805054054054054,3.4864864864864864,-13.0,-16.486486486486488,14.468473945945949,-22.924748410796145,967.6293103448276
404,1.8595135135135128,3.6216216216216215,-13.0,-16.62162162162162,14.599814486486489,-22.965212051936163,962.0689655172414
405,1.913972972972973,3.756756756756757,-13.0,-16.756756756756758,14.731155027027029,-23.0053710690755,956.5086206896552
406,1.9684324324324325,3.891891891891892,-13.0,-16.89189189189189,14.862495567567567,-23.04523044107721,950.948275862069
407,1.8105,3.9499999999999993,-13.15,-17.1,13.995648,-22.969820611098697,979.1
408,1.6938421052631578,3.9210526315789465,-13.23684210526316,-17.157894736842106,12.368960842105263,-22.53414828463115,997.9736842105264
409,1.7998947368421052,3.947368421052631,-13.157894736842106,-17.105263157894736,11.550501894736842,-22.135187125575516,980.8157894736844
410,1.9059473684210528,3.973684210526316,-13.078947368421051,-17.05263157894737,10.732042947368422,-21.719073457987207,963.657894736842
411,2.012,4.0,-13.0,-17.0,9.913584,-21.283262009235344,946.5
412,2.26325,4.0,-13.0,-17.0,14.408714,-22.906235241024802,946.3125
413,2.736,4.0,-13.0,-17.0,15.4729664,-23.226701737544374,946.32
414,3.1342631578947366,4.0,-13.0,-17.0,12.696344421052633,-22.346195710316202,946.5
415,2.922421052631579,4.0,-13.0,-17.0,11.877885473684213,-22.05575723380091,946.5
416,2.710578947368421,4.0,-13.0,-17.0,11.05942652631579,-21.747991741023924,946.5
417,2.498736842105264,4.0,-13.0,-17.0,10.24096757894737,-21.42046045790153,946.5
418,2.28,3.766666666666667,-12.933333333333334,-16.7,10.302352,-21.36197198187585,968.2
419,2.056666666666666,3.377777777777778,-12.822222222222225,-16.200000000000003,10.950298666666669,-21.48094219697859,1004.3666666666668
420,1.8654545454545453,3.554545454545455,-12.872727272727271,-16.42727272727273,12.847015272727273,-22.235045850465294,1000.8
421,1.6822727272727274,3.872727272727273,-12.963636363636365,-16.836363636363636,15.055924363636365,-23.05624052881454,987.3
422,1.702,4.0,-13.0,-17.0,15.49090953846154,-23.231943969126224,973.8
423,1.857,4.0,-13.0,-17.0,14.74327876923077,-23.009062873963806,960.3
424,2.012,4.0,-13.0,-17.0,13.995648,-22.77647671551003,946.8
425,2.123666666666667,3.9166666666666665,-13.041666666666666,-16.958333333333332,13.725670222222224,-22.74353801972382,955.8833333333332
426,2.235333333333333,3.833333333333333,-13.083333333333334,-16.916666666666668,13.455692444444445,-22.70898118666068,964.9666666666668
427,2.347,3.75,-13.125,-16.875,13.185714666666668,-22.672748028884993,974.05
428,2.458666666666667,3.666666666666666,-13.166666666666668,-16.833333333333332,12.91573688888889,-22.63477698138525,983.1333333333332
429,2.570333333333333,3.583333333333332,-13.208333333333334,-16.791666666666668,12.645759111111111,-22.59500282939962,992.2166666666668
430,2.682,3.4999999999999987,-13.25,-16.75,12.375781333333334,-22.55335640794133,1001.3
431,2.7936666666666667,3.416666666666665,-13.291666666666668,-16.708333333333332,12.105803555555555,-22.509764269391,1010.3833333333332
432,2.64951724137931,3.3448275862068955,-13.258620689655173,-16.603448275862068,12.185865931034485,-22.496533535918118,1006.9183673469388
433,2.441413793103448,3.2758620689655165,-13.20689655172414,-16.482758620689655,12.353438344827588,-22.49043473071687,1000.3163265306124
434,2.233310344827586,3.206896551724137,-13.155172413793103,-16.362068965517242,12.52101075862069,-22.483511301177163,993.7142857142858
435,2.0252068965517243,3.137931034482758,-13.10344827586207,-16.241379310344826,12.688583172413791,-22.475782313812537,987.1122448979592
436,1.817103448275862,3.068965517241379,-13.051724137931034,-16.120689655172413,12.856155586206896,-22.467266136355846,980.5102040816328
437,1.609,3.0,-13.0,-16.0,13.023728,-22.457980472250338,973.908163265306
438,1.70975,3.25,-13.0,-16.25,13.266708,-22.539429549022245,967.3061224489796
439,1.8105,3.5,-13.0,-16.5,13.509688,-22.619635054802142,960.704081632653
440,1.91125,3.75,-13.0,-16.75,13.752668,-22.698637838825995,954.1020408163264
441,2.012,4.0,-13.0,-17.0,13.995648,-22.77647671551003,947.5
442,1.609,3.1,-13.075,-16.175,12.537768000000002,-22.38697574172636,977.2727272727273
443,1.609,3.3499999999999988,-13.2625,-16.6125,13.752668000000002,-23.03649937999591,1007.0454545454544
444,1.9224444444444444,4.0,-13.0,-17.0,15.658711111111112,-23.28072322573219,950.1
445,1.6985555555555556,4.0,-13.0,-17.0,17.38656888888889,-23.759021156750755,955.85
446,1.5380588235294117,4.0,-13.0,-17.0,17.357347764705885,-23.751271275416702,961.6
447,1.4198235294117647,4.0,-13.0,-17.0,16.156740705882353,-23.422957018680748,967.35
448,1.3015882352941175,4.0,-13.0,-17.0,14.956133647058824,-23.073467546706265,973.1
449,1.207,3.933333333333333,-13.0,-16.933333333333334,13.593921066666669,-22.647156873679933,978.85
450,1.207,3.6,-13.0,-16.6,11.5852864,-21.947837286662352,984.6
451,1.207,3.2666666666666666,-13.0,-16.266666666666666,9.576651733333334,-21.138028808653708,990.35
452,1.1668,3.0,-13.1,-16.1,8.572334399999999,-20.80193588895278,996.1
453,0.9658,3.0,-13.6,-16.6,11.5852864,-22.70928310895634,1001.85
454,0.805,2.971428571428571,-13.985714285714286,-16.957142857142856,13.579110857142858,-23.90970100602003,1007.6
455,0.805,2.828571428571428,-13.914285714285716,-16.742857142857144,11.496425142857143,-23.07417864842432,1013.35
456,0.8318000000000001,2.799999999999999,-13.973333333333334,-16.773333333333333,11.079888,-22.986667611799945,1014.5866666666668
457,0.8653000000000001,2.7999999999999994,-14.065,-16.865,11.079888,-23.102577478350156,1014.695
458,0.8988,2.7999999999999994,-14.156666666666666,-16.956666666666667,11.079888,-23.218487344900375,1014.8033333333332
459,0.9323,2.7999999999999994,-14.248333333333331,-17.048333333333332,11.079888,-23.33439721145059,1014.9116666666666
460,0.9658,2.8,-14.34,-17.14,11.079888,-23.450307078000808,1015.02
461,0.9993,2.8,-14.431666666666668,-17.231666666666666,11.079888,-23.566216944551027,1015.1283333333332
462,1.0328,2.8,-14.523333333333332,-17.323333333333334,11.079888,-23.682126811101238,1015.2366666666668
463,1.0663,2.8000000000000003,-14.615,-17.415,11.079888,-23.798036677651456,1015.345
464,1.0998,2.8000000000000003,-14.706666666666669,-17.506666666666668,11.079888,-23.91394654420167,1015.4533333333331
465,1.1333,2.8000000000000003,-14.798333333333334,-17.598333333333333,11.079888,-24.029856410751886,1015.5616666666666
466,1.1668,2.8000000000000007,-14.89,-17.69,11.079888,-24.145766277302105,1015.67
467,1.2003,2.8000000000000007,-14.981666666666667,-17.781666666666666,11.079888,-24.26167614385232,1015.7783333333332
468,1.5286,2.96,-15.0,-17.96,11.079888,-24.284858117162365,1015.8466666666666
469,1.408,2.5,-15.5,-18.0,12.051808,-25.301801137971992,1015.905
470,1.14,2.0,-16.0,-18.0,12.699754666666667,-26.183361818185734,1015.9633333333333
471,0.805,2.0,-16.0,-18.0,11.079888,-25.549329388619263,1016.0216666666666
472,1.092142857142857,2.0,-16.0,-18.0,15.384105142857145,-27.098077364476833,1016.08
473,1.3792857142857142,2.0,-16.0,-18.0,15.772873142857144,-27.219205766582775,1016.1383333333332
474,1.55875,2.0,-16.0,-18.0,13.995648,-26.643354627283408,1016.1966666666666
475,1.3075,2.0,-16.0,-18.0,13.995648,-26.643354627283408,1016.255
476,0.9055,2.0,-16.0,-18.0,13.995648,-26.643354627283408,1016.3133333333332
477,1.341,2.0,-16.0,-18.0,15.291541333333331,-27.06885872111382,1016.3716666666668
478,1.609,2.0,-16.0,-18.0,16.439332571428572,-27.42113954033471,1016.43
479,1.609,2.1,-16.05,-18.15,16.52264,-27.511241539293025,1016.4883333333332
480,2.3245555555555555,2.555555555555556,-16.055555555555557,-18.61111111111111,15.507523555555554,-27.209029165637197,987.3888888888888
481,3.219,3.0,-16.0,-19.0,14.967568,-26.96540944206067,951.0
482,2.8245744680851064,2.982978723404256,-16.014893617021276,-18.99787234042553,14.884851404255318,-26.957991392672742,952.427659574468
483,2.867446808510638,2.897872340425532,-16.08936170212766,-18.98723404255319,14.471268425531916,-26.91872922999374,959.5659574468084
484,2.91031914893617,2.812765957446808,-16.163829787234043,-18.97659574468085,14.057685446808511,-26.875711177795473,966.704255319149
485,2.953191489361702,2.7276595744680847,-16.238297872340425,-18.96595744680851,13.644102468085109,-26.828739319406093,973.8425531914894
486,2.996063829787234,2.642553191489361,-16.312765957446807,-18.95531914893617,13.230519489361702,-26.777598680995993,980.9808510638298
487,3.0389361702127657,2.5574468085106377,-16.387234042553192,-18.94468085106383,12.816936510638298,-26.722055167956384,988.1191489361702
488,3.081808510638297,2.4723404255319146,-16.461702127659574,-18.93404255319149,12.403353531914894,-26.66185317549069,995.2574468085106
489,3.1246808510638298,2.387234042553191,-16.536170212765956,-18.92340425531915,11.989770553191487,-26.596712809178058,1002.3957446808512
490,3.167553191489361,2.3021276595744675,-16.610638297872338,-18.91276595744681,11.576187574468085,-26.526326635899622,1009.5340425531916
491,3.2104255319148933,2.217021276595744,-16.685106382978724,-18.902127659574468,11.162604595744682,-26.45035586578109,1016.672340425532
492,2.6155,2.1,-16.85,-18.95,12.537768,-27.208838728651564,985.05
493,1.8105,2.0,-17.0,-19.0,13.995648,-27.93231393120786,952.0272727272728
494,1.77,2.0,-17.0,-19.0,13.801264000000002,-27.864166856295903,952.1636363636364
495,1.97125,2.0,-17.0,-19.0,13.558284,-27.77783994592648,952.3
496,2.1725000000000003,2.0,-17.0,-19.0,13.315304,-27.69020355958824,952.4363636363636
497,2.37375,2.0,-17.0,-19.0,13.072324,-27.601213385846627,952.5727272727272
498,2.0691428571428574,2.0,-17.0,-19.0,12.135115428571428,-27.24439667005977,961.4133333333334
499,1.6380714285714286,2.0,-17.0,-19.0,11.024349714285714,-26.790197396379618,972.43
500,1.207,2.0,-17.0,-19.0,9.913584,-26.295782421147788,983.4466666666668
501,1.4941428571428572,2.0,-17.0,-19.0,9.913584,-26.295782421147788,994.4633333333334
502,1.4367142857142858,2.0,-17.0,-19.0,11.246502857142858,-26.88401902838666,1005.48
503,1.207,2.1,-17.1,-19.2,13.995648,-28.06120986160031,1016.4966666666668
504,1.3306923076923078,2.138461538461538,-17.138461538461538,-19.27692307692308,14.668515692307691,-28.34139578887089,1018.7266666666668
505,1.4853076923076922,2.0615384615384613,-17.06153846153846,-19.123076923076923,14.294700307692308,-28.115078801179042,1018.76
506,1.5515714285714286,2.0,-17.0,-19.0,13.995648,-27.93231393120786,1018.7933333333334
507,1.2644285714285717,2.0,-17.0,-19.0,13.995648,-27.93231393120786,1018.8266666666668
508,1.207,2.02,-17.02,-19.04,13.801264000000002,-27.88991620298265,1018.86
509,1.207,2.045,-17.044999999999998,-19.09,13.558284,-27.83569092653084,1018.8933333333332
510,1.207,2.07,-17.07,-19.14,13.315304,-27.780059667911942,1018.9266666666668
511,1.207,2.095,-17.095,-19.19,13.072324000000002,-27.72297587336554,1018.96
512,1.207,2.12,-17.12,-19.24,12.829344,-27.664390528103688,1018.9933333333332
513,1.207,2.145,-17.145,-19.29,12.586364,-27.60425197642821,1019.0266666666666
514,1.207,2.1699999999999995,-17.169999999999998,-19.34,12.343384,-27.542505724930948,1019.06
515,1.207,2.1949999999999994,-17.195,-19.39,12.100404,-27.4790942268177,1019.0933333333334
516,1.3678,1.7199999999999995,-17.52,-19.24,12.829344,-28.176283103626943,1019.14
517,1.5688,1.12,-17.92,-19.04,13.801264000000002,-29.048636803886506,1019.19
518,1.5196666666666667,1.0,-18.0,-19.0,13.563683555555556,-29.065392042763893,1019.24
519,1.408,1.0,-18.0,-19.0,13.023728000000002,-28.864565923322154,1019.29
520,1.2963333333333331,1.0,-18.0,-19.0,12.483772444444446,-28.656619699575494,1019.34
521,1.228157894736842,1.0526315789473684,-18.0,-19.05263157894737,12.102961684210529,-28.50537113425149,1019.39
522,1.3339473684210523,1.3157894736842106,-18.0,-19.31578947368421,12.35873010526316,-28.607388574880137,1019.44
523,1.4397368421052632,1.5789473684210529,-18.0,-19.57894736842105,12.61449852631579,-28.707647683063442,1019.49
524,1.5455263157894736,1.8421052631578947,-18.0,-19.84210526315789,12.87026694736842,-28.80621351102524,1019.54
525,1.5196666666666667,2.0,-18.0,-20.0,12.591763555555556,-28.698805259449088,1019.59
526,1.2963333333333331,2.0,-18.0,-20.0,11.511852444444443,-28.262482732029362,1019.64
527,1.207,2.1499999999999995,-17.85,-20.0,9.47622,-27.14955307728111,1019.69
528,1.4367142857142858,2.0857142857142854,-17.914285714285715,-20.0,11.274272,-28.053363139814756,1014.8927272727274
529,1.55875,2.0,-18.0,-20.0,12.63496,-28.71559442603679,1008.8836363636364
530,1.433125,2.0,-18.0,-20.0,11.66304,-28.325585707456582,1002.8745454545456
531,1.3075,2.0,-18.0,-20.0,10.69112,-27.907249869035297,996.8654545454546
532,1.2405000000000002,2.0,-18.0,-20.0,10.091769333333334,-27.63306403563505,990.8563636363637
533,1.408,2.0,-18.0,-20.0,10.982696,-28.03599482504403,984.8472727272728
534,1.5755,2.0,-18.0,-20.0,11.873622666666668,-28.41234376037768,978.838181818182
535,1.6896,2.0,-18.0,-20.0,12.051808,-28.484750647871067,972.829090909091
536,1.79035,2.0,-18.0,-20.0,12.051808,-28.484750647871067,966.82
537,1.8911,2.0,-18.0,-20.0,12.051808,-28.484750647871067,960.8109090909091
538,1.99185,2.0,-18.0,-20.0,12.051808,-28.484750647871067,954.8018181818182
539,2.012,2.2400000000000007,-18.24,-20.48,11.274272,-28.465803070691955,1006.56
540,1.9352380952380952,2.433333333333334,-18.242857142857144,-20.67619047619048,11.079888,-28.38535781174403,1019.8133333333332
541,1.8392857142857144,2.6000000000000005,-18.17142857142857,-20.77142857142857,11.079888,-28.29503843521139,1019.83
542,1.7433333333333334,2.766666666666667,-18.1,-20.866666666666667,11.079888,-28.204719058678755,1019.8466666666666
543,1.6473809523809524,2.9333333333333336,-18.02857142857143,-20.96190476190476,11.079888,-28.11439968214612,1019.8633333333332
544,1.5085,3.0,-18.0,-21.0,11.565848,-28.285098993758986,1019.88
545,1.3410000000000002,3.0,-18.0,-21.0,12.375781333333334,-28.614126479138584,1019.8966666666666
546,1.237923076923077,3.0,-18.0,-21.0,12.784486153846156,-28.773340896521198,1019.9133333333332
547,1.3925384615384615,3.0,-18.0,-21.0,11.588276923076924,-28.294467376290555,1019.93
548,1.5471538461538463,3.0,-18.0,-21.0,10.392067692307691,-27.772102648160768,1019.9466666666666
549,1.4884,3.0,-18.0,-21.0,10.5550512,-27.84615689084947,1019.9633333333334
550,1.2874,3.0,-18.0,-21.0,11.624163200000002,-28.30942515570205,1019.98
551,1.207,2.4750000000000005,-18.225,-20.700000000000003,14.967568,-29.849383228467122,1019.9966666666668
552,1.207,2.393333333333334,-18.26,-20.653333333333336,15.0064448,-29.90789473698625,1020.0333333333332
553,1.207,2.5100000000000007,-18.21,-20.72,13.8401408,-29.43605871817086,1020.075
554,1.207,2.626666666666667,-18.16,-20.78666666666667,12.6738368,-28.935215233891665,1020.1166666666668
555,1.207,2.7433333333333336,-18.11,-20.85333333333333,11.5075328,-28.400191276260557,1020.1583333333332
556,1.207,2.8600000000000003,-18.06,-20.92,10.3412288,-27.824248300390977,1020.2
557,1.207,2.9766666666666666,-18.01,-20.986666666666668,9.1749248,-27.19836559212709,1020.2416666666668
558,1.2644285714285717,3.0,-18.0,-21.0,9.247124571428571,-27.222454505630633,1020.2833333333332
559,1.3362142857142858,3.0,-18.0,-21.0,9.628950285714286,-27.411814860118977,1020.325
560,1.408,3.0,-18.0,-21.0,10.010776,-27.594969373277443,1020.3666666666668
561,1.4797857142857145,3.0,-18.0,-21.0,10.392601714285714,-27.772346878060468,1020.4083333333332
562,1.5515714285714286,3.0,-18.0,-21.0,10.774427428571428,-27.944332119470474,1020.45
563,1.609,2.6500000000000004,-18.15,-20.8,11.565848,-28.47543435403638,1020.4916666666668
564,1.5515714285714286,2.400000000000001,-18.257142857142856,-20.65714285714286,12.32949942857143,-28.92382067713687,1020.5533333333332
565,1.4797857142857145,2.5250000000000004,-18.20357142857143,-20.728571428571428,12.676613714285716,-28.991998617687365,1020.62
566,1.408,2.6500000000000004,-18.15,-20.8,13.023728000000002,-29.056763486854308,1020.6866666666666
567,1.3362142857142858,2.7750000000000004,-18.09642857142857,-20.871428571428574,13.370842285714287,-29.118276180144115,1020.7533333333332
568,1.2644285714285717,2.9000000000000004,-18.042857142857144,-20.942857142857143,13.717956571428571,-29.176685956162018,1020.82
569,1.207,2.875,-18.125,-21.0,13.752668000000002,-29.294982214048197,1020.8866666666668
570,1.207,2.25,-18.75,-21.0,12.537768000000002,-29.635736655845708,1020.9533333333331
571,1.207,2.0,-19.0,-21.0,12.20526905263158,-29.82089389305172,1021.02
572,1.207,2.0,-19.0,-21.0,12.461037473684213,-29.92437036328244,1021.0866666666666
573,1.207,2.0,-19.0,-21.0,12.716805894736842,-30.02607787352342,1021.1533333333332
574,1.207,2.0,-19.0,-21.0,12.972574315789474,-30.12608134696174,1021.22
575,1.207,2.1600000000000024,-18.92,-21.08,10.5356128,-28.995940797990755,1021.2866666666666
576,1.408,2.1000000000000014,-18.95,-21.05,10.982696,-29.236382062344695,1009.2818181818182
577,1.6377857142857142,2.0,-19.0,-21.0,12.051808,-29.757930451830696,994.2590909090908
578,1.7817142857142856,2.0,-19.0,-21.0,12.051808,-29.757930451830696,979.2363636363636
579,1.925642857142857,2.0,-19.0,-21.0,12.051808,-29.757930451830696,964.2136363636364
580,1.9696315789473684,2.0157894736842104,-19.021052631578947,-21.03684210526316,12.154115368421056,-29.826802693274246,958.721052631579
581,1.8637105263157896,2.055263157894737,-19.07368421052632,-21.12894736842105,12.409883789473684,-29.99785745260939,967.5236842105264
582,1.7577894736842106,2.0947368421052635,-19.126315789473683,-21.221052631578942,12.665652210526318,-30.16735435064146,976.3263157894736
583,1.6518684210526318,2.1342105263157896,-19.178947368421053,-21.313157894736843,12.921420631578949,-30.335353409455237,985.1289473684212
584,1.5459473684210527,2.173684210526316,-19.23157894736842,-21.405263157894737,13.17718905263158,-30.501911261125876,993.9315789473684
585,1.4400263157894737,2.2131578947368427,-19.28421052631579,-21.49736842105263,13.432957473684212,-30.66708139992246,1002.7342105263158
586,1.334105263157895,2.252631578947369,-19.336842105263155,-21.589473684210525,13.688725894736844,-30.83091441136702,1011.5368421052632
587,1.228184210526316,2.292105263157896,-19.389473684210525,-21.681578947368426,13.944494315789475,-30.993458180661342,1020.3394736842106
588,1.4367142857142858,2.7,-19.17142857142857,-21.87142857142857,12.32949942857143,-30.09004639908416,1014.9432432432432
589,1.6358666666666666,3.0,-19.0,-22.0,11.209477333333334,-29.399828082083395,1005.9972972972972
590,1.7030333333333334,3.0,-19.0,-22.0,11.533450666666669,-29.540151815211715,997.0513513513514
591,1.7702,3.0,-19.0,-22.0,11.857424,-29.677202691826544,988.1054054054056
592,1.8373666666666664,3.0,-19.0,-22.0,12.181397333333331,-29.811143415707797,979.1594594594594
593,1.9045333333333327,3.0,-19.0,-22.0,12.505370666666668,-29.942124533819637,970.2135135135136
594,1.9717,3.0,-19.0,-22.0,12.829344,-30.070285633062973,961.2675675675677
595,1.9769565217391305,2.9391304347826086,-19.034782608695654,-21.973913043478262,13.108242782608697,-30.223047447936317,961.7260869565216
596,1.8893478260869565,2.7869565217391306,-19.121739130434783,-21.90869565217391,13.319529739130434,-30.415399308979296,976.291304347826
597,1.8017391304347825,2.6347826086956525,-19.208695652173912,-21.843478260869563,13.530816695652174,-30.60697293750639,990.8565217391304
598,1.7141304347826087,2.4826086956521745,-19.29565217391304,-21.778260869565216,13.742103652173911,-30.79779316249448,1005.4217391304348
599,1.6265217391304347,2.3304347826086964,-19.382608695652173,-21.713043478260868,13.953390608695653,-30.987883702077323,1019.9869565217392
600,1.609,2.421739130434783,-19.33043478260869,-21.75217391304348,13.488559304347827,-30.74750601007239,1015.9421052631578
601,1.609,2.573913043478261,-19.24347826086957,-21.817391304347822,12.854698434782607,-30.391837920526307,1007.2447368421052
602,1.609,2.72608695652174,-19.15652173913044,-21.882608695652173,12.220837565217392,-30.026752150009457,998.5473684210526
603,1.609,2.878260869565217,-19.069565217391304,-21.94782608695652,11.586976695652174,-29.65130080948859,989.85
604,1.6358666666666666,3.0,-19.0,-22.0,11.079888,-29.342743202989965,981.1526315789472
605,1.7702,3.0,-19.0,-22.0,11.079888,-29.342743202989965,972.4552631578948
606,1.9045333333333327,3.0,-19.0,-22.0,11.079888,-29.342743202989965,963.757894736842
607,1.91125,3.0,-19.0,-22.0,11.565848,-29.55400139560831,959.85
608,1.5286,2.8,-19.2,-22.0,13.218112,-30.47711507018603,975.1
609,1.3276,2.3,-19.7,-22.0,13.704072,-31.30392022929601,990.35
610,1.207,2.05,-20.0,-22.05,13.752668,-31.70827893669047,1005.6
611,1.207,2.1749999999999994,-20.0,-22.175,13.145218,-31.47494948135045,1020.85
612,1.262448275862069,2.1724137931034475,-20.0,-22.17241379310345,12.889670068965518,-31.37407494454748,1023.96
613,1.3317586206896552,2.137931034482758,-20.0,-22.13793103448276,12.722097655172414,-31.30701189553158,1024.035
614,1.4010689655172417,2.1034482758620685,-20.0,-22.103448275862068,12.554525241379311,-31.23920269142473,1024.11
615,1.4703793103448275,2.068965517241379,-20.0,-22.06896551724138,12.386952827586208,-31.17062890279795,1024.185
616,1.5396896551724135,2.034482758620689,-20.0,-22.03448275862069,12.219380413793104,-31.101271388071133,1024.26
617,1.609,2.0,-20.0,-22.0,12.051808,-31.03111025579033,1024.335
618,1.5345555555555557,2.0,-20.0,-22.0,11.871822814814816,-30.954833266962574,1024.41
619,1.4601111111111111,2.0,-20.0,-22.0,11.69183762962963,-30.87757862621062,1024.485
620,1.3856666666666666,2.0,-20.0,-22.0,11.511852444444443,-30.79931845940275,1024.56
621,1.3112222222222225,2.0,-20.0,-22.0,11.33186725925926,-30.72002364642593,1024.635
622,1.2367777777777778,2.0,-20.0,-22.0,11.151882074074075,-30.639663744672692,1024.71
623,1.207,2.1499999999999995,-20.0,-22.15,11.079888,-30.607214474446867,1024.785
624,1.408,2.1,-20.0,-22.1,13.509688,-31.61600663001491,1019.6470588235294
625,1.5515714285714286,2.0,-20.0,-22.0,15.245259428571428,-32.246814801622335,1013.2058823529412
626,1.2644285714285717,2.0,-20.0,-22.0,11.774116571428571,-30.913018092674104,1006.7647058823528
627,1.3678,2.0,-20.0,-22.0,11.079888,-30.607214474446867,1000.3235294117646
628,1.5688,2.0,-20.0,-22.0,11.079888,-30.607214474446867,993.8823529411764
629,1.671,2.1538461538461537,-19.846153846153847,-22.0,11.079888,-30.412680432684265,987.4411764705884
630,1.7485,2.3461538461538463,-19.65384615384616,-22.0,11.079888,-30.169512880481026,981.0
631,1.826,2.5384615384615383,-19.46153846153846,-22.0,11.079888,-29.926345328277765,974.5588235294118
632,1.9035,2.730769230769231,-19.26923076923077,-22.0,11.079888,-29.683177776074515,968.1176470588236
633,1.981,2.923076923076923,-19.07692307692308,-22.0,11.079888,-29.44001022387127,961.6764705882354
634,2.012,2.9333333333333336,-19.133333333333333,-22.066666666666663,11.403861333333332,-29.653417018996752,981.4333333333332
635,2.012,2.822222222222223,-19.355555555555554,-22.177777777777777,11.94381688888889,-30.16557059665636,1018.6555555555556
636,1.91125,2.6000000000000005,-19.55,-22.15,11.808828000000002,-30.35592993781766,1015.428
637,1.7853125,2.3500000000000005,-19.7375,-22.0875,11.505103,-30.463420006803318,1002.088
638,1.659375,2.1,-19.925,-22.025,11.201378,-30.5669511328459,988.748
639,1.7433333333333334,2.0,-20.0,-22.0,12.051808,-31.03111025579033,975.408
640,1.9672222222222224,2.0,-20.0,-22.0,13.671674666666668,-31.677674737207937,962.068
641,1.7433333333333334,2.0,-20.0,-22.0,15.291541333333331,-32.262792893615035,967.1714285714286
642,1.3678,2.0,-20.0,-22.0,15.356336,-32.285094113985124,976.8857142857142
643,1.207,2.0,-20.0,-22.0,14.675992,-32.04687509530144,986.6
644,1.207,2.0,-20.0,-22.0,14.190032,-31.870972443508208,996.3142857142858
645,1.207,2.0428571428571427,-20.0,-22.042857142857144,13.579110857142858,-31.64251146076072,1006.0285714285716
646,1.207,2.114285714285714,-20.0,-22.11428571428572,12.884882285714289,-31.372169048802427,1015.7428571428572
647,1.207,2.185714285714285,-20.0,-22.185714285714287,12.190653714285716,-31.08930140193221,1025.457142857143
648,1.207,2.657142857142857,-19.428571428571427,-22.085714285714285,12.607190857142855,-30.53037031013426,1027.486666666667
649,1.1451538461538462,3.0,-19.0,-22.0,12.724675692307692,-30.029179989821927,1027.595
650,0.9905384615384616,3.0,-19.0,-22.0,11.977044923076924,-29.727011652880122,1027.7033333333334
651,0.835923076923077,3.0,-19.0,-22.0,11.229414153846154,-29.408561111662426,1027.8116666666667
652,0.9658,3.0,-19.0,-22.0,12.63496,-29.993719902338924,1027.92
653,1.1668,3.0,-19.0,-22.0,14.5788,-30.718757043246697,1028.0283333333334
654,1.0670000000000002,3.0,-19.0,-22.0,13.919584695652174,-30.482498093698062,1028.1366666666668
655,0.8920000000000001,3.0,-19.0,-22.0,12.609605565217391,-29.983660246391093,1028.245
656,0.7170000000000001,3.0,-19.0,-22.0,11.299626434782608,-29.439213224882096,1028.3533333333337
657,0.542,3.0,-19.0,-22.0,9.989647304347828,-28.8388920868289,1028.4616666666668
658,0.4595714285714286,2.885714285714286,-18.985714285714284,-21.87142857142857,9.385970285714285,-28.521863914964385,1028.5700000000002
659,0.7474285714285714,2.3142857142857167,-18.914285714285715,-21.22857142857143,11.607501714285714,-29.4629652045623,1028.6783333333333
660,0.805,2.466666666666669,-18.933333333333334,-21.4,11.339066666666668,-29.371904316153405,1028.8066666666666
661,0.805,2.8000000000000007,-18.975,-21.775,10.44814,-29.02468789772491,1028.94
662,0.8854000000000001,2.8,-19.0,-21.8,10.7299968,-29.185763644849807,1029.0733333333333
663,1.0864,2.3,-19.0,-21.3,12.7710288,-30.047418822968886,1029.2066666666667
664,1.006,2.5,-18.5,-21.0,13.509688,-29.688212721040742,1029.34
665,1.006,3.0,-18.0,-21.0,16.03668,-29.907293096471236,1029.4733333333334
666,0.8780909090909091,3.0,-18.0,-21.0,15.144280727272728,-29.616939223122195,1029.6066666666666
667,0.9694545454545456,3.0,-18.0,-21.0,15.365171636363636,-29.69012096164336,1029.74
668,1.060818181818182,3.0,-18.0,-21.0,15.586062545454546,-29.762424236221296,1029.8733333333332
669,1.1521818181818182,3.0,-18.0,-21.0,15.806953454545454,-29.833871820354254,1030.006666666667
670,1.207,2.95,-18.075,-21.025,16.231064,-30.066604899726343,1030.14
671,1.207,2.8250000000000006,-18.2625,-21.0875,16.960004,-30.53757843079103,1030.2733333333333
672,1.3142,2.853333333333334,-18.22,-21.07333333333333,16.535598933333333,-30.35129663603648,1023.278947368421
673,1.4482,2.9200000000000004,-18.12,-21.04,15.8228576,-29.99524681192178,1014.5026315789472
674,1.5822,2.986666666666667,-18.02,-21.006666666666668,15.110116266666669,-29.6314843371364,1005.7263157894736
675,1.408,3.5,-17.5,-21.0,13.995648,-28.576793583170094,996.95
676,1.2606666666666668,4.0,-17.0,-21.0,13.023728,-27.583248833107795,988.1736842105264
677,1.529,4.0,-17.0,-21.0,13.023728,-27.583248833107795,979.3973684210526
678,1.7973333333333334,4.0,-17.0,-21.0,13.023728,-27.583248833107795,970.621052631579
679,1.993681818181818,3.9954545454545456,-17.009090909090908,-21.00454545454545,13.156262545454544,-27.64376942315253,966.6727272727272
680,1.902090909090909,3.972727272727273,-17.054545454545455,-21.027272727272727,13.818935272727272,-27.940628173606008,982.0363636363636
681,1.8105,3.950000000000001,-17.1,-21.05,14.481608,-28.22852790771042,997.4
682,1.718909090909091,3.927272727272729,-17.145454545454545,-21.07272727272728,15.144280727272726,-28.508221032076552,1012.7636363636364
683,1.627318181818182,3.904545454545457,-17.19090909090909,-21.095454545454547,15.806953454545454,-28.780367642214003,1028.1272727272728
684,1.8968571428571428,4.0,-17.0,-21.0,16.82810057142857,-28.844713815790875,963.9375
685,1.609,4.0,-17.0,-21.0,19.049632000000003,-29.47388297203144,964.03125
686,1.8328888888888888,4.555555555555555,-16.444444444444443,-21.0,14.621996444444443,-27.427925388533158,964.125
687,2.031142857142857,4.985714285714286,-15.99047619047619,-20.976190476190474,11.149310857142858,-25.566002512496834,965.8
688,2.126857142857143,4.914285714285715,-15.942857142857145,-20.857142857142858,11.496425142857143,-25.64697334057766,973.8
689,2.2225714285714284,4.842857142857143,-15.895238095238096,-20.73809523809524,11.843539428571429,-25.724109282818212,981.8
690,2.318285714285714,4.771428571428571,-15.847619047619048,-20.61904761904762,12.190653714285714,-25.797609741158645,989.8
691,2.414,4.7,-15.8,-20.5,12.537768,-25.86765829520217,997.8
692,2.509714285714286,4.628571428571429,-15.752380952380951,-20.38095238095238,12.884882285714289,-25.93442435972215,1005.8
693,2.6054285714285714,4.557142857142858,-15.704761904761904,-20.261904761904763,13.231996571428573,-25.998064628822,1013.8
694,2.701142857142857,4.485714285714286,-15.657142857142857,-20.142857142857142,13.579110857142858,-26.058724339047725,1021.8
695,2.7968571428571427,4.414285714285715,-15.60952380952381,-20.02380952380953,13.926225142857144,-26.116538378167995,1029.8000000000002
696,3.1255384615384614,4.338461538461539,-15.66153846153846,-20.0,13.54706953846154,-26.053246182817766,1021.1076923076924
697,3.5124615384615385,4.2615384615384615,-15.738461538461538,-20.0,12.986346461538462,-25.953343528276296,1008.2423076923078
698,3.899384615384616,4.184615384615385,-15.815384615384616,-20.0,12.425623384615385,-25.845394061437077,995.3769230769232
699,4.286307692307693,4.107692307692307,-15.892307692307693,-20.0,11.864900307692308,-25.728735414768003,982.5115384615384
700,4.673230769230769,4.030769230769231,-15.96923076923077,-20.0,11.30417723076923,-25.602615220371735,969.646153846154
701,4.6770625,4.375,-15.625,-20.0,10.861206,-24.984447714658163,964.5
702,4.4255,5.0,-15.0,-20.0,10.496736,-24.04297226209857,964.5
703,4.1739375,5.625,-14.375,-20.0,10.132266,-23.101411245952285,964.5
704,4.470111111111111,5.955555555555556,-14.044444444444444,-20.0,10.043173333333334,-22.64821540437009,971.9666666666668
705,5.587888888888889,5.844444444444444,-14.155555555555557,-20.0,10.367146666666669,-22.925661185007414,990.6333333333332
706,6.705666666666667,5.733333333333333,-14.266666666666667,-20.0,10.69112,-23.200236176587183,1009.3
707,7.823444444444445,5.622222222222222,-14.377777777777778,-20.0,11.015093333333336,-23.472110590527908,1027.9666666666667
708,8.583400000000001,5.64,-14.4,-20.04,11.079888,-23.52617535428822,1031.7266666666667
709,9.2539,5.69,-14.4,-20.09,11.079888,-23.52617535428822,1031.76
710,9.9244,5.74,-14.4,-20.14,11.079888,-23.52617535428822,1031.7933333333333
711,10.5949,5.79,-14.4,-20.19,11.079888,-23.52617535428822,1031.8266666666666
712,11.2654,5.84,-14.4,-20.24,11.079888,-23.52617535428822,1031.86
713,11.9359,5.890000000000001,-14.4,-20.29,11.079888,-23.52617535428822,1031.8933333333332
714,12.6064,5.94,-14.4,-20.34,11.079888,-23.52617535428822,1031.9266666666667
715,13.2769,5.99,-14.4,-20.39,11.079888,-23.52617535428822,1031.96
716,13.9474,6.040000000000001,-14.4,-20.44,11.079888,-23.52617535428822,1031.993333333333
717,14.6179,6.090000000000001,-14.4,-20.49,11.079888,-23.52617535428822,1032.0266666666666
718,15.2884,6.140000000000001,-14.4,-20.540000000000003,11.079888,-23.52617535428822,1032.06
719,15.9589,6.190000000000001,-14.4,-20.59,11.079888,-23.52617535428822,1032.0933333333332
720,14.73125641025641,6.0769230769230775,-14.35897435897436,-20.43589743589744,11.079888,-23.474299609818196,1025.2384615384617
721,13.029076923076923,5.923076923076924,-14.307692307692308,-20.23076923076924,11.079888,-23.409454929230662,1016.6615384615384
722,11.326897435897436,5.76923076923077,-14.256410256410255,-20.025641025641026,11.079888,-23.34461024864313,1008.0846153846152
723,9.624717948717947,5.615384615384616,-14.205128205128206,-19.82051282051282,11.079888,-23.279765568055595,999.5076923076924
724,7.92253846153846,5.461538461538462,-14.153846153846152,-19.615384615384617,11.079888,-23.214920887468057,990.9307692307692
725,6.220358974358973,5.307692307692308,-14.102564102564102,-19.41025641025641,11.079888,-23.150076206880527,982.353846153846
726,4.518179487179486,5.153846153846154,-14.051282051282053,-19.205128205128204,11.079888,-23.085231526292997,973.7769230769233
727,2.816,5.0,-14.0,-19.0,11.079888,-23.02038684570546,965.2
728,3.4865555555555554,5.0,-14.0,-19.0,10.431941333333334,-22.75710206872848,965.2
729,4.138,5.0,-13.857142857142858,-18.857142857142858,10.080198857142856,-22.429111219085325,965.2
730,4.713,5.0,-13.142857142857142,-18.142857142857142,10.913273142857143,-21.871448348509567,965.2
731,7.4032,5.0,-13.24,-18.24,10.1468448,-21.68271414047728,1018.96
732,8.154266666666667,4.926666666666667,-13.373333333333337,-18.3,9.848789333333334,-21.72324598196637,1032.4666666666667
733,8.288350000000001,4.835,-13.465,-18.3,9.767796,-21.80294781175762,1032.5500000000002
734,8.422433333333334,4.743333333333333,-13.556666666666668,-18.3,9.686802666666669,-21.882250983319295,1032.6333333333334
735,8.556516666666667,4.651666666666666,-13.648333333333332,-18.3,9.605809333333331,-21.961150090237417,1032.7166666666667
736,8.6906,4.5600000000000005,-13.74,-18.3,9.524816,-22.039639601492922,1032.8000000000002
737,8.824683333333335,4.468333333333334,-13.831666666666669,-18.3,9.443822666666666,-22.11771385746171,1032.8833333333334
738,8.958766666666667,4.376666666666667,-13.923333333333334,-18.3,9.362829333333334,-22.195367065750183,1032.9666666666667
739,9.09285,4.285,-14.015,-18.3,9.281836,-22.272593296857853,1033.0500000000002
740,9.226933333333331,4.193333333333333,-14.106666666666667,-18.3,9.200842666666668,-22.3493864796583,1033.1333333333334
741,9.361016666666668,4.101666666666667,-14.198333333333334,-18.3,9.119849333333333,-22.42574039668921,1033.2166666666667
742,9.4951,4.010000000000001,-14.29,-18.3,9.038856,-22.501648679241598,1033.3000000000002
743,9.629183333333334,3.918333333333334,-14.381666666666668,-18.3,8.957862666666665,-22.57710480223774,1033.3833333333334
744,9.8706,3.86,-14.44,-18.3,9.149006933333332,-22.74028342320949,1033.4333333333334
745,10.13885,3.810000000000001,-14.49,-18.3,9.4081856,-22.923113495773855,1033.475
746,10.4071,3.7600000000000007,-14.54,-18.3,9.667364266666668,-23.10346105074353,1033.5166666666669
747,10.67535,3.71,-14.59,-18.3,9.926542933333334,-23.281451408866687,1033.5583333333334
748,10.9436,3.6600000000000006,-14.64,-18.3,10.1857216,-23.4572006054889,1033.6
749,11.21185,3.61,-14.69,-18.3,10.444900266666666,-23.63081629273962,1033.6416666666669
750,11.4801,3.5600000000000005,-14.74,-18.3,10.704078933333331,-23.802398534150583,1033.6833333333334
751,11.74835,3.5100000000000007,-14.79,-18.3,10.9632576,-23.972040506796947,1033.725
752,12.0166,3.460000000000001,-14.84,-18.3,11.222436266666667,-24.139829123631547,1033.7666666666669
753,12.28485,3.4100000000000006,-14.89,-18.3,11.481614933333336,-24.305845586696964,1033.8083333333334
754,12.5531,3.3600000000000008,-14.94,-18.3,11.7407936,-24.47016588026287,1033.85
755,12.82135,3.3100000000000005,-14.99,-18.3,11.999972266666669,-24.63286121158038,1033.8916666666669
756,12.6604,3.2666666666666675,-15.0,-18.266666666666666,11.714875733333336,-24.53637305939526,1033.9133333333334
757,12.39215,3.2250000000000005,-15.0,-18.225,11.293710400000002,-24.370873951667832,1033.93
758,12.1239,3.183333333333334,-15.0,-18.183333333333334,10.872545066666667,-24.200106718083585,1033.9466666666667
759,11.85565,3.1416666666666675,-15.0,-18.141666666666666,10.451379733333336,-24.023689504256836,1033.9633333333334
760,11.5874,3.1000000000000005,-15.0,-18.1,10.030214400000002,-23.841195975784387,1033.98
761,11.31915,3.058333333333334,-15.0,-18.058333333333334,9.609049066666667,-23.652148011732763,1033.996666666667
762,11.0509,3.0166666666666675,-15.0,-18.016666666666666,9.187883733333337,-23.456006817459112,1034.013333333333
763,10.78265,2.9750000000000005,-15.0,-17.975,8.7667184,-23.252162024761063,1034.03
764,10.5144,2.933333333333334,-15.0,-17.933333333333334,8.345553066666668,-23.039918202241246,1034.0466666666666
765,10.24615,2.8916666666666675,-15.0,-17.891666666666666,7.924387733333334,-22.81847799489396,1034.0633333333333
766,9.9779,2.8500000000000005,-15.0,-17.85,7.503222400000001,-22.58692082096868,1034.08
767,9.70965,2.808333333333334,-15.0,-17.808333333333334,7.082057066666668,-22.344175631774377,1034.0966666666666
768,9.977866666666667,2.8000000000000007,-14.96,-17.76,7.127413333333334,-22.322065333810336,1034.1266666666666
769,10.3802,2.8000000000000003,-14.91,-17.71,7.2894,-22.355100555018296,1034.16
770,10.782533333333332,2.8000000000000003,-14.86,-17.66,7.451386666666667,-22.386182106421362,1034.1933333333332
771,11.184866666666666,2.8000000000000003,-14.81,-17.61,7.613373333333333,-22.415384790482257,1034.2266666666667
772,11.5872,2.8,-14.76,-17.56,7.77536,-22.44277897586551,1034.26
773,11.989533333333334,2.8,-14.71,-17.51,7.937346666666666,-22.46843094735437,1034.2933333333333
774,12.391866666666669,2.8,-14.66,-17.46,8.099333333333334,-22.492403221592404,1034.3266666666666
775,12.7942,2.7999999999999994,-14.61,-17.41,8.26132,-22.514754832601554,1034.36
776,13.196533333333331,2.7999999999999994,-14.56,-17.36,8.423306666666667,-22.535541590503172,1034.3933333333332
777,13.598866666666666,2.7999999999999994,-14.51,-17.31,8.585293333333333,-22.55481631642215,1034.4266666666667
778,14.0012,2.799999999999999,-14.46,-17.259999999999998,8.74728,-22.572629056172936,1034.46
779,14.403533333333332,2.799999999999999,-14.41,-17.21,8.909266666666666,-22.589027275000042,1034.493333333333
780,14.484,2.872727272727272,-14.61818181818182,-17.490909090909092,8.588238545454544,-22.69029401852791,1010.1
781,14.484,2.9636363636363634,-14.89090909090909,-17.854545454545455,8.146456727272726,-22.801862347467534,979.6
782,14.484,2.8125,-15.0,-17.8125,7.605274,-22.64401241505344,967.475
783,14.484,2.5,-15.0,-17.5,6.997824,-22.29417717947417,967.6
784,14.484,2.1875,-15.0,-17.1875,6.390374,-21.917830968639294,967.725
785,14.581515151515152,2.012121212121212,-15.0,-17.01212121212121,6.025904000000001,-21.677340142796297,971.9151515151516
786,14.825303030303033,2.0424242424242425,-15.0,-17.042424242424243,6.025904000000001,-21.677340142796297,982.2030303030302
787,15.069090909090908,2.0727272727272723,-15.0,-17.072727272727274,6.025904000000001,-21.677340142796297,992.4909090909092
788,15.312878787878788,2.1030303030303026,-15.0,-17.1030303030303,6.025904000000001,-21.677340142796297,1002.778787878788
789,15.556666666666668,2.133333333333333,-15.0,-17.133333333333333,6.025904000000001,-21.677340142796297,1013.0666666666668
790,15.800454545454546,2.163636363636363,-15.0,-17.163636363636364,6.025904000000001,-21.677340142796297,1023.3545454545456
791,16.044242424242423,2.1939393939393934,-15.0,-17.19393939393939,6.025904000000001,-21.677340142796297,1033.6424242424243
792,15.985733333333334,2.166666666666666,-15.0,-17.166666666666664,6.025904000000001,-21.677340142796297,1035.7133333333334
793,15.85165,2.124999999999999,-15.0,-17.125,6.025904000000001,-21.677340142796297,1035.73
794,15.717566666666666,2.0833333333333326,-15.0,-17.083333333333332,6.025904000000001,-21.677340142796297,1035.746666666667
795,15.583483333333334,2.041666666666666,-15.0,-17.041666666666664,6.025904000000001,-21.677340142796297,1035.763333333333
796,15.4494,2.0,-15.0,-17.0,6.025904000000001,-21.677340142796297,1035.78
797,15.315316666666666,1.9583333333333328,-15.0,-16.958333333333332,6.025904000000001,-21.677340142796297,1035.7966666666666
798,15.181233333333331,1.916666666666666,-15.0,-16.916666666666664,6.025904000000001,-21.677340142796297,1035.8133333333335
799,15.04715,1.875,-15.0,-16.875,6.025904000000001,-21.677340142796297,1035.8300000000002
800,14.913066666666667,1.8333333333333328,-15.0,-16.833333333333332,6.025904000000001,-21.677340142796297,1035.8466666666668
801,14.778983333333333,1.791666666666666,-15.0,-16.791666666666664,6.025904000000001,-21.677340142796297,1035.8633333333337
802,14.6449,1.7499999999999991,-15.0,-16.75,6.025904000000001,-21.677340142796297,1035.88
803,14.510816666666669,1.7083333333333326,-15.0,-16.708333333333332,6.025904000000001,-21.677340142796297,1035.8966666666668
804,14.484,1.7333333333333327,-14.926666666666666,-16.66,6.090698666666667,-21.632548148165437,1035.92
805,14.484,1.7749999999999997,-14.835,-16.61,6.171692,-21.575809196584586,1035.9450000000002
806,14.484,1.8166666666666664,-14.743333333333334,-16.56,6.252685333333334,-21.518255117190904,1035.97
807,14.484,1.8583333333333327,-14.651666666666667,-16.51,6.333678666666668,-21.45990355854903,1035.995
808,14.484,1.9,-14.56,-16.46,6.414672,-21.400771549562787,1036.02
809,14.484,1.9416666666666669,-14.468333333333334,-16.41,6.495665333333334,-21.34087552894944,1036.045
810,14.484,1.9833333333333336,-14.376666666666669,-16.36,6.576658666666667,-21.280231372958827,1036.0700000000002
811,14.484,2.0250000000000004,-14.285,-16.310000000000002,6.657652000000001,-21.218854421462375,1036.095
812,14.484,2.066666666666668,-14.193333333333332,-16.26,6.738645333333334,-21.156759502526555,1036.12
813,14.484,2.1083333333333343,-14.101666666666668,-16.21,6.819638666666667,-21.09396095557606,1036.145
814,14.484,2.150000000000001,-14.01,-16.16,6.900632000000001,-21.030472653243415,1036.17
815,14.484,2.191666666666668,-13.918333333333331,-16.110000000000003,6.981625333333334,-20.966308021994276,1036.195
816,14.484,2.1666666666666674,-13.9,-16.066666666666666,6.725686400000001,-20.792487382920292,1036.1666666666667
817,14.484,2.125000000000001,-13.9,-16.025000000000002,6.3855144,-20.58347631224758,1036.125
818,14.484,2.083333333333334,-13.9,-15.983333333333334,6.0453424,-20.36489323074145,1036.0833333333337
819,14.484,2.041666666666667,-13.9,-15.941666666666668,5.7051704,-20.13572221084882,1036.0416666666667
820,14.484,2.0000000000000004,-13.9,-15.9,5.3649984,-19.894770646995212,1036.0
821,14.484,1.9583333333333333,-13.9,-15.858333333333334,5.0248264,-19.640624982825685,1035.9583333333337
822,14.484,1.9166666666666667,-13.9,-15.816666666666666,4.684654399999999,-19.371591472093588,1035.9166666666667
823,14.484,1.875,-13.9,-15.775,4.3444824,-19.085615406568756,1035.875
824,14.484,1.833333333333333,-13.9,-15.733333333333334,4.0043104,-18.780168593388353,1035.8333333333337
825,14.484,1.7916666666666663,-13.9,-15.691666666666666,3.6641384,-18.452088678945792,1035.7916666666667
826,14.484,1.7499999999999996,-13.9,-15.65,3.3239664,-18.097343018367248,1035.75
827,14.484,1.7083333333333326,-13.9,-15.608333333333333,2.983794399999999,-17.710669689421298,1035.7083333333337
828,14.2694,1.6999999999999993,-13.973333333333334,-15.673333333333334,2.721376,-17.469436438007687,1035.7133333333334
829,14.00115,1.6999999999999993,-14.065,-15.765,2.478396,0.0,1035.73
830,13.7329,1.6999999999999993,-14.156666666666666,-15.856666666666666,2.235416,0.0,1035.746666666667
831,13.46465,1.6999999999999993,-14.248333333333331,-15.948333333333332,1.992436,0.0,1035.763333333333
832,13.1964,1.6999999999999993,-14.34,-16.04,1.749456,0.0,1035.78
833,12.92815,1.6999999999999993,-14.431666666666668,-16.131666666666668,1.506476,0.0,1035.7966666666666
834,12.6599,1.6999999999999993,-14.523333333333332,-16.223333333333333,1.263496,0.0,1035.8133333333335
835,12.39165,1.6999999999999993,-14.615,-16.314999999999998,1.020516,0.0,1035.8300000000002
836,12.1234,1.6999999999999993,-14.706666666666669,-16.406666666666666,0.777536,0.0,1035.8466666666668
837,11.85515,1.6999999999999993,-14.798333333333334,-16.49833333333333,0.5345559999999998,0.0,1035.8633333333337
838,11.5869,1.6999999999999993,-14.89,-16.59,0.291576,0.0,1035.88
839,11.31865,1.6999999999999993,-14.981666666666667,-16.681666666666665,0.0485959999999998,0.0,1035.8966666666668
840,11.557727272727274,1.754545454545454,-14.818181818181818,-16.57272727272727,0.0,0.0,1023.7545454545456
841,11.923636363636364,1.8227272727272723,-14.590909090909092,-16.413636363636364,0.0,0.0,1008.5727272727272
842,12.289545454545454,1.8909090909090909,-14.363636363636363,-16.254545454545454,0.0,0.0,993.3909090909092
843,12.655454545454546,1.959090909090909,-14.136363636363637,-16.095454545454544,0.0,0.0,978.209090909091
844,12.959684210526316,1.9842105263157888,-13.963157894736842,-15.947368421052632,0.3171528421052632,0.0,972.6157894736842
845,13.171394736842103,1.944736842105263,-13.871052631578948,-15.81578947368421,1.1100349473684212,0.0,981.4052631578948
846,13.383105263157894,1.9052631578947363,-13.778947368421052,-15.68421052631579,1.902917052631579,0.0,990.1947368421052
847,13.594815789473683,1.8657894736842104,-13.68684210526316,-15.552631578947368,2.6957991578947373,-17.11138935565766,998.9842105263158
848,13.806526315789474,1.826315789473684,-13.594736842105265,-15.421052631578949,3.488681263157895,-17.919879158627765,1007.7736842105264
849,14.018236842105264,1.7868421052631571,-13.50263157894737,-15.289473684210526,4.281563368421053,-18.564266896691237,1016.563157894737
850,14.229947368421051,1.747368421052631,-13.410526315789474,-15.157894736842106,5.074445473684211,-19.096619392696134,1025.3526315789477
851,14.441657894736842,1.707894736842105,-13.31842105263158,-15.026315789473683,5.867327578947369,-19.54713329506466,1034.142105263158
852,14.484,1.739999999999999,-13.3,-15.04,5.961109333333334,-19.586918279825902,1035.9733333333334
853,14.484,1.7899999999999991,-13.3,-15.09,5.880116,-19.533479986779383,1036.065
854,14.484,1.8399999999999992,-13.3,-15.14,5.799122666666667,-19.47941978060039,1036.1566666666668
855,14.484,1.8899999999999992,-13.3,-15.19,5.718129333333334,-19.42472158400053,1036.2483333333334
856,14.484,1.939999999999999,-13.3,-15.24,5.637136,-19.369368669037733,1036.34
857,14.484,1.989999999999999,-13.3,-15.29,5.556142666666667,-19.3133436209968,1036.4316666666666
858,14.484,2.039999999999999,-13.3,-15.34,5.475149333333333,-19.256628299705476,1036.5233333333333
859,14.484,2.089999999999999,-13.3,-15.39,5.394156,-19.199203798063255,1036.615
860,14.484,2.139999999999999,-13.3,-15.44,5.313162666666667,-19.14105039753683,1036.7066666666667
861,14.484,2.189999999999999,-13.3,-15.49,5.232169333333333,-19.082147520350432,1036.7983333333334
862,14.484,2.239999999999999,-13.3,-15.54,5.151176,-19.022473678070156,1036.89
863,14.484,2.289999999999999,-13.3,-15.59,5.070182666666667,-18.962006416249068,1036.9816666666666
864,14.484,2.166666666666666,-13.61111111111111,-15.777777777777777,4.622019555555555,-18.97923250621281,1007.2222222222222
865,14.484,2.0,-14.0,-16.0,4.082064,-18.968807615867302,970.0
866,14.282875,2.125,-13.875,-16.0,4.325044,-19.039346892573672,970.0875
867,14.08175,2.25,-13.75,-16.0,4.568024,-19.098644703971207,970.175
868,13.880625,2.375,-13.625,-16.0,4.8110040000000005,-19.14774137307537,970.2625
869,13.6795,2.5,-13.5,-16.0,5.053984,-19.18753248865687,970.35
870,13.478375,2.625,-13.375,-16.0,5.296964000000001,-19.218794993876912,970.4375
871,13.27725,2.75,-13.25,-16.0,5.539944,-19.242207601917332,970.525
872,13.076125,2.875,-13.125,-16.0,5.782924,-19.25836696460624,970.6125
873,12.875,3.0,-13.0,-16.0,6.025904000000001,-19.267800617273707,970.7
874,12.14318181818182,2.4090909090909087,-13.136363636363637,-15.545454545454543,5.142340363636364,-18.821162987016987,1001.2
875,11.411363636363635,1.8181818181818168,-13.272727272727272,-15.09090909090909,4.258776727272728,-18.274650449558408,1031.7
876,11.4796,1.739999999999999,-13.373333333333337,-15.113333333333332,3.8099264,-17.982915593084478,1037.7266666666667
877,11.74785,1.7899999999999991,-13.465,-15.255,3.4697544,-17.75031823463305,1037.635
878,12.0161,1.8399999999999992,-13.556666666666668,-15.396666666666668,3.1295824,-17.486990973178635,1037.5433333333333
879,12.28435,1.8899999999999992,-13.648333333333332,-15.538333333333334,2.7894104,-17.186579327648435,1037.4516666666666
880,12.5526,1.939999999999999,-13.74,-15.68,2.4492384,0.0,1037.36
881,12.82085,1.989999999999999,-13.831666666666669,-15.821666666666667,2.1090664,0.0,1037.2683333333334
882,13.0891,2.039999999999999,-13.923333333333334,-15.963333333333331,1.7688944000000002,0.0,1037.1766666666667
883,13.35735,2.089999999999999,-14.015,-16.105,1.4287224000000005,0.0,1037.085
884,13.6256,2.139999999999999,-14.106666666666667,-16.246666666666666,1.0885504000000004,0.0,1036.993333333333
885,13.89385,2.189999999999999,-14.198333333333334,-16.388333333333332,0.7483784,0.0,1036.9016666666666
886,14.1621,2.239999999999999,-14.29,-16.53,0.4082064000000001,0.0,1036.81
887,14.43035,2.289999999999999,-14.381666666666668,-16.671666666666667,0.0680344000000001,0.0,1036.7183333333337
888,14.484,2.22,-14.44,-16.66,0.3369322666666666,0.0,1036.7666666666669
889,14.484,2.119999999999999,-14.49,-16.61,0.7580975999999999,0.0,1036.85
890,14.484,2.02,-14.54,-16.56,1.179262933333333,0.0,1036.9333333333334
891,14.484,1.92,-14.59,-16.51,1.6004282666666665,0.0,1037.0166666666669
892,14.484,1.82,-14.64,-16.46,2.0215936,0.0,1037.1
893,14.484,1.7200000000000002,-14.69,-16.41,2.4427589333333333,0.0,1037.1833333333334
894,14.484,1.6200000000000003,-14.74,-16.36,2.8639242666666664,-18.522587052618633,1037.2666666666669
895,14.484,1.5200000000000005,-14.79,-16.310000000000002,3.2850896,-19.07910636255434,1037.35
896,14.484,1.4200000000000008,-14.84,-16.26,3.706254933333333,-19.58552414614835,1037.4333333333334
897,14.484,1.320000000000001,-14.89,-16.21,4.127420266666666,-20.051940645647647,1037.5166666666669
898,14.484,1.220000000000001,-14.94,-16.16,4.5485856,-20.485632161196847,1037.6
899,14.484,1.1200000000000014,-14.99,-16.110000000000003,4.969750933333333,-20.89202287562552,1037.6833333333334
900,14.484,1.106666666666668,-14.96,-16.066666666666666,4.911435733333333,-20.809848020781004,1037.7
901,14.484,1.115000000000001,-14.91,-16.025000000000002,4.7332504,-20.605502447482518,1037.7
902,14.484,1.1233333333333342,-14.86,-15.983333333333334,4.555065066666667,-20.39683345727543,1037.7
903,14.484,1.1316666666666677,-14.81,-15.941666666666668,4.376879733333333,-20.183516602818322,1037.7
904,14.484,1.1400000000000006,-14.76,-15.9,4.1986944,-19.965188973073708,1037.7
905,14.484,1.1483333333333337,-14.71,-15.858333333333334,4.0205090666666665,-19.741442784240967,1037.7
906,14.484,1.156666666666667,-14.66,-15.816666666666666,3.842323733333333,-19.511817565552306,1037.7
907,14.484,1.165,-14.61,-15.775,3.6641384,-19.27579055080162,1037.7
908,14.484,1.1733333333333331,-14.56,-15.733333333333334,3.4859530666666663,-19.032764754005115,1037.7
909,14.484,1.1816666666666664,-14.51,-15.691666666666666,3.3077677333333333,-18.78205402072636,1037.7
910,14.484,1.1899999999999995,-14.46,-15.65,3.1295824,-18.52286407875564,1037.7
911,14.484,1.1983333333333326,-14.41,-15.608333333333333,2.9513970666666665,-18.254268221129493,1037.7
912,14.484,1.3142857142857136,-14.628571428571428,-15.942857142857145,2.91576,-18.460084105053777,1028.0285714285717
913,14.484,1.4571428571428566,-14.914285714285716,-16.37142857142857,2.91576,-18.786029651126118,1015.9392857142856
914,14.484,1.5999999999999996,-15.2,-16.8,2.91576,-19.111975197198447,1003.85
915,14.484,1.7428571428571429,-15.485714285714286,-17.228571428571428,2.91576,-19.437920743270784,991.7607142857144
916,14.484,1.8857142857142857,-15.771428571428572,-17.65714285714286,2.91576,-19.76386628934312,979.6714285714286
917,14.53428125,1.9875,-16.021875,-18.009375,2.9825795,-20.133880675513993,972.103125
918,14.7856875,1.9250000000000005,-16.13125,-18.05625,3.3166770000000003,-20.658977075876447,982.61875
919,15.03709375,1.8625000000000005,-16.240625,-18.103125,3.6507745,-21.15340932441044,993.134375
920,15.2885,1.8000000000000007,-16.35,-18.15,3.984872,-21.622253472710717,1003.65
921,15.53990625,1.737500000000001,-16.459374999999998,-18.196875,4.3189695,-22.069408476392912,1014.165625
922,15.7913125,1.6750000000000012,-16.568749999999998,-18.24375,4.653067,-22.497936775161406,1024.68125
923,16.04271875,1.6125000000000014,-16.678124999999998,-18.290625,4.9871645,-22.91028941787657,1035.196875
924,16.093,1.6000000000000014,-16.7,-18.3,4.989189333333333,-22.93793104690908,1037.3133333333333
925,16.093,1.6000000000000014,-16.7,-18.3,4.908196,-22.87077331203444,1037.33
926,16.093,1.6000000000000014,-16.7,-18.3,4.8272026666666665,-22.8026781353354,1037.3466666666666
927,16.093,1.6000000000000014,-16.7,-18.3,4.746209333333333,-22.73361636800947,1037.3633333333332
928,16.093,1.6000000000000014,-16.7,-18.3,4.665216,-22.663557438231404,1037.38
929,16.093,1.6000000000000014,-16.7,-18.3,4.584222666666666,-22.592469255574922,1037.3966666666663
930,16.093,1.6000000000000014,-16.7,-18.3,4.5032293333333335,-22.52031810719884,1037.4133333333334
931,16.093,1.6000000000000014,-16.7,-18.3,4.422236,-22.44706854492572,1037.43
932,16.093,1.6000000000000014,-16.7,-18.3,4.341242666666666,-22.37268326223124,1037.4466666666667
933,16.093,1.6000000000000014,-16.7,-18.3,4.260249333333333,-22.297122960035946,1037.4633333333334
934,16.093,1.6000000000000014,-16.7,-18.3,4.179256,-22.220346200046013,1037.48
935,16.093,1.6000000000000014,-16.7,-18.3,4.098262666666667,-22.142309244221806,1037.496666666667
936,15.985733333333334,1.6000000000000012,-16.626666666666665,-18.226666666666667,4.341242666666666,-22.286519723218678,1037.48
937,15.85165,1.6000000000000012,-16.535,-18.135,4.665216,-22.468631772488173,1037.455
938,15.717566666666666,1.600000000000001,-16.44333333333333,-18.043333333333333,4.989189333333333,-22.633161363580392,1037.43
939,15.583483333333334,1.6000000000000008,-16.351666666666667,-17.951666666666668,5.313162666666667,-22.78211514820284,1037.405
940,15.4494,1.6000000000000008,-16.259999999999998,-17.86,5.637136,-22.917162512545502,1037.38
941,15.315316666666666,1.6000000000000003,-16.168333333333333,-17.768333333333334,5.961109333333333,-23.039708163791623,1037.355
942,15.181233333333331,1.6000000000000003,-16.076666666666664,-17.676666666666666,6.285082666666666,-23.150946046800126,1037.33
943,15.04715,1.6000000000000003,-15.985,-17.585,6.609056,-23.25190009684352,1037.305
944,14.913066666666667,1.6,-15.893333333333333,-17.493333333333332,6.933029333333333,-23.34345552304172,1037.28
945,14.778983333333333,1.6,-15.801666666666666,-17.401666666666667,7.257002666666667,-23.42638315773573,1037.255
946,14.6449,1.6,-15.71,-17.31,7.580976,-23.501358646516415,1037.23
947,14.510816666666669,1.5999999999999996,-15.618333333333332,-17.218333333333334,7.904949333333333,-23.56897774369853,1037.2050000000002
948,14.591266666666666,1.6799999999999995,-15.446666666666667,-17.126666666666665,7.969743999999999,-23.392843415299488,1037.1733333333334
949,14.72535,1.7799999999999998,-15.255,-17.035,7.969743999999999,-23.156814752114677,1037.14
950,14.859433333333332,1.88,-15.063333333333333,-16.94333333333333,7.969743999999999,-22.920786088929866,1037.1066666666668
951,14.993516666666666,1.98,-14.871666666666666,-16.851666666666667,7.969743999999999,-22.684757425745055,1037.0733333333333
952,15.1276,2.08,-14.68,-16.76,7.969743999999999,-22.448728762560243,1037.04
953,15.261683333333334,2.18,-14.488333333333332,-16.668333333333333,7.969743999999999,-22.212700099375432,1037.006666666667
954,15.395766666666669,2.28,-14.296666666666669,-16.576666666666668,7.969743999999999,-21.976671436190625,1036.9733333333334
955,15.52985,2.3800000000000003,-14.105,-16.485,7.969743999999999,-21.740642773005813,1036.94
956,15.663933333333333,2.4800000000000004,-13.913333333333334,-16.393333333333334,7.969743999999999,-21.504614109821002,1036.9066666666668
957,15.798016666666667,2.5800000000000005,-13.721666666666668,-16.30166666666667,7.969743999999999,-21.268585446636195,1036.8733333333332
958,15.9321,2.6800000000000006,-13.53,-16.21,7.969743999999999,-21.032556783451383,1036.84
959,16.066183333333335,2.7800000000000007,-13.338333333333336,-16.118333333333336,7.969743999999999,-20.796528120266572,1036.8066666666666
960,16.093,2.873333333333334,-13.193333333333332,-16.066666666666666,7.840154666666666,-20.551067849765317,1036.7733333333333
961,16.093,2.9650000000000007,-13.06,-16.025000000000002,7.678167999999999,-20.302414445423345,1036.74
962,16.093,3.0566666666666675,-12.926666666666668,-15.983333333333334,7.516181333333333,-20.05279282091862,1036.7066666666667
963,16.093,3.148333333333334,-12.793333333333331,-15.941666666666668,7.354194666666666,-19.802157277746545,1036.6733333333334
964,16.093,3.2400000000000007,-12.66,-15.9,7.192208,-19.550459101729068,1036.64
965,16.093,3.331666666666667,-12.526666666666667,-15.858333333333334,7.030221333333333,-19.297646294215106,1036.6066666666668
966,16.093,3.423333333333334,-12.393333333333333,-15.816666666666666,6.868234666666667,-19.043663272643354,1036.5733333333333
967,16.093,3.515000000000001,-12.26,-15.775,6.706248,-18.788450536170977,1036.54
968,16.093,3.6066666666666674,-12.126666666666669,-15.733333333333334,6.544261333333333,-18.531944291350303,1036.506666666667
969,16.093,3.6983333333333337,-11.993333333333332,-15.691666666666666,6.382274666666667,-18.27407603197237,1036.4733333333334
970,16.093,3.790000000000001,-11.86,-15.65,6.220288,-18.014772066158304,1036.44
971,16.093,3.881666666666667,-11.726666666666668,-15.608333333333333,6.0583013333333335,-17.753952982526275,1036.4066666666668
972,16.093,4.053333333333334,-11.546666666666669,-15.6,6.155493333333334,-17.596873606012494,1036.28
973,16.093,4.245,-11.355,-15.6,6.317480000000001,-17.463151229045877,1036.13
974,16.093,4.4366666666666665,-11.163333333333332,-15.6,6.479466666666667,-17.326425032106734,1035.98
975,16.093,4.628333333333333,-10.971666666666666,-15.6,6.641453333333334,-17.186818653032834,1035.83
976,16.093,4.82,-10.78,-15.6,6.80344,-17.044447516718193,1035.68
977,16.093,5.011666666666667,-10.588333333333331,-15.6,6.965426666666667,-16.899419567221614,1035.53
978,16.093,5.203333333333333,-10.396666666666668,-15.6,7.127413333333333,-16.751835918998104,1035.38
979,16.093,5.395,-10.205,-15.6,7.2894,-16.601791437824605,1035.23
980,16.093,5.586666666666666,-10.013333333333334,-15.6,7.451386666666666,-16.44937526040591,1035.08
981,16.093,5.778333333333332,-9.821666666666667,-15.6,7.613373333333333,-16.29467126032787,1034.9299999999998
982,16.093,5.969999999999999,-9.63,-15.6,7.77536,-16.137758466923966,1034.78
983,16.093,6.161666666666665,-9.438333333333334,-15.6,7.937346666666666,-15.978711442697634,1034.63
984,16.093,6.363333333333332,-9.253333333333334,-15.616666666666667,8.235402133333332,-15.887733199532938,1034.4833333333331
985,16.093,6.567499999999999,-9.07,-15.6375,8.5674748,-15.808228995210731,1034.3375
986,16.093,6.7716666666666665,-8.886666666666667,-15.658333333333331,8.899547466666666,-15.722615297409051,1034.1916666666666
987,16.093,6.975833333333333,-8.703333333333333,-15.679166666666667,9.231620133333331,-15.631275808069924,1034.0458333333331
988,16.093,7.18,-8.52,-15.7,9.5636928,-15.534556472380205,1033.9
989,16.093,7.384166666666666,-8.336666666666666,-15.720833333333331,9.895765466666669,-15.432770388261776,1033.7541666666666
990,16.093,7.588333333333333,-8.153333333333334,-15.741666666666667,10.227838133333332,-15.326201934237844,1033.6083333333331
991,16.093,7.7925,-7.970000000000001,-15.7625,10.5599108,-15.215110261354102,1033.4625
992,16.093,7.996666666666666,-7.786666666666667,-15.783333333333331,10.891983466666666,-15.099732263978712,1033.3166666666666
993,16.093,8.200833333333334,-7.603333333333333,-15.804166666666667,11.224056133333333,-14.980285120721028,1033.1708333333331
994,16.093,8.405000000000001,-7.42,-15.825,11.5561288,-14.856968478519816,1033.025
995,16.093,8.609166666666667,-7.236666666666666,-15.845833333333331,11.888201466666668,-14.729966338804275,1032.8791666666666
996,16.093,8.813333333333333,-7.053333333333334,-15.866666666666667,12.220274133333334,-14.599448693540587,1032.7333333333331
997,16.093,9.0175,-6.87,-15.8875,12.5523468,-14.4655729502172,1032.5875
998,16.093,9.221666666666668,-6.686666666666667,-15.908333333333331,12.884419466666667,-14.328485177855814,1032.4416666666666
999,16.093,9.425833333333332,-6.503333333333334,-15.929166666666667,13.216492133333333,-14.18832120055814,1032.2958333333331
1000,16.093,9.63,-6.32,-15.95,13.5485648,-14.045207560606123,1032.15
1001,16.093,9.834166666666668,-6.136666666666667,-15.970833333333337,13.880637466666666,-13.899262369493126,1032.0041666666666
1002,16.093,10.038333333333334,-5.953333333333333,-15.991666666666667,14.212710133333331,-13.750596062297852,1031.8583333333331
1003,16.093,10.2425,-5.77,-16.012500000000003,14.5447828,-13.599312068383313,1031.7125
1004,16.093,10.446666666666667,-5.586666666666667,-16.033333333333335,14.876855466666663,-13.445507409403373,1031.5666666666666
1005,16.093,10.650833333333336,-5.403333333333333,-16.054166666666667,15.208928133333334,-13.28927323394516,1031.4208333333331
1006,16.093,10.855,-5.22,-16.075000000000003,15.5410008,-13.13069529676131,1031.275
1007,16.093,11.059166666666668,-5.036666666666667,-16.095833333333335,15.873073466666666,-12.969854389399018,1031.1291666666666
1008,16.093,11.066666666666668,-4.96,-16.026666666666667,15.615514666666666,-12.810112036988833,1031.0533333333333
1009,16.093,11.025,-4.91,-15.935,15.210548,-12.64936448497166,1030.995
1010,16.093,10.983333333333334,-4.86,-15.843333333333334,14.805581333333333,-12.486740172615756,1030.9366666666667
1011,16.093,10.941666666666668,-4.8100000000000005,-15.751666666666669,14.400614666666666,-12.322138850089466,1030.878333333333
1012,16.093,10.9,-4.76,-15.66,13.995648,-12.155452051172482,1030.82
1013,16.093,10.858333333333334,-4.71,-15.568333333333332,13.590681333333333,-11.986562162705496,1030.7616666666668
1014,16.093,10.816666666666666,-4.66,-15.476666666666668,13.185714666666666,-11.815341357552676,1030.7033333333334
1015,16.093,10.775,-4.61,-15.385,12.780748,-11.64165036620008,1030.645
1016,16.093,10.733333333333334,-4.5600000000000005,-15.293333333333331,12.375781333333334,-11.465337056635189,1030.5866666666668
1017,16.093,10.691666666666666,-4.510000000000001,-15.201666666666666,11.970814666666667,-11.28623478524711,1030.5283333333334
1018,16.093,10.65,-4.460000000000001,-15.11,11.565848,-11.10416047271914,1030.47
1019,16.093,10.608333333333333,-4.41,-15.018333333333334,11.160881333333334,-10.91891234766958,1030.4116666666669
1020,16.093,10.633333333333333,-4.366666666666667,-15.0,11.0021344,-10.815388466964171,1030.3466666666668
1021,16.093,10.675,-4.325,-15.0,10.9049424,-10.732663342262386,1030.28
1022,16.093,10.716666666666669,-4.283333333333333,-15.0,10.8077504,-10.649788468062056,1030.2133333333334
1023,16.093,10.758333333333333,-4.241666666666667,-15.0,10.7105584,-10.566760956503536,1030.1466666666668
1024,16.093,10.8,-4.2,-15.0,10.6133664,-10.483577841951208,1030.08
1025,16.093,10.841666666666669,-4.158333333333333,-15.0,10.5161744,-10.400236078196034,1030.013333333333
1026,16.093,10.883333333333333,-4.116666666666667,-15.0,10.4189824,-10.316732535531031,1029.9466666666667
1027,16.093,10.925,-4.075,-15.0,10.3217904,-10.233063997692796,1029.88
1028,16.093,10.966666666666669,-4.033333333333333,-15.0,10.2245984,-10.149227158661603,1029.8133333333333
1029,16.093,11.008333333333333,-3.991666666666666,-15.0,10.1274064,-10.065218619312068,1029.746666666667
1030,16.093,11.05,-3.95,-15.0,10.0302144,-9.981034883906025,1029.6799999999998
1031,16.093,11.091666666666669,-3.908333333333333,-15.0,9.9330224,-9.896672356418465,1029.6133333333332
1032,16.093,11.026666666666666,-3.933333333333333,-14.96,9.9913376,-9.947311532794679,1029.54
1033,16.093,10.935,-3.975,-14.91,10.0885296,-10.031566347766848,1029.465
1034,16.093,10.843333333333334,-4.016666666666667,-14.86,10.1857216,-10.115644540518497,1029.39
1035,16.093,10.751666666666669,-4.058333333333334,-14.81,10.2829136,-10.199549646451974,1029.315
1036,16.093,10.66,-4.1,-14.76,10.3801056,-10.283285102907787,1029.24
1037,16.093,10.568333333333332,-4.141666666666667,-14.71,10.4772976,-10.366854252737369,1029.165
1038,16.093,10.476666666666668,-4.183333333333334,-14.66,10.5744896,-10.450260347714476,1029.09
1039,16.093,10.385,-4.2250000000000005,-14.61,10.6716816,-10.533506551793884,1029.015
1040,16.093,10.293333333333331,-4.266666666666667,-14.56,10.7688736,-10.61659594422554,1028.94
1041,16.093,10.201666666666666,-4.308333333333334,-14.51,10.8660656,-10.699531522531766,1028.865
1042,16.093,10.11,-4.3500000000000005,-14.46,10.9632576,-10.78231620535475,1028.79
1043,16.093,10.018333333333333,-4.391666666666667,-14.41,11.0604496,-10.864952835181017,1028.715
1044,16.093,10.0,-4.4,-14.4,10.937339733333332,-10.83744680287843,1028.6333333333334
1045,16.093,10.0,-4.4,-14.4,10.7591544,-10.78174423554472,1028.55
1046,16.093,10.0,-4.4,-14.4,10.580969066666666,-10.725261297353345,1028.4666666666667
1047,16.093,10.0,-4.4,-14.4,10.402783733333331,-10.667973633660923,1028.3833333333334
1048,16.093,10.0,-4.4,-14.4,10.2245984,-10.609855696372058,1028.3
1049,16.093,10.0,-4.4,-14.4,10.046413066666666,-10.5508806634732,1028.2166666666667
1050,16.093,10.0,-4.4,-14.4,9.868227733333333,-10.491020351606043,1028.1333333333334
1051,16.093,10.0,-4.4,-14.4,9.6900424,-10.430245120940624,1028.05
1052,16.093,10.0,-4.4,-14.4,9.511857066666666,-10.368523771514653,1027.9666666666667
1053,16.093,10.0,-4.4,-14.4,9.333671733333333,-10.305823430097757,1027.8833333333334
1054,16.093,10.0,-4.4,-14.4,9.1554864,-10.242109426515636,1027.8
1055,16.093,10.0,-4.4,-14.4,8.977301066666666,-10.177345158225837,1027.7166666666667
1056,16.093,9.96,-4.44,-14.4,9.149006933333332,-10.28957582171613,1027.6933333333334
1057,16.093,9.91,-4.49,-14.4,9.4081856,-10.444472619461052,1027.685
1058,16.093,9.86,-4.54,-14.4,9.667364266666668,-10.597525981391884,1027.6766666666667
1059,16.093,9.81,-4.59,-14.4,9.926542933333334,-10.74883004736596,1027.6683333333333
1060,16.093,9.76,-4.640000000000001,-14.4,10.1857216,-10.898471959454634,1027.66
1061,16.093,9.71,-4.69,-14.4,10.444900266666666,-11.046532542901367,1027.6516666666666
1062,16.093,9.66,-4.74,-14.4,10.704078933333331,-11.1930869058167,1027.6433333333332
1063,16.093,9.61,-4.79,-14.4,10.9632576,-11.338204969017065,1027.635
1064,16.093,9.56,-4.84,-14.4,11.222436266666667,-11.481951935584265,1027.6266666666666
1065,16.093,9.51,-4.89,-14.4,11.481614933333336,-11.624388708220957,1027.618333333333
1066,16.093,9.46,-4.94,-14.4,11.7407936,-11.765572261239406,1027.61
1067,16.093,9.41,-4.99,-14.4,11.999972266666669,-11.905555972995874,1027.6016666666667
1068,16.093,9.366666666666667,-5.0,-14.366666666666667,11.987013333333335,-11.914492222186219,1027.5666666666666
1069,16.093,9.325,-5.0,-14.325,11.906020000000002,-11.890719815068035,1027.525
1070,16.093,9.283333333333331,-5.0,-14.283333333333331,11.825026666666668,-11.866811175265859,1027.4833333333331
1071,16.093,9.241666666666667,-5.0,-14.241666666666667,11.744033333333334,-11.842764580899175,1027.4416666666666
1072,16.093,9.2,-5.0,-14.2,11.66304,-11.81857827626379,1027.4
1073,16.093,9.158333333333331,-5.0,-14.158333333333331,11.582046666666669,-11.794250470927224,1027.3583333333331
1074,16.093,9.116666666666667,-5.0,-14.116666666666667,11.501053333333337,-11.769779338793363,1027.3166666666666
1075,16.093,9.075,-5.0,-14.075,11.42006,-11.745163017135155,1027.275
1076,16.093,9.033333333333331,-5.0,-14.033333333333331,11.339066666666668,-11.720399605594004,1027.2333333333331
1077,16.093,8.991666666666667,-5.0,-13.991666666666667,11.258073333333334,-11.695487165144446,1027.1916666666666
1078,16.093,8.950000000000001,-5.0,-13.95,11.17708,-11.670423717022693,1027.15
1079,16.093,8.908333333333333,-5.0,-13.908333333333331,11.096086666666666,-11.645207241617468,1027.1083333333331
1080,16.093,8.9,-5.0,-13.9,11.144682666666666,-11.660355604631327,1027.0333333333333
1081,16.093,8.9,-5.0,-13.9,11.225676,-11.685480018987493,1026.9499999999998
1082,16.093,8.9,-5.0,-13.9,11.306669333333334,-11.710452622792074,1026.8666666666666
1083,16.093,8.9,-5.0,-13.9,11.387662666666667,-11.735275411012585,1026.7833333333333
1084,16.093,8.9,-5.0,-13.9,11.468656,-11.759950338439166,1026.6999999999998
1085,16.093,8.9,-5.0,-13.9,11.549649333333337,-11.784479320770936,1026.6166666666666
1086,16.093,8.9,-5.0,-13.9,11.630642666666668,-11.808864235665572,1026.5333333333333
1087,16.093,8.9,-5.0,-13.9,11.711636,-11.833106923753656,1026.4499999999998
1088,16.093,8.9,-5.0,-13.9,11.792629333333334,-11.857209189619123,1026.3666666666666
1089,16.093,8.9,-5.0,-13.9,11.873622666666668,-11.88117280274723,1026.2833333333333
1090,16.093,8.9,-5.0,-13.9,11.954616,-11.904999498441324,1026.1999999999998
1091,16.093,8.9,-5.0,-13.9,12.035609333333335,-11.92869097870961,1026.1166666666666
1092,16.093,8.860000000000001,-5.0,-13.86,12.051808,-11.933413196395872,1026.0333333333333
1093,16.093,8.81,-5.0,-13.81,12.051808,-11.933413196395872,1025.9499999999998
1094,16.093,8.76,-5.0,-13.76,12.051808,-11.933413196395872,1025.8666666666666
1095,16.093,8.71,-5.0,-13.71,12.051808,-11.933413196395872,1025.7833333333333
1096,16.093,8.66,-5.0,-13.66,12.051808,-11.933413196395872,1025.6999999999998
1097,16.093,8.610000000000001,-5.0,-13.61,12.051808,-11.933413196395872,1025.6166666666666
1098,16.093,8.56,-5.0,-13.56,12.051808,-11.933413196395872,1025.5333333333333
1099,16.093,8.51,-5.0,-13.51,12.051808,-11.933413196395872,1025.4499999999998
1100,16.093,8.46,-5.0,-13.46,12.051808,-11.933413196395872,1025.3666666666666
1101,16.093,8.41,-5.0,-13.41,12.051808,-11.933413196395872,1025.2833333333333
1102,16.093,8.360000000000001,-5.0,-13.36,12.051808,-11.933413196395872,1025.1999999999998
1103,16.093,8.31,-5.0,-13.31,12.051808,-11.933413196395872,1025.1166666666666
1104,16.093,8.306666666666667,-4.96,-13.266666666666667,12.116602666666669,-11.90129934804079,1025.08
1105,16.093,8.315000000000001,-4.91,-13.225,12.197596,-11.860975811376415,1025.0549999999998
1106,16.093,8.323333333333334,-4.86,-13.183333333333334,12.278589333333334,-11.820452952528992,1025.03
1107,16.093,8.331666666666667,-4.8100000000000005,-13.141666666666667,12.359582666666668,-11.779732920124637,1025.005
1108,16.093,8.34,-4.76,-13.1,12.440576,-11.73881782435993,1024.98
1109,16.093,8.348333333333334,-4.71,-13.058333333333334,12.521569333333334,-11.697709737942771,1024.955
1110,16.093,8.356666666666667,-4.66,-13.016666666666667,12.602562666666667,-11.656410697004134,1024.9299999999998
1111,16.093,8.365,-4.61,-12.975,12.683556,-11.614922701981838,1024.905
1112,16.093,8.373333333333333,-4.5600000000000005,-12.933333333333334,12.764549333333331,-11.573247718477425,1024.88
1113,16.093,8.381666666666668,-4.510000000000001,-12.891666666666667,12.845542666666669,-11.531387678087043,1024.855
1114,16.093,8.39,-4.460000000000001,-12.85,12.926536,-11.489344479207322,1024.83
1115,16.093,8.398333333333333,-4.41,-12.808333333333334,13.007529333333334,-11.447119987817132,1024.805
1116,16.093,8.393333333333334,-4.366666666666667,-12.76,12.816385066666667,-11.340032322192108,1024.6933333333334
1117,16.093,8.385,-4.325,-12.71,12.5572064,-11.215837315442823,1024.56
1118,16.093,8.376666666666667,-4.283333333333333,-12.66,12.298027733333331,-11.090583179268522,1024.4266666666667
1119,16.093,8.368333333333334,-4.241666666666667,-12.61,12.038849066666668,-10.964226224939878,1024.2933333333333
1120,16.093,8.36,-4.2,-12.56,11.7796704,-10.836720026716849,1024.16
1121,16.093,8.351666666666667,-4.158333333333333,-12.51,11.520491733333332,-10.708015186718,1024.0266666666666
1122,16.093,8.343333333333334,-4.116666666666667,-12.46,11.261313066666666,-10.578059073827756,1023.8933333333332
1123,16.093,8.334999999999999,-4.075,-12.41,11.0021344,-10.446795533107126,1023.76
1124,16.093,8.326666666666666,-4.033333333333333,-12.36,10.742955733333334,-10.314164561597119,1023.6266666666668
1125,16.093,8.318333333333333,-3.991666666666666,-12.31,10.483777066666669,-10.180101945716764,1023.4933333333332
1126,16.093,8.309999999999999,-3.95,-12.26,10.2245984,-10.0445388546365,1023.36
1127,16.093,8.301666666666666,-3.908333333333333,-12.21,9.965419733333334,-9.907401383020034,1023.2266666666668
1128,16.093,8.299999999999999,-3.806666666666666,-12.106666666666666,10.0496528,-9.80761857661001,1023.0933333333334
1129,16.093,8.299999999999999,-3.69,-11.99,10.2197388,-9.716348708918812,1022.96
1130,16.093,8.299999999999999,-3.5733333333333333,-11.873333333333331,10.3898248,-9.623919600080661,1022.8266666666668
1131,16.093,8.299999999999999,-3.4566666666666666,-11.756666666666666,10.5599108,-9.530362238766784,1022.6933333333334
1132,16.093,8.299999999999999,-3.34,-11.64,10.7299968,-9.43570625516192,1022.56
1133,16.093,8.299999999999999,-3.223333333333333,-11.523333333333332,10.9000828,-9.339980001678962,1022.4266666666668
1134,16.093,8.299999999999999,-3.1066666666666665,-11.406666666666666,11.0701688,-9.243210627679897,1022.2933333333334
1135,16.093,8.299999999999999,-2.99,-11.29,11.2402548,-9.145424148733813,1022.16
1136,16.093,8.299999999999999,-2.873333333333333,-11.173333333333334,11.4103408,-9.046645510888313,1022.0266666666666
1137,16.093,8.299999999999999,-2.756666666666667,-11.056666666666668,11.5804268,-8.94689865038279,1021.8933333333332
1138,16.093,8.299999999999999,-2.64,-10.94,11.7505128,-8.84620654918924,1021.76
1139,16.093,8.299999999999999,-2.523333333333333,-10.823333333333334,11.9205988,-8.744591286728777,1021.6266666666668
1140,16.093,8.3,-2.4066666666666667,-10.706666666666669,12.090684800000002,-8.64207408807818,1021.4933333333332
1141,16.093,8.3,-2.29,-10.59,12.2607708,-8.538675368951061,1021.36
1142,16.093,8.3,-2.1733333333333333,-10.473333333333333,12.4308568,-8.43441477771141,1021.2266666666668
1143,16.093,8.3,-2.056666666666666,-10.356666666666667,12.6009428,-8.329311234653533,1021.0933333333334
1144,16.093,8.3,-1.94,-10.24,12.771028800000002,-8.223382968760927,1020.96
1145,16.093,8.3,-1.8233333333333333,-10.123333333333331,12.9411148,-8.11664755213755,1020.8266666666668
1146,16.093,8.3,-1.7066666666666666,-10.006666666666668,13.1112008,-8.009121932287773,1020.6933333333334
1147,16.093,8.3,-1.59,-9.89,13.2812868,-7.900822462405684,1020.56
1148,16.093,8.3,-1.4733333333333332,-9.773333333333332,13.4513728,-7.791764929820731,1020.4266666666666
1149,16.093,8.3,-1.3566666666666665,-9.656666666666666,13.6214588,-7.681964582733908,1020.2933333333332
1150,16.093,8.3,-1.2400000000000002,-9.54,13.7915448,-7.571436155367429,1020.16
1151,16.093,8.3,-1.1233333333333335,-9.423333333333334,13.961630800000002,-7.460193891640669,1020.0266666666666
1152,16.093,8.373333333333335,-1.0266666666666668,-9.4,13.801264000000002,-7.299021969143108,1019.9866666666668
1153,16.093,8.465,-0.935,-9.4,13.558284,-7.125039870171314,1019.97
1154,16.093,8.556666666666667,-0.8433333333333335,-9.4,13.315304,-6.95055798601802,1019.9533333333334
1155,16.093,8.648333333333333,-0.7516666666666667,-9.4,13.072324,-6.775555652128399,1019.9366666666666
1156,16.093,8.74,-0.6600000000000001,-9.4,12.829344,-6.600011045321884,1019.92
1157,16.093,8.831666666666667,-0.5683333333333334,-9.4,12.586364,-6.423901096763459,1019.9033333333332
1158,16.093,8.923333333333334,-0.4766666666666667,-9.4,12.343384,-6.247201396620455,1019.8866666666668
1159,16.093,9.015,-0.385,-9.4,12.100404,-6.069886089431924,1019.87
1160,16.093,9.106666666666667,-0.2933333333333333,-9.4,11.857424,-5.891927759082278,1019.8533333333334
1161,16.093,9.198333333333334,-0.2016666666666667,-9.4,11.614444,-5.7132973021128555,1019.8366666666666
1162,16.093,9.29,-0.1100000000000001,-9.4,11.371464,-5.533963787921385,1019.82
1163,16.093,9.381666666666668,-0.0183333333333333,-9.4,11.128484,-5.353894304183868,1019.8033333333332
1164,16.093,9.22,0.0,-9.22,11.274272,-5.369166941568482,1019.7733333333332
1165,16.093,8.995000000000001,0.0,-8.995000000000001,11.517252,-5.432353103697549,1019.74
1166,16.093,8.77,0.0,-8.77,11.760232,-5.49442925867505,1019.7066666666666
1167,16.093,8.545,0.0,-8.545,12.003212,-5.555437246997313,1019.6733333333332
1168,16.093,8.32,0.0,-8.32,12.246192,-5.615416523666616,1019.64
1169,16.093,8.095,0.0,-8.095,12.489172,-5.674404338474984,1019.6066666666668
1170,16.093,7.87,0.0,-7.87,12.732152,-5.732435899445756,1019.5733333333332
1171,16.093,7.645,0.0,-7.645,12.975132,-5.789544521295463,1019.54
1172,16.093,7.42,0.0,-7.42,13.218112,-5.8457617605419205,1019.5066666666668
1173,16.093,7.195,0.0,-7.195,13.461092,-5.901117538681396,1019.4733333333334
1174,16.093,6.970000000000001,0.0,-6.970000000000001,13.704072,-5.955640254683432,1019.44
1175,16.093,6.745,0.0,-6.745,13.947052,-6.009356887901424,1019.4066666666666
1176,16.093,6.473333333333334,0.0,-6.473333333333334,13.930853333333337,-6.005800335997277,1019.36
1177,16.093,6.19,0.0,-6.19,13.84986,-5.987965294045269,1019.31
1178,16.093,5.906666666666666,0.0,-5.906666666666666,13.768866666666668,-5.970042425111236,1019.26
1179,16.093,5.623333333333333,0.0,-5.623333333333333,13.687873333333334,-5.952030776233853,1019.21
1180,16.093,5.34,0.0,-5.34,13.60688,-5.933929378397421,1019.16
1181,16.093,5.056666666666667,0.0,-5.056666666666667,13.525886666666668,-5.915737246164008,1019.11
1182,16.093,4.773333333333333,0.0,-4.773333333333333,13.444893333333331,-5.897453377294843,1019.06
1183,16.093,4.49,0.0,-4.49,13.3639,-5.879076752360708,1019.01
1184,16.093,4.206666666666667,0.0,-4.206666666666667,13.282906666666667,-5.860606334340824,1018.96
1185,16.093,3.923333333333333,0.0,-3.923333333333333,13.201913333333334,-5.842041068209889,1018.91
1186,16.093,3.64,0.0,-3.64,13.12092,-5.823379880512823,1018.86
1187,16.093,3.3566666666666665,0.0,-3.3566666666666665,13.039926666666666,-5.80462167892677,1018.81
1188,16.093,3.1933333333333334,0.0,-3.1933333333333334,13.023728,-5.800858299463604,1018.7466666666668
1189,16.093,3.06,0.0,-3.06,13.023728,-5.800858299463604,1018.68
1190,16.093,2.9266666666666667,0.0,-2.9266666666666667,13.023728,-5.800858299463604,1018.6133333333332
1191,16.093,2.793333333333333,0.0,-2.793333333333333,13.023728,-5.800858299463604,1018.5466666666666
1192,16.093,2.66,0.0,-2.66,13.023728,-5.800858299463604,1018.48
1193,16.093,2.5266666666666664,0.0,-2.5266666666666664,13.023728,-5.800858299463604,1018.4133333333332
1194,16.093,2.393333333333333,0.0,-2.393333333333333,13.023728,-5.800858299463604,1018.3466666666668
1195,16.093,2.26,0.0,-2.26,13.023728,-5.800858299463604,1018.28
1196,16.093,2.1266666666666665,0.0,-2.1266666666666665,13.023728,-5.800858299463604,1018.2133333333334
1197,16.093,1.9933333333333327,0.0,-1.9933333333333327,13.023728,-5.800858299463604,1018.1466666666666
1198,16.093,1.86,0.0,-1.86,13.023728,-5.800858299463604,1018.08
1199,16.093,1.7266666666666666,0.0,-1.7266666666666666,13.023728,-5.800858299463604,1018.0133333333332
1200,16.093,1.7,0.0,-1.7,13.023728,-5.800858299463604,1018.0
