idx,VIS_km,TD_SPREAD,TEMP_C,DEWP_C,WND_KT,WIND_CHILL,SLP_hPa
0,0.805,3.0,-21.0,-24.0,17.105792,-34.16999670604139,953.1
1,0.805,3.0,-21.0,-24.0,17.105792,-34.16999670604139,953.1
2,0.805,3.0,-21.0,-24.0,17.105792,-34.16999670604139,953.1
3,0.805,3.0,-21.0,-24.0,17.105792,-34.16999670604139,953.1
4,0.805,3.0,-21.0,-24.0,17.834732000000002,-34.399368880942276,952.875
5,0.805,3.0,-21.0,-24.0,18.563672,-34.62099679037542,952.65
6,0.805,3.0,-21.0,-24.0,19.292612,-34.835431123633896,952.425
7,0.805,3.0,-21.0,-24.0,20.021552,-35.04316436988388,952.2
8,0.70425,2.75,-21.0,-23.75,20.021552,-35.04316436988388,952.025
9,0.6035,2.5,-21.0,-23.5,20.021552,-35.04316436988388,951.85
10,0.50275,2.25,-21.0,-23.25,20.021552,-35.04316436988388,951.675
11,0.402,2.0,-21.0,-23.0,20.021552,-35.04316436988388,951.5
12,0.402,2.25,-20.75,-23.0,19.292612,-34.50439790148122,951.5
13,0.402,2.5,-20.5,-23.0,18.563672,-33.961088679102254,951.5
14,0.402,2.75,-20.25,-23.0,17.834732000000002,-33.41285282118697,951.5
15,0.402,3.0,-20.0,-23.0,17.105792,-32.859259331688314,951.5
16,0.50275,3.0,-20.0,-23.0,17.834732000000002,-33.08401413460188,951.425
17,0.6035,3.0,-20.0,-23.0,18.563672,-33.30118056782909,951.35
18,0.70425,3.0,-20.0,-23.0,19.292612,-33.51129823502319,951.275
19,0.805,3.0,-20.0,-23.0,20.021552,-33.714849711307025,951.2
20,0.70425,3.0,-20.0,-23.0,19.778572,-33.647701107633566,950.95
21,0.6035,3.0,-20.0,-23.0,19.535592,-33.579855957292125,950.7
22,0.50275,3.0,-20.0,-23.0,19.292612,-33.51129823502319,950.45
23,0.402,3.0,-20.0,-23.0,19.049632000000003,-33.442011339289735,950.2
24,0.402,2.75,-20.0,-22.75,19.778572000000004,-33.647701107633566,949.875
25,0.402,2.5,-20.0,-22.5,20.507512,-33.847118657085375,949.55
26,0.402,2.25,-20.0,-22.25,21.236452,-34.040668315328816,949.225
27,0.402,2.0,-20.0,-22.0,21.965392,-34.22871553780786,948.9
28,0.402,2.25,-19.75,-22.0,22.208372,-33.955199528046116,948.75
29,0.402,2.5,-19.5,-22.0,22.451352,-33.68049458933712,948.6
30,0.402,2.75,-19.25,-22.0,22.694332000000003,-33.404620378250186,948.45
31,0.402,3.0,-19.0,-22.0,22.937312,-33.127595991344776,948.3
32,0.50275,2.75,-19.0,-21.75,23.228888,-33.19727052759331,948.3
33,0.6035,2.5,-19.0,-21.5,23.520464,-33.26621425252711,948.3
34,0.70425,2.25,-19.0,-21.25,23.812040000000003,-33.334443750248994,948.3
35,0.805,2.0,-19.0,-21.0,24.103616,-33.4019750310598,948.3
36,0.805,2.0,-19.0,-21.0,24.589576,-33.51301733378818,947.9
37,0.805,2.0,-19.0,-21.0,25.075536,-33.622231295436194,947.5
38,0.805,2.0,-19.0,-21.0,25.561496,-33.72968159295791,947.1
39,0.805,2.0,-19.0,-21.0,26.047456,-33.83542943843588,946.7
40,0.9055,2.25,-18.75,-21.0,24.298,-33.10897819501256,946.775
41,1.006,2.5,-18.5,-21.0,22.548544,-32.3625873241999,946.85
42,1.1065,2.75,-18.25,-21.0,20.799088,-31.59310743723254,946.925
43,1.207,3.0,-18.0,-21.0,19.049632000000003,-30.796592427784205,947.0
44,1.1065,2.75,-18.0,-20.75,19.049632000000003,-30.796592427784205,946.75
45,1.006,2.5,-18.0,-20.5,19.049632000000003,-30.796592427784205,946.5
46,0.9055,2.25,-18.0,-20.25,19.049632000000003,-30.796592427784205,946.25
47,0.805,2.0,-18.0,-20.0,19.049632000000003,-30.796592427784205,946.0
48,0.805,2.0,-17.75,-19.75,19.778572000000004,-30.66209700915441,945.85
49,0.805,2.0,-17.5,-19.5,20.507512,-30.51953866388145,945.7
50,0.805,2.0,-17.25,-19.25,21.236452,-30.369395519249718,945.55
51,0.805,2.0,-17.0,-19.0,21.965392,-30.21210091955799,945.4
52,0.70425,2.0,-17.0,-19.0,22.499948000000003,-30.33840272447353,945.075
53,0.6035,2.0,-17.0,-19.0,23.034504,-30.462208603817224,944.75
54,0.50275,2.0,-17.0,-19.0,23.56906,-30.583624121546208,944.425
55,0.402,2.0,-17.0,-19.0,24.103616,-30.70274810484876,944.1
56,0.6032500000000001,2.0,-17.0,-19.0,23.32608,-30.528725114975614,944.175
57,0.8045,2.0,-17.0,-19.0,22.548544,-30.349759304736487,944.25
58,1.00575,2.0,-17.0,-19.0,21.771008,-30.165532348235686,944.325
59,1.207,2.0,-17.0,-19.0,20.993472,-29.97569312531055,944.4
60,1.207,2.0,-17.0,-19.0,20.750492,-29.915157092228664,944.225
61,1.207,2.0,-17.0,-19.0,20.507512,-29.854022665240656,944.05
62,1.207,2.0,-17.0,-19.0,20.264532,-29.792276733043977,943.875
63,1.207,2.0,-17.0,-19.0,20.021552,-29.72990573557647,943.7
64,1.207,2.0,-16.75,-18.75,20.021552,-29.39782707093226,943.625
65,1.207,2.0,-16.5,-18.5,20.021552,-29.065748406288044,943.55
66,1.207,2.0,-16.25,-18.25,20.021552,-28.733669741643833,943.475
67,1.207,2.0,-16.0,-18.0,20.021552,-28.401591076999622,943.4
68,1.3075,2.0,-16.0,-18.0,19.292612,-28.214766680580347,943.475
69,1.408,2.0,-16.0,-18.0,18.563672,-28.021915677643754,943.55
70,1.5085,2.0,-16.0,-18.0,17.834732000000002,-27.822595149240293,943.625
71,1.609,2.0,-16.0,-18.0,17.105792,-27.616309834275995,943.7
72,1.30725,1.75,-16.0,-17.75,16.571236,-27.460287928318465,943.7
73,1.0055,1.5,-16.0,-17.5,16.03668,-27.299979462413763,943.7
74,0.7037500000000002,1.25,-16.0,-17.25,15.502124,-27.135117713344055,943.7
75,0.402,1.0,-16.0,-17.0,14.967568,-26.96540944206067,943.7
76,0.50275,1.0,-16.0,-17.0,15.502124,-27.135117713344055,943.625
77,0.6035,1.0,-16.0,-17.0,16.03668,-27.299979462413763,943.55
78,0.70425,1.0,-16.0,-17.0,16.571236,-27.460287928318465,943.475
79,0.805,1.0,-16.0,-17.0,17.105792,-27.616309834275995,943.4
80,0.70425,1.25,-16.0,-17.25,18.320692,-27.956217641385827,943.325
81,0.6035,1.5,-16.0,-17.5,19.535592,-28.277690592097027,943.25
82,0.50275,1.75,-16.0,-17.75,20.750492,-28.582786655903405,943.175
83,0.402,2.0,-16.0,-18.0,21.965392,-28.873229380141368,943.1
84,0.50275,2.0,-16.0,-18.0,21.722412,-28.816239736045326,943.1
85,0.6035,2.0,-16.0,-18.0,21.479432000000003,-28.75871207923307,943.1
86,0.70425,2.0,-16.0,-18.0,21.236452,-28.70063515739558,943.1
87,0.805,2.0,-16.0,-18.0,20.993472,-28.641997350804843,943.1
88,0.805,1.75,-16.25,-18.0,20.750492,-28.91587926498472,943.1
89,0.805,1.5,-16.5,-18.0,20.507512,-29.18850666659987,943.1
90,0.805,1.25,-16.75,-18.0,20.264532,-29.459856690462992,943.1
91,0.805,1.0,-17.0,-18.0,20.021552,-29.72990573557647,943.1
92,0.805,1.25,-17.0,-18.25,20.021552,-29.72990573557647,943.175
93,0.805,1.5,-17.0,-18.5,20.021552,-29.72990573557647,943.25
94,0.805,1.75,-17.0,-18.75,20.021552,-29.72990573557647,943.325
95,0.805,2.0,-17.0,-19.0,20.021552,-29.72990573557647,943.4
96,0.9055,2.0,-17.25,-19.25,20.264532,-30.12469677562497,943.475
97,1.006,2.0,-17.5,-19.5,20.507512,-30.51953866388145,943.55
98,1.1065,2.0,-17.75,-19.75,20.750492,-30.91443491947262,943.625
99,1.207,2.0,-18.0,-20.0,20.993472,-31.309388899816256,943.7
100,1.207,2.0,-18.0,-20.0,20.021552,-31.058220394153324,943.95
101,1.207,2.0,-18.0,-20.0,19.049632000000003,-30.796592427784205,944.2
102,1.207,2.0,-18.0,-20.0,18.077712,-30.523500874297262,944.45
103,1.207,2.0,-18.0,-20.0,17.105792,-30.23778458298215,944.7
104,1.3075,2.0,-18.0,-20.0,17.105792,-30.23778458298215,944.775
105,1.408,2.0,-18.0,-20.0,17.105792,-30.23778458298215,944.85
106,1.5085,2.0,-18.0,-20.0,17.105792,-30.23778458298215,944.925
107,1.609,2.0,-18.0,-20.0,17.105792,-30.23778458298215,945.0
108,1.70975,2.0,-18.0,-20.0,16.571236,-30.07477806759568,945.25
109,1.8105,2.0,-18.0,-20.0,16.03668,-29.907293096471236,945.5
110,1.91125,2.0,-18.0,-20.0,15.502124,-29.73505100603243,945.75
111,2.012,2.0,-18.0,-20.0,14.967568,-29.557745429841752,946.0
112,2.012,2.0,-18.0,-20.0,14.238628,-29.307188502183802,946.25
113,2.012,2.0,-18.0,-20.0,13.509688,-29.045614751382693,946.5
114,2.012,2.0,-18.0,-20.0,12.780748,-28.771904166110573,946.75
115,2.012,2.0,-18.0,-20.0,12.051808,-28.484750647871067,947.0
116,2.716,2.0,-18.0,-20.0,11.808828000000002,-28.38578757812531,947.25
117,3.42,2.0,-18.0,-20.0,11.565848,-28.285098993758986,947.5
118,4.1240000000000006,2.0,-18.0,-20.0,11.322868,-28.182617592289233,947.75
119,4.828,2.0,-18.0,-20.0,11.079888,-28.078271931533067,948.0
120,6.035,2.0,-18.0,-20.0,10.788312,-27.950489062597853,948.3
121,7.242000000000001,2.0,-18.0,-20.0,10.496736,-27.81977148287329,948.6
122,8.449,2.0,-18.0,-20.0,10.20516,-27.685967393310456,948.9
123,9.656,2.0,-18.0,-20.0,9.913584,-27.548912524125903,949.2
124,10.46075,2.25,-18.0,-20.25,10.20516,-27.685967393310456,949.45
125,11.2655,2.5,-18.0,-20.5,10.496736,-27.81977148287329,949.7
126,12.07025,2.75,-18.0,-20.75,10.788312,-27.950489062597853,949.95
127,12.875,3.0,-18.0,-21.0,11.079888,-28.078271931533067,950.2
128,11.668,2.75,-18.25,-21.0,11.565848,-28.602324594221315,950.45
129,10.461,2.5,-18.5,-21.0,12.051808,-29.121340549850885,950.7
130,9.254,2.25,-18.75,-21.0,12.537768,-29.635736655845708,950.95
131,8.047,2.0,-19.0,-21.0,13.023728,-30.14588301353652,951.2
132,10.0585,2.25,-19.0,-21.25,12.780748,-30.051236040637118,951.525
133,12.07,2.5,-19.0,-21.5,12.537768,-29.955065330476515,951.85
134,14.0815,2.75,-19.0,-21.75,12.294788,-29.85731609670617,952.175
135,16.093,3.0,-19.0,-22.0,12.051808,-29.757930451830696,952.5
136,16.093,3.0,-19.0,-22.0,12.537768000000002,-29.955065330476515,952.75
137,16.093,3.0,-19.0,-22.0,13.023728000000002,-30.14588301353652,953.0
138,16.093,3.0,-19.0,-22.0,13.509688,-30.330810690698797,953.25
139,16.093,3.0,-19.0,-22.0,13.995648,-30.51023253905678,953.5
140,14.48375,3.0,-19.0,-22.0,14.773184,-30.786708703410504,953.65
141,12.8745,3.0,-19.0,-22.0,15.550720000000002,-31.051220291354248,953.8
142,11.26525,3.0,-19.0,-22.0,16.328256,-31.30484614888843,953.95
143,9.656,3.0,-19.0,-22.0,17.105792,-31.548521957335232,954.1
144,8.85125,2.75,-19.25,-22.0,17.105792,-31.876206300923503,954.175
145,8.0465,2.5,-19.5,-22.0,17.105792,-32.20389064451177,954.25
146,7.241750000000001,2.25,-19.75,-22.0,17.105792,-32.53157498810004,954.325
147,6.437,2.0,-20.0,-22.0,17.105792,-32.859259331688314,954.4
148,8.44875,2.25,-20.0,-22.25,16.328256,-32.61047243492193,954.575
149,10.4605,2.5,-20.0,-22.5,15.550720000000002,-32.35152678726887,954.75
150,12.47225,2.75,-20.0,-22.75,14.773184,-32.08146708153637,954.925
151,14.484,3.0,-20.0,-23.0,13.995648,-31.799191842981244,955.1
152,14.88625,2.75,-20.25,-23.0,13.752668,-32.03005183304277,955.25
153,15.2885,2.5,-20.5,-23.0,13.509688,-32.258604599672964,955.4
154,15.69075,2.25,-20.75,-23.0,13.266708,-32.484783164892725,955.55
155,16.093,2.0,-21.0,-23.0,13.023728,-32.70851719396525,955.7
156,16.093,2.25,-21.0,-23.25,12.537768,-32.509694727522984,955.875
157,16.093,2.5,-21.0,-23.5,12.051808,-32.30429005974996,956.05
158,16.093,2.75,-21.0,-23.75,11.565848,-32.09180619930696,956.225
159,16.093,3.0,-21.0,-24.0,11.079888,-31.87168574590377,956.4
160,16.093,2.75,-21.25,-24.0,10.545332,-31.9348319152114,956.475
161,16.093,2.5,-21.5,-24.0,10.010776,-31.984378313017316,956.55
162,16.093,2.25,-21.75,-24.0,9.47622,-32.019040875836936,956.625
163,16.093,2.0,-22.0,-24.0,8.941664,-32.037328671230995,956.7
164,16.093,2.25,-22.0,-24.25,8.698684,-31.898851420962906,956.95
165,16.093,2.5,-22.0,-24.5,8.455703999999999,-31.757085950487124,957.2
166,16.093,2.75,-22.0,-24.75,8.212724,-31.6118562361021,957.45
167,16.093,3.0,-22.0,-25.0,7.969743999999999,-31.462971273061882,957.7
168,16.093,3.0,-22.25,-25.25,7.726763999999999,-31.617333218789376,957.85
169,16.093,3.0,-22.5,-25.5,7.483784,-31.766058122800054,958.0
170,16.093,3.0,-22.75,-25.75,7.240804000000001,-31.908834030607412,958.15
171,16.093,3.0,-23.0,-26.0,6.9978240000000005,-32.045319666166364,958.3
172,16.093,2.75,-23.25,-26.0,7.483784,-32.68506669961359,958.4
173,16.093,2.5,-23.5,-26.0,7.969744,-33.31015211537779,958.5
174,16.093,2.25,-23.75,-26.0,8.455703999999999,-33.92228697889972,958.6
175,16.093,2.0,-24.0,-26.0,8.941664,-34.52290432624947,958.7
176,16.093,2.25,-23.75,-26.0,9.184644,-34.35223310880701,958.85
177,16.093,2.5,-23.5,-26.0,9.427624,-34.177163237781905,959.0
178,16.093,2.75,-23.25,-26.0,9.670604,-33.99788179151845,959.15
179,16.093,3.0,-23.0,-26.0,9.913584,-33.81456303901646,959.3
180,16.093,3.0,-23.0,-26.0,10.20516,-33.96629944914003,959.375
181,16.093,3.0,-23.0,-26.0,10.496736,-34.11443685083116,959.45
182,16.093,3.0,-23.0,-26.0,10.788312,-34.259157110720196,959.525
183,16.093,3.0,-23.0,-26.0,11.079888,-34.400628288817565,959.6
184,16.093,3.0,-23.0,-26.0,10.545332,-34.13878949397778,959.675
185,16.093,3.0,-23.0,-26.0,10.010776,-33.86555357290583,959.75
186,16.093,3.0,-23.0,-26.0,9.47622,-33.579774144604826,959.825
187,16.093,3.0,-23.0,-26.0,8.941664,-33.28011649874023,959.9
188,16.093,3.0,-22.75,-25.75,9.184644,-33.10677435525979,960.0
189,16.093,3.0,-22.5,-25.5,9.427624,-32.92909226709729,960.1
190,16.093,3.0,-22.25,-25.25,9.670604,-32.74725455777471,960.2
191,16.093,3.0,-22.0,-25.0,9.913584,-32.56143293603835,960.3
192,16.093,3.0,-21.75,-24.75,9.913584,-32.24815041029382,960.3
193,16.093,3.0,-21.5,-24.5,9.913584,-31.934867884549295,960.3
194,16.093,3.0,-21.25,-24.25,9.913584,-31.621585358804765,960.3
195,16.093,3.0,-21.0,-24.0,9.913584,-31.30830283306024,960.3
196,16.093,3.0,-21.0,-24.0,9.670604,-31.18397051559505,960.45
197,16.093,3.0,-21.0,-24.0,9.427624,-31.056985811070383,960.6
198,16.093,3.0,-21.0,-24.0,9.184644,-30.927221536552146,960.75
199,16.093,3.0,-21.0,-24.0,8.941664,-30.79454084372176,960.9
200,16.093,3.0,-21.0,-24.0,9.184644,-30.927221536552146,960.9
201,16.093,3.0,-21.0,-24.0,9.427624,-31.056985811070383,960.9
202,16.093,3.0,-21.0,-24.0,9.670604,-31.18397051559505,960.9
203,16.093,3.0,-21.0,-24.0,9.913584,-31.30830283306024,960.9
204,16.093,2.75,-21.0,-23.75,10.69112,-31.689671586181106,960.975
205,16.093,2.5,-21.0,-23.5,11.468656,-32.048412045764245,961.05
206,16.093,2.25,-21.0,-23.25,12.246192,-32.38727234462617,961.125
207,16.093,2.0,-21.0,-23.0,13.023728,-32.70851719396525,961.2
208,16.093,2.25,-20.75,-23.0,12.780748,-32.29006682105858,961.375
209,16.093,2.5,-20.5,-23.0,12.537768,-31.871037378261363,961.55
210,16.093,2.75,-20.25,-23.0,12.294788,-31.451396613035424,961.725
211,16.093,3.0,-20.0,-23.0,12.051808,-31.03111025579033,961.9
212,14.0815,3.0,-20.0,-23.0,12.294788,-31.132580509769575,961.975
213,12.07,3.0,-20.0,-23.0,12.537768,-31.23238002899975,962.05
214,10.0585,3.0,-20.0,-23.0,12.780748,-31.33056791516367,962.125
215,8.047,3.0,-20.0,-23.0,13.023728,-31.427200103750884,962.2
216,8.047,3.0,-20.0,-23.0,11.760232,-30.907052303643667,962.275
217,8.047,3.0,-20.0,-23.0,10.496736,-30.337637630056438,962.35
218,8.047,3.0,-20.0,-23.0,9.23324,-29.70741737617455,962.425
219,8.047,3.0,-20.0,-23.0,7.969743999999999,-29.000063483307336,962.5
220,8.449250000000001,3.0,-20.0,-23.0,8.99026,-29.577990365902878,962.6
221,8.851500000000001,3.0,-20.0,-23.0,10.010776,-30.1032030531288,962.7
222,9.25375,3.0,-20.0,-23.0,11.031292,-30.585210949666624,962.8
223,9.656,3.0,-20.0,-23.0,12.051808,-31.03111025579033,962.9
224,11.26525,3.0,-20.0,-23.0,11.517252,-30.801681169864796,962.975
225,12.8745,3.0,-20.0,-23.0,10.982696,-30.56312585094017,963.05
226,14.48375,3.0,-20.0,-23.0,10.44814,-30.314609377445695,963.125
227,16.093,3.0,-20.0,-23.0,9.913584,-30.055172730082127,963.2
228,16.093,3.0,-19.75,-22.75,9.913584,-29.741890204337594,963.2
229,16.093,3.0,-19.5,-22.5,9.913584,-29.428607678593067,963.2
230,16.093,3.0,-19.25,-22.25,9.913584,-29.11532515284854,963.2
231,16.093,3.0,-19.0,-22.0,9.913584,-28.802042627104015,963.2
232,15.69075,3.0,-19.0,-22.0,9.670604,-28.682716048107583,963.2
233,15.2885,3.0,-19.0,-22.0,9.427624,-28.56084386970116,963.2
234,14.88625,3.0,-19.0,-22.0,9.184644,-28.436304029457688,963.2
235,14.484,3.0,-19.0,-22.0,8.941664,-28.308965188703283,963.2
236,13.67925,3.0,-18.75,-21.75,9.47622,-28.27328103079399,963.275
237,12.8745,3.0,-18.5,-21.5,10.010776,-28.222027793240287,963.35
238,12.06975,3.0,-18.25,-21.25,10.545332,-28.156618923040455,963.425
239,11.265,3.0,-18.0,-21.0,11.079888,-28.078271931533067,963.5
240,10.4605,3.0,-18.0,-21.0,10.545332,-27.841767840359545,963.575
241,9.656,3.0,-18.0,-21.0,10.010776,-27.594969373277443,963.65
242,8.851500000000001,3.0,-18.0,-21.0,9.47622,-27.336841069533257,963.725
243,8.047,3.0,-18.0,-21.0,8.941664,-27.066177361194047,963.8
244,10.0585,3.0,-17.75,-20.75,9.96218,-27.258582008523327,963.725
245,12.07,3.0,-17.5,-20.5,10.982696,-27.40421206856999,963.65
246,14.0815,3.0,-17.25,-20.25,12.003212,-27.510523986706552,963.575
247,16.093,3.0,-17.0,-20.0,13.023728,-27.583248833107795,963.5
248,16.093,3.25,-16.75,-20.0,14.044244,-27.626894008807984,963.575
249,16.093,3.5,-16.5,-20.0,15.06476,-27.64507364589482,963.65
250,16.093,3.75,-16.25,-20.0,16.085276,-27.640733708534924,963.725
251,16.093,4.0,-16.0,-20.0,17.105792,-27.616309834275995,963.8
252,16.093,4.0,-16.0,-20.0,16.328256,-27.38796729078793,963.9
253,16.093,4.0,-16.0,-20.0,15.550720000000002,-27.1503008036104,964.0
254,16.093,4.0,-16.0,-20.0,14.773184,-26.902433569032915,964.1
255,16.093,4.0,-16.0,-20.0,13.995648,-26.643354627283408,964.2
256,16.093,4.0,-16.0,-20.0,13.509688,-26.47522287275047,964.275
257,16.093,4.0,-16.0,-20.0,13.023728000000002,-26.30193174289343,964.35
258,16.093,4.0,-16.0,-20.0,12.537768000000002,-26.12312123490682,964.425
259,16.093,4.0,-16.0,-20.0,12.051808,-25.938391039951807,964.5
260,16.093,4.0,-16.0,-20.0,11.274272,-25.629374072378546,964.5
261,16.093,4.0,-16.0,-20.0,10.496736,-25.301905335690144,964.5
262,16.093,4.0,-16.0,-20.0,9.7192,-24.95338525788898,964.5
263,16.093,4.0,-16.0,-20.0,8.941664,-24.58060170617557,964.5
264,16.093,3.75,-16.0,-19.75,8.698684,-24.45852008515089,964.5
265,16.093,3.5,-16.0,-19.5,8.455703999999999,-24.33353956735823,964.5
266,16.093,3.25,-16.0,-19.25,8.212724,-24.205504970204174,964.5
267,16.093,3.0,-16.0,-19.0,7.969743999999999,-24.074247903798245,964.5
268,16.093,3.0,-16.0,-19.0,7.483784,-23.801317123749406,964.575
269,16.093,3.0,-16.0,-19.0,6.997824,-23.51306999031069,964.65
270,16.093,3.0,-16.0,-19.0,6.511864,-23.20748794899312,964.725
271,16.093,3.0,-16.0,-19.0,6.025904000000001,-22.88210990555759,964.8
272,16.093,2.75,-16.0,-18.75,6.025904000000001,-22.88210990555759,964.8
273,16.093,2.5,-16.0,-18.5,6.025904000000001,-22.88210990555759,964.8
274,16.093,2.25,-16.0,-18.25,6.025904000000001,-22.88210990555759,964.8
275,16.093,2.0,-16.0,-18.0,6.025904000000001,-22.88210990555759,964.8
276,16.093,2.25,-15.75,-18.0,6.9978240000000005,-23.208346787601563,964.875
277,16.093,2.5,-15.5,-18.0,7.969744,-23.458520956359607,964.95
278,16.093,2.75,-15.25,-18.0,8.941664,-23.648510835543647,965.025
279,16.093,3.0,-15.0,-18.0,9.913584,-23.789522215191568,965.1
280,16.093,3.25,-14.75,-18.0,11.17708,-24.007784925563797,965.1
281,16.093,3.5,-14.5,-18.0,12.440576,-24.17191442172214,965.1
282,16.093,3.75,-14.25,-18.0,13.704072,-24.29132500789304,965.1
283,16.093,4.0,-14.0,-18.0,14.967568,-24.373073454279584,965.1
284,16.093,4.0,-14.0,-18.0,14.724588,-24.29777381672912,965.1
285,16.093,4.0,-14.0,-18.0,14.481608,-24.22142308611047,965.1
286,16.093,4.0,-14.0,-18.0,14.238628,-24.143988579751017,965.1
287,16.093,4.0,-14.0,-18.0,13.995648,-24.065436019434486,965.1
288,16.093,4.0,-14.0,-18.0,14.238628,-24.143988579751017,965.2
289,16.093,4.0,-14.0,-18.0,14.481608,-24.22142308611047,965.3
290,16.093,4.0,-14.0,-18.0,14.724588,-24.29777381672912,965.4
291,16.093,4.0,-14.0,-18.0,14.967568,-24.373073454279584,965.5
292,16.093,3.75,-14.0,-17.75,14.724588,-24.29777381672912,965.575
293,16.093,3.5,-14.0,-17.5,14.481608,-24.22142308611047,965.65
294,16.093,3.25,-14.0,-17.25,14.238628,-24.143988579751017,965.725
295,16.093,3.0,-14.0,-17.0,13.995648,-24.065436019434486,965.8
296,16.093,3.0,-14.0,-17.0,15.016164000000002,-24.38801002027442,965.8
297,16.093,3.0,-14.0,-17.0,16.03668,-24.69266582835629,965.8
298,16.093,3.0,-14.0,-17.0,17.057196,-24.981449179926827,965.8
299,16.093,3.0,-14.0,-17.0,18.077712,-25.25606626108953,965.8
300,16.093,3.25,-14.0,-17.25,17.300176,-25.048061306446492,965.8
301,16.093,3.5,-14.0,-17.5,16.522640000000003,-24.83204956270727,965.8
302,16.093,3.75,-14.0,-17.75,15.745104,-24.607323327662456,965.8
303,16.093,4.0,-14.0,-18.0,14.967568,-24.373073454279584,965.8
304,16.093,4.0,-14.0,-18.0,15.210548,-24.447353184692098,965.725
305,16.093,4.0,-14.0,-18.0,15.453528,-24.5206427883667,965.65
306,16.093,4.0,-14.0,-18.0,15.696508,-24.592970724488595,965.575
307,16.093,4.0,-14.0,-18.0,15.939488,-24.664364209066385,965.5
308,16.093,4.5,-13.75,-18.25,15.453528,-24.195736313194026,965.575
309,16.093,5.0,-13.5,-18.5,14.967568,-23.72498945733431,965.65
310,16.093,5.5,-13.25,-18.75,14.481608,-23.251962242175,965.725
311,16.093,6.0,-13.0,-19.0,13.995648,-22.77647671551003,965.8
312,16.093,5.75,-13.0,-18.75,13.752668,-22.698637838825995,965.8
313,16.093,5.5,-13.0,-18.5,13.509688,-22.619635054802142,965.8
314,16.093,5.25,-13.0,-18.25,13.266708,-22.539429549022245,965.8
315,16.093,5.0,-13.0,-18.0,13.023728,-22.457980472250338,965.8
316,16.093,5.0,-13.0,-18.0,12.780748,-22.375244793477826,965.8
317,16.093,5.0,-13.0,-18.0,12.537768,-22.291177139337115,965.8
318,16.093,5.0,-13.0,-18.0,12.294788,-22.20572961832577,965.8
319,16.093,5.0,-13.0,-18.0,12.051808,-22.118851628072917,965.8
320,15.69075,5.0,-13.0,-18.0,13.023728,-22.457980472250338,965.8
321,15.2885,5.0,-13.0,-18.0,13.995648,-22.77647671551003,965.8
322,14.88625,5.0,-13.0,-18.0,14.967568,-23.076905460389042,965.8
323,14.484,5.0,-13.0,-18.0,15.939488,-23.361370567502956,965.8
324,13.67925,5.0,-13.0,-18.0,14.967568,-23.076905460389042,965.725
325,12.8745,5.0,-13.0,-18.0,13.995648,-22.77647671551003,965.65
326,12.06975,5.0,-13.0,-18.0,13.023728,-22.457980472250338,965.575
327,11.265,5.0,-13.0,-18.0,12.051808,-22.118851628072917,965.5
328,9.65575,4.75,-13.0,-17.75,11.808828000000002,-22.03048964363385,965.5
329,8.0465,4.5,-13.0,-17.5,11.565848,-21.940586984512368,965.5
330,6.43725,4.25,-13.0,-17.25,11.322868,-21.849083557777245,965.5
331,4.828,4.0,-13.0,-17.0,11.079888,-21.75591557424856,965.5
332,4.828,4.0,-13.0,-17.0,12.051808,-22.118851628072917,965.5
333,4.828,4.0,-13.0,-17.0,13.023728,-22.457980472250338,965.5
334,4.828,4.0,-13.0,-17.0,13.995648,-22.77647671551003,965.5
335,4.828,4.0,-13.0,-17.0,14.967568,-23.076905460389042,965.5
336,7.242,4.25,-13.0,-17.25,15.210548,-23.14944463686807,965.4
337,9.656,4.5,-13.0,-17.5,15.453528,-23.221016887675994,965.3
338,12.07,4.75,-13.0,-17.75,15.696508,-23.291650005130418,965.2
339,14.484,5.0,-13.0,-18.0,15.939488,-23.361370567502956,965.1
340,11.86875,4.75,-13.0,-17.75,15.453528,-23.221016887675994,965.1
341,9.2535,4.5,-13.0,-17.5,14.967568,-23.076905460389042,965.1
342,6.63825,4.25,-13.0,-17.25,14.481608,-22.928808627529847,965.1
343,4.023,4.0,-13.0,-17.0,13.995648,-22.77647671551003,965.1
344,4.22425,4.0,-13.0,-17.0,15.259144,-23.163835533649717,965.025
345,4.4255,4.0,-13.0,-17.0,16.522640000000003,-23.525126647299587,964.95
346,4.62675,4.0,-13.0,-17.0,17.786136000000003,-23.86390957860811,964.875
347,4.828,4.0,-13.0,-17.0,19.049632000000003,-24.183045149020376,964.8
348,6.83975,4.25,-13.25,-17.5,19.049632000000003,-24.513722512958566,964.8
349,8.851500000000001,4.5,-13.5,-18.0,19.049632000000003,-24.84439987689676,964.8
350,10.86325,4.75,-13.75,-18.5,19.049632000000003,-25.175077240834952,964.8
351,12.875,5.0,-14.0,-19.0,19.049632000000003,-25.50575460477314,964.8
352,13.6795,5.25,-14.0,-19.25,19.292612,-25.56650090335893,964.8
353,14.484,5.5,-14.0,-19.5,19.535592,-25.62660790949948,964.8
354,15.2885,5.75,-14.0,-19.75,19.778572,-25.68609017835583,964.8
355,16.093,6.0,-14.0,-20.0,20.021552,-25.744961759845914,964.8
356,16.093,5.75,-14.25,-20.0,20.021552,-26.07704042449013,964.8
357,16.093,5.5,-14.5,-20.0,20.021552,-26.409119089134343,964.8
358,16.093,5.25,-14.75,-20.0,20.021552,-26.741197753778557,964.8
359,16.093,5.0,-15.0,-20.0,20.021552,-27.073276418422772,964.8
360,16.093,5.0,-15.0,-20.0,18.515076,-26.68931068567861,964.8
361,16.093,5.0,-15.0,-20.0,17.0086,-26.278140495657155,964.8
362,16.093,5.0,-15.0,-20.0,15.502124000000002,-25.83515106699987,964.8
363,16.093,5.0,-15.0,-20.0,13.995648,-25.354395323358947,964.8
364,16.093,5.25,-15.0,-20.25,13.752668,-25.272821009644417,964.8
365,16.093,5.5,-15.0,-20.5,13.509688,-25.19002693343436,964.8
366,16.093,5.75,-15.0,-20.75,13.266708,-25.105972417633982,964.8
367,16.093,6.0,-15.0,-21.0,13.023728,-25.020614652679065,964.8
368,16.093,5.75,-15.25,-21.0,12.780748,-25.25374151116256,964.8
369,16.093,5.5,-15.5,-21.0,12.537768,-25.484463885645198,964.8
370,16.093,5.25,-15.75,-21.0,12.294788,-25.71270675425012,964.8
371,16.093,5.0,-16.0,-21.0,12.051808,-25.938391039951807,964.8
372,16.093,5.0,-16.0,-21.0,11.808828000000002,-25.843668404328724,964.8
373,16.093,5.0,-16.0,-21.0,11.565848,-25.747294190060337,964.8
374,16.093,5.0,-16.0,-21.0,11.322868,-25.649203978484437,964.8
375,16.093,5.0,-16.0,-21.0,11.079888,-25.549329388619263,964.8
376,16.093,5.0,-16.25,-21.25,12.294788,-26.35033896078182,964.8
377,16.093,5.0,-16.5,-21.5,13.509688,-27.117820842408523,964.8
378,16.093,5.0,-16.75,-21.75,14.724588,-27.85738355465336,964.8
379,16.093,5.0,-17.0,-22.0,15.939488,-28.57334513375668,964.8
380,16.093,5.0,-17.25,-22.25,14.724588,-28.50458532518504,964.8
381,16.093,5.0,-17.5,-22.5,13.509688,-28.403016781724634,964.8
382,16.093,5.0,-17.75,-22.75,12.294788,-28.26323558037692,964.8
383,16.093,5.0,-18.0,-23.0,11.079888,-28.078271931533067,964.8
384,16.093,5.0,-18.0,-23.0,10.788312,-27.950489062597853,964.725
385,16.093,5.0,-18.0,-23.0,10.496736,-27.81977148287329,964.65
386,16.093,5.0,-18.0,-23.0,10.20516,-27.685967393310456,964.575
387,16.093,5.0,-18.0,-23.0,9.913584,-27.548912524125903,964.5
388,16.093,4.75,-18.25,-23.0,10.69112,-28.222451678797448,964.5
389,16.093,4.5,-18.5,-23.0,11.468656,-28.8783399039947,964.5
390,16.093,4.25,-18.75,-23.0,12.246192,-29.51885922095193,964.5
391,16.093,4.0,-19.0,-23.0,13.023728,-30.14588301353652,964.5
392,16.093,4.0,-19.25,-23.25,12.780748,-30.371069009268755,964.5
393,16.093,4.0,-19.5,-23.5,12.537768,-30.593722679738132,964.5
394,16.093,4.0,-19.75,-23.75,12.294788,-30.813764406503722,964.5
395,16.093,4.0,-20.0,-24.0,12.051808,-31.03111025579033,964.5
396,16.093,4.0,-20.0,-24.0,12.537768000000002,-31.23238002899975,964.5
397,16.093,4.0,-20.0,-24.0,13.023728000000002,-31.427200103750884,964.5
398,16.093,4.0,-20.0,-24.0,13.509688,-31.61600663001491,964.5
399,16.093,4.0,-20.0,-24.0,13.995648,-31.799191842981244,964.5
400,16.093,4.0,-20.0,-24.0,13.752668,-31.70827893669047,964.5
401,16.093,4.0,-20.0,-24.0,13.509688,-31.61600663001491,964.5
402,16.093,4.0,-20.0,-24.0,13.266708,-31.52232958916332,964.5
403,16.093,4.0,-20.0,-24.0,13.023728,-31.427200103750884,964.5
404,16.093,4.0,-20.25,-24.25,12.537768,-31.55170870363056,964.5
405,16.093,4.0,-20.5,-24.5,12.051808,-31.667700157770142,964.5
406,16.093,4.0,-20.75,-24.75,11.565848,-31.774580598844626,964.5
407,16.093,4.0,-21.0,-25.0,11.079888,-31.87168574590377,964.5
408,16.093,4.0,-21.0,-25.0,10.788312,-31.73568989147126,964.575
409,16.093,4.0,-21.0,-25.0,10.496736,-31.596570703648013,964.65
410,16.093,4.0,-21.0,-25.0,10.20516,-31.454166626808203,964.725
411,16.093,4.0,-21.0,-25.0,9.913584,-31.30830283306024,964.8
412,16.093,3.75,-21.5,-25.25,9.670604,-31.809284132466917,964.8
413,16.093,3.5,-22.0,-25.5,9.427624,-32.305056781754985,964.8
414,16.093,3.25,-22.5,-25.75,9.184644,-32.79540966687298,964.8
415,16.093,3.0,-23.0,-26.0,8.941664,-33.28011649874023,964.8
416,16.093,3.0,-23.0,-26.0,8.455703999999999,-32.99434368100861,964.8
417,16.093,3.0,-23.0,-26.0,7.969744,-32.69442516793915,964.8
418,16.093,3.0,-23.0,-26.0,7.483784,-32.37873050734241,964.8
419,16.093,3.0,-23.0,-26.0,6.9978240000000005,-32.045319666166364,964.8
420,16.093,3.25,-22.75,-26.0,7.483784,-32.072394315071236,964.8
421,16.093,3.5,-22.5,-26.0,7.969744,-32.07869822050051,964.8
422,16.093,3.75,-22.25,-26.0,8.455703999999999,-32.06640038311749,964.8
423,16.093,4.0,-22.0,-26.0,8.941664,-32.037328671230995,964.8
424,16.093,4.0,-22.0,-26.0,9.184644,-32.172680290099365,964.875
425,16.093,4.0,-22.0,-26.0,9.427624,-32.305056781754985,964.95
426,16.093,4.0,-22.0,-26.0,9.670604,-32.43459774933878,965.025
427,16.093,4.0,-22.0,-26.0,9.913584,-32.56143293603835,965.1
428,15.69075,4.0,-21.75,-25.75,12.197596,-33.32245714539728,965.025
429,15.2885,4.0,-21.5,-25.5,14.481608,-33.91603152546518,964.95
430,14.88625,4.0,-21.25,-25.25,16.765620000000002,-34.38726632606806,964.875
431,14.484,4.0,-21.0,-25.0,19.049632000000003,-34.7647207950425,964.8
432,14.08175,4.25,-21.0,-25.25,19.292612,-34.835431123633896,964.8
433,13.6795,4.5,-21.0,-25.5,19.535592,-34.90539729859089,964.8
434,13.27725,4.75,-21.0,-25.75,19.778572,-34.97463626251319,964.8
435,12.875,5.0,-21.0,-26.0,20.021552,-35.04316436988388,964.8
436,12.07025,4.75,-21.25,-26.0,20.507512,-35.510908653687345,964.8
437,11.2655,4.5,-21.5,-26.0,20.993472,-35.97732411058624,964.8
438,10.46075,4.25,-21.75,-26.0,21.479432000000003,-36.44248451638118,964.8
439,9.656,4.0,-22.0,-26.0,21.965392,-36.9064586166411,964.8
440,9.25375,4.0,-22.0,-26.0,21.722412,-36.84181523181431,964.8
441,8.851500000000001,4.0,-22.0,-26.0,21.479432000000003,-36.77656157886588,964.8
442,8.449250000000001,4.0,-22.0,-26.0,21.236452,-36.71068489429544,964.8
443,8.047,4.0,-22.0,-26.0,20.993472,-36.644171997839095,964.8
444,8.449250000000001,4.0,-22.0,-26.0,21.236452,-36.71068489429544,964.875
445,8.851500000000001,4.0,-22.0,-26.0,21.479432000000003,-36.77656157886588,964.95
446,9.25375,4.0,-22.0,-26.0,21.722412,-36.84181523181431,965.025
447,9.656,4.0,-22.0,-26.0,21.965392,-36.9064586166411,965.1
448,8.85125,4.0,-22.0,-26.0,21.965392,-36.9064586166411,965.1
449,8.0465,4.0,-22.0,-26.0,21.965392,-36.9064586166411,965.1
450,7.241750000000001,4.0,-22.0,-26.0,21.965392,-36.9064586166411,965.1
451,6.437,4.0,-22.0,-26.0,21.965392,-36.9064586166411,965.1
452,6.437,3.75,-22.25,-26.0,21.965392,-37.24117650149526,965.1
453,6.437,3.5,-22.5,-26.0,21.965392,-37.57589438634942,965.1
454,6.437,3.25,-22.75,-26.0,21.965392,-37.91061227120357,965.1
455,6.437,3.0,-23.0,-26.0,21.965392,-38.24533015605772,965.1
456,6.437,3.25,-23.0,-26.25,22.208372,-38.31063946199852,965.1
457,6.437,3.5,-23.0,-26.5,22.451352,-38.37535128395163,965.1
458,6.437,3.75,-23.0,-26.75,22.694332000000003,-38.43947746641094,965.1
459,6.437,4.0,-23.0,-27.0,22.937312,-38.503029495313505,965.1
460,6.8395,4.0,-23.0,-27.0,22.937312,-38.503029495313505,965.2
461,7.242000000000001,4.0,-23.0,-27.0,22.937312,-38.503029495313505,965.3
462,7.644500000000001,4.0,-23.0,-27.0,22.937312,-38.503029495313505,965.4
463,8.047,4.0,-23.0,-27.0,22.937312,-38.503029495313505,965.5
464,8.047,4.0,-23.0,-27.0,22.451352,-38.37535128395163,965.575
465,8.047,4.0,-23.0,-27.0,21.965392,-38.24533015605772,965.65
466,8.047,4.0,-23.0,-27.0,21.479432000000003,-38.112869828804676,965.725
467,8.047,4.0,-23.0,-27.0,20.993472,-37.9778677723448,965.8
468,7.041,3.75,-23.0,-26.75,20.507512,-37.8402146489301,965.875
469,6.035,3.5,-23.0,-26.5,20.021552,-37.699793687037584,965.95
470,5.029,3.25,-23.0,-26.25,19.535592,-37.556479981188446,966.025
471,4.023,3.0,-23.0,-26.0,19.049632000000003,-37.41013970654804,966.1
472,4.023,3.0,-23.0,-26.0,17.786136000000003,-37.01442859456509,966.175
473,4.023,3.0,-23.0,-26.0,16.522640000000003,-36.59435580137644,966.25
474,4.023,3.0,-23.0,-26.0,15.259144,-36.146374060741074,966.325
475,4.023,3.0,-23.0,-26.0,13.995648,-35.666069754754616,966.4
476,7.0405,3.25,-23.25,-26.5,13.995648,-35.98830958073574,966.5
477,10.058,3.5,-23.5,-27.0,13.995648,-36.31054940671685,966.6
478,13.0755,3.75,-23.75,-27.5,13.995648,-36.63278923269797,966.7
479,16.093,4.0,-24.0,-28.0,13.995648,-36.95502905867908,966.8
480,13.679,4.0,-24.0,-28.0,13.509688,-36.756790387279345,966.875
481,11.265,4.0,-24.0,-28.0,13.023728000000002,-36.55246846460834,966.95
482,8.851000000000003,4.0,-24.0,-28.0,12.537768000000002,-36.34163882309268,967.025
483,6.437,4.0,-24.0,-28.0,12.051808,-36.12382947162885,967.1
484,8.850999999999999,4.0,-24.25,-28.25,12.051808,-36.44212442261876,967.1
485,11.265,4.0,-24.5,-28.5,12.051808,-36.76041937360866,967.1
486,13.678999999999998,4.0,-24.75,-28.75,12.051808,-37.07871432459857,967.1
487,16.093,4.0,-25.0,-29.0,12.051808,-37.39700927558847,967.1
488,16.093,4.0,-25.25,-29.25,11.517252,-37.4611297872337,967.175
489,16.093,4.0,-25.5,-29.5,10.982696,-37.51273617215456,967.25
490,16.093,4.0,-25.75,-29.75,10.44814,-37.55075426368425,967.325
491,16.093,4.0,-26.0,-30.0,9.913584,-37.573953347950805,967.4
492,16.093,4.0,-26.0,-30.0,9.913584,-37.573953347950805,967.475
493,16.093,4.0,-26.0,-30.0,9.913584,-37.573953347950805,967.55
494,16.093,4.0,-26.0,-30.0,9.913584,-37.573953347950805,967.625
495,16.093,4.0,-26.0,-30.0,9.913584,-37.573953347950805,967.7
496,14.886,3.75,-26.25,-30.0,9.427624,-37.60935840716458,967.7
497,13.679,3.5,-26.5,-30.0,8.941664,-37.629873895022556,967.7
498,12.472,3.25,-26.75,-30.0,8.455703999999999,-37.63406017046417,967.7
499,11.265,3.0,-27.0,-30.0,7.969743999999999,-37.620240747448236,967.7
500,12.472,3.25,-27.25,-30.5,8.212724,-38.09241359376277,967.8
501,13.679,3.5,-27.5,-31.0,8.455703999999999,-38.56200346835527,967.9
502,14.886,3.75,-27.75,-31.5,8.698684,-39.029168951116084,968.0
503,16.093,4.0,-28.0,-32.0,8.941664,-39.494055636286404,968.1
504,16.093,4.0,-28.0,-32.0,8.455703999999999,-39.18063233361602,968.1
505,16.093,4.0,-28.0,-32.0,7.969744,-38.85169464232551,968.1
506,16.093,4.0,-28.0,-32.0,7.483784,-38.50545435276599,968.1
507,16.093,4.0,-28.0,-32.0,6.9978240000000005,-38.13978372034899,968.1
508,16.093,3.75,-28.25,-32.0,6.9978240000000005,-38.444506923058114,968.1
509,16.093,3.5,-28.5,-32.0,6.9978240000000005,-38.74923012576724,968.1
510,16.093,3.25,-28.75,-32.0,6.9978240000000005,-39.05395332847638,968.1
511,16.093,3.0,-29.0,-32.0,6.9978240000000005,-39.35867653118551,968.1
512,16.093,3.0,-29.25,-32.25,6.9978240000000005,-39.663399733894636,968.1
513,16.093,3.0,-29.5,-32.5,6.9978240000000005,-39.96812293660376,968.1
514,16.093,3.0,-29.75,-32.75,6.9978240000000005,-40.2728461393129,968.1
515,16.093,3.0,-30.0,-33.0,6.9978240000000005,-40.57756934202204,968.1
516,15.2885,3.25,-29.75,-33.0,7.483784,-40.64980769866423,968.1
517,14.484,3.5,-29.5,-33.0,7.969744,-40.69887548464142,968.1
518,13.6795,3.75,-29.25,-33.0,8.455703999999999,-40.727204496767875,968.1
519,12.875,4.0,-29.0,-33.0,8.941664,-40.73684346379565,968.1
520,12.4725,4.0,-29.0,-33.0,8.698684,-40.57923797941025,968.1
521,12.07,4.0,-29.0,-33.0,8.455703999999999,-40.4178900641375,968.1
522,11.6675,4.0,-29.0,-33.0,8.212724,-40.252599379649666,968.1
523,11.265,4.0,-29.0,-33.0,7.969743999999999,-40.08314853720279,968.1
524,12.06975,4.0,-29.0,-33.0,8.212724,-40.252599379649666,968.175
525,12.8745,4.0,-29.0,-33.0,8.455703999999999,-40.4178900641375,968.25
526,13.67925,4.0,-29.0,-33.0,8.698684,-40.57923797941025,968.325
527,14.484,4.0,-29.0,-33.0,8.941664,-40.73684346379565,968.4
528,14.88625,4.0,-29.0,-33.0,8.698684,-40.57923797941025,968.4
529,15.2885,4.0,-29.0,-33.0,8.455703999999999,-40.4178900641375,968.4
530,15.69075,4.0,-29.0,-33.0,8.212724,-40.252599379649666,968.4
531,16.093,4.0,-29.0,-33.0,7.969743999999999,-40.08314853720279,968.4
532,13.27675,3.75,-29.25,-33.0,7.483784,-40.03713531412188,968.4
533,10.4605,3.5,-29.5,-33.0,6.997824,-39.96812293660376,968.4
534,7.644249999999999,3.25,-29.75,-33.0,6.511864,-39.87321447106136,968.4
535,4.828,3.0,-30.0,-33.0,6.025904000000001,-39.74888658421573,968.4
536,5.23025,3.0,-30.0,-33.0,5.539944,-39.291545683243385,968.475
537,5.6325,3.0,-30.0,-33.0,5.053984,-38.79916705378017,968.55
538,6.034750000000001,3.0,-30.0,-33.0,4.568024,-38.265274399428726,968.625
539,6.437,3.0,-30.0,-33.0,4.082064,-37.68133497920648,968.7
540,6.8395,3.0,-30.0,-33.0,4.325044,-37.98019773541682,968.7
541,7.242000000000001,3.0,-30.0,-33.0,4.568023999999999,-38.265274399428726,968.7
542,7.644500000000001,3.0,-30.0,-33.0,4.811004,-38.53788579658283,968.7
543,8.047,3.0,-30.0,-33.0,5.053984,-38.79916705378017,968.7
544,7.24225,3.0,-30.0,-33.0,5.053984,-38.79916705378017,968.7
545,6.4375,3.0,-30.0,-33.0,5.053984,-38.79916705378017,968.7
546,5.632750000000001,3.0,-30.0,-33.0,5.053984,-38.79916705378017,968.7
547,4.828,3.0,-30.0,-33.0,5.053984,-38.79916705378017,968.7
548,6.035,3.25,-30.0,-33.25,5.296964,-39.05010124234172,968.775
549,7.242000000000001,3.5,-30.0,-33.5,5.539944,-39.291545683243385,968.85
550,8.449,3.75,-30.0,-33.75,5.782924,-39.52425276280721,968.925
551,9.656,4.0,-30.0,-34.0,6.025904000000001,-39.74888658421573,969.0
552,10.863,3.75,-30.25,-34.0,5.782924,-39.824488107965735,969.0
553,12.07,3.5,-30.5,-34.0,5.539944,-39.89003338716356,969.0
554,13.277,3.25,-30.75,-34.0,5.296964,-39.9447466370093,969.0
555,14.484,3.0,-31.0,-34.0,5.053984,-39.98775096681794,969.0
556,14.88625,3.0,-31.0,-34.0,5.782924,-40.72519414344133,969.1
557,15.2885,3.0,-31.0,-34.0,6.511863999999999,-41.38828051852211,969.2
558,15.69075,3.0,-31.0,-34.0,7.240803999999999,-41.9916892242157,969.3
559,16.093,3.0,-31.0,-34.0,7.969743999999999,-42.54605632695733,969.4
560,13.679,3.0,-31.0,-34.0,8.212724,-42.72138313494898,969.4
561,11.265,3.0,-31.0,-34.0,8.455703999999999,-42.892405525180465,969.4
562,8.851000000000003,3.0,-31.0,-34.0,8.698684,-43.05934842468092,969.4
563,6.437,3.0,-31.0,-34.0,8.941664,-43.222419118814116,969.4
564,5.8335,3.0,-31.0,-34.0,9.47622,-43.56846706471936,969.475
565,5.23,3.0,-31.0,-34.0,10.010776,-43.89848829231126,969.55
566,4.6265,3.0,-31.0,-34.0,10.545332,-44.21402413976698,969.625
567,4.023,3.0,-31.0,-34.0,11.079888,-44.51639846047277,969.7
568,4.22425,3.25,-31.0,-34.25,11.808828,-44.90956220780309,969.775
569,4.4255,3.5,-31.0,-34.5,12.537768,-45.282841712755314,969.85
570,4.62675,3.75,-31.0,-34.75,13.266708,-45.63831536652787,969.925
571,4.828,4.0,-31.0,-35.0,13.995648,-45.97774418615029,970.0
572,4.42575,4.0,-31.0,-35.0,13.509688,-45.753161962492115,970.075
573,4.0235,4.0,-31.0,-35.0,13.023728000000002,-45.52168809610889,970.15
574,3.62125,4.0,-31.0,-35.0,12.537768000000002,-45.282841712755314,970.225
575,3.219,4.0,-31.0,-35.0,12.051808,-45.03608809934626,970.3
576,3.62125,4.25,-31.0,-35.25,12.051808,-45.03608809934626,970.3
577,4.0235,4.5,-31.0,-35.5,12.051808,-45.03608809934626,970.3
578,4.425750000000001,4.75,-31.0,-35.75,12.051808,-45.03608809934626,970.3
579,4.828,5.0,-31.0,-36.0,12.051808,-45.03608809934626,970.3
580,4.828,5.0,-31.0,-36.0,12.780748,-45.403218534955705,970.375
581,4.828,5.0,-31.0,-36.0,13.509688,-45.753161962492115,970.45
582,4.828,5.0,-31.0,-36.0,14.238628,-46.08758825009034,970.525
583,4.828,5.0,-31.0,-36.0,14.967568,-46.40792935041879,970.6
584,6.035,5.0,-31.0,-36.0,14.724588,-46.30263401480623,970.7
585,7.242000000000001,5.0,-31.0,-36.0,14.481608,-46.19586888198114,970.8
586,8.449,5.0,-31.0,-36.0,14.238628,-46.08758825009034,970.9
587,9.656,5.0,-31.0,-36.0,13.995648,-45.97774418615029,971.0
588,11.26525,5.25,-31.0,-36.25,13.266708,-45.63831536652787,971.0
589,12.8745,5.5,-31.0,-36.5,12.537768,-45.282841712755314,971.0
590,14.48375,5.75,-31.0,-36.75,11.808828,-44.90956220780309,971.0
591,16.093,6.0,-31.0,-37.0,11.079888,-44.51639846047277,971.0
592,15.69075,6.0,-31.0,-37.0,11.079888,-44.51639846047277,971.075
593,15.2885,6.0,-31.0,-37.0,11.079888,-44.51639846047277,971.15
594,14.88625,6.0,-31.0,-37.0,11.079888,-44.51639846047277,971.225
595,14.484,6.0,-31.0,-37.0,11.079888,-44.51639846047277,971.3
596,14.484,6.0,-31.0,-37.0,11.808828,-44.90956220780309,971.3
597,14.484,6.0,-31.0,-37.0,12.537768,-45.282841712755314,971.3
598,14.484,6.0,-31.0,-37.0,13.266708,-45.63831536652787,971.3
599,14.484,6.0,-31.0,-37.0,13.995648,-45.97774418615029,971.3
600,14.484,6.0,-31.0,-37.0,14.481608,-46.19586888198114,971.375
601,14.484,6.0,-31.0,-37.0,14.967568,-46.40792935041879,971.45
602,14.484,6.0,-31.0,-37.0,15.453528,-46.614283100108665,971.525
603,14.484,6.0,-31.0,-37.0,15.939488,-46.815256115644715,971.6
604,12.87475,6.0,-31.0,-37.0,15.453528,-46.614283100108665,971.675
605,11.2655,6.0,-31.0,-37.0,14.967568,-46.40792935041879,971.75
606,9.65625,6.0,-31.0,-37.0,14.481608,-46.19586888198114,971.825
607,8.047,6.0,-31.0,-37.0,13.995648,-45.97774418615029,971.9
608,7.041,6.0,-31.0,-37.0,14.238628,-46.08758825009034,971.9
609,6.035,6.0,-31.0,-37.0,14.481608,-46.19586888198114,971.9
610,5.029,6.0,-31.0,-37.0,14.724588,-46.30263401480623,971.9
611,4.023,6.0,-31.0,-37.0,14.967568,-46.40792935041879,971.9
612,4.023,5.75,-31.0,-36.75,14.724588,-46.30263401480623,971.9
613,4.023,5.5,-31.0,-36.5,14.481608,-46.19586888198114,971.9
614,4.023,5.25,-31.0,-36.25,14.238628,-46.08758825009034,971.9
615,4.023,5.0,-31.0,-36.0,13.995648,-45.97774418615029,971.9
616,4.22425,5.25,-31.0,-36.25,14.238628,-46.08758825009034,971.9
617,4.4255,5.5,-31.0,-36.5,14.481608,-46.19586888198114,971.9
618,4.62675,5.75,-31.0,-36.75,14.724588,-46.30263401480623,971.9
619,4.828,6.0,-31.0,-37.0,14.967568,-46.40792935041879,971.9
620,6.83975,6.0,-31.0,-37.0,14.238628,-46.08758825009034,971.9
621,8.851500000000001,6.0,-31.0,-37.0,13.509688,-45.753161962492115,971.9
622,10.86325,6.0,-31.0,-37.0,12.780748,-45.403218534955705,971.9
623,12.875,6.0,-31.0,-37.0,12.051808,-45.03608809934626,971.9
624,12.07025,6.0,-31.0,-37.0,12.051808,-45.03608809934626,971.9
625,11.2655,6.0,-31.0,-37.0,12.051808,-45.03608809934626,971.9
626,10.46075,6.0,-31.0,-37.0,12.051808,-45.03608809934626,971.9
627,9.656,6.0,-31.0,-37.0,12.051808,-45.03608809934626,971.9
628,10.05825,6.0,-31.0,-37.0,11.517252,-44.75481160625678,971.9
629,10.4605,6.0,-31.0,-37.0,10.982696,-44.462346493368955,971.9
630,10.86275,6.0,-31.0,-37.0,10.44814,-44.15766915981509,971.9
631,11.265,6.0,-31.0,-37.0,9.913584,-43.83960386284136,971.9
632,12.06975,6.25,-30.75,-37.0,10.69112,-43.98254216690499,971.9
633,12.8745,6.5,-30.5,-37.0,11.468656,-44.09468618448851,971.9
634,13.67925,6.75,-30.25,-37.0,12.246192,-44.17963740862025,971.9
635,14.484,7.0,-30.0,-37.0,13.023728,-44.24037100589453,971.9
636,14.88625,7.0,-30.0,-37.0,13.266708,-44.355043932222,971.825
637,15.2885,7.0,-30.0,-37.0,13.509688,-44.467966023176004,971.75
638,15.69075,7.0,-30.0,-37.0,13.752668,-44.57919479078258,971.675
639,16.093,7.0,-30.0,-37.0,13.995648,-44.68878488222583,971.6
640,16.093,6.75,-30.0,-36.75,14.238628,-44.79678826948215,971.675
641,16.093,6.5,-30.0,-36.5,14.481608,-44.90325442340052,971.75
642,16.093,6.25,-30.0,-36.25,14.724588,-45.00823047374287,971.825
643,16.093,6.0,-30.0,-36.0,14.967568,-45.11176135652825,971.9
644,15.2885,6.0,-30.0,-36.0,14.238628,-44.79678826948215,971.9
645,14.484,6.0,-30.0,-36.0,13.509688,-44.467966023176004,971.9
646,13.6795,6.0,-30.0,-36.0,12.780748,-44.123886660429164,971.9
647,12.875,6.0,-30.0,-36.0,12.051808,-43.76290829538664,971.9
648,11.668,6.0,-30.0,-36.0,13.801264000000002,-44.60124220268486,971.9
649,10.461,6.0,-30.0,-36.0,15.550720000000002,-45.35459174641504,971.9
650,9.254,6.0,-30.0,-36.0,17.300176,-46.039814803763235,971.9
651,8.047,6.0,-30.0,-36.0,19.049632000000003,-46.6691058968174,971.9
652,7.24225,5.75,-30.0,-35.75,18.806652000000003,-46.5846849562989,972.0
653,6.4375,5.5,-30.0,-35.5,18.563672000000004,-46.49934279329243,972.1
654,5.632750000000001,5.25,-30.0,-35.25,18.320692,-46.41305709759746,972.2
655,4.828,5.0,-30.0,-35.0,18.077712,-46.32580471392045,972.3
656,6.437250000000001,5.25,-30.0,-35.25,18.320692,-46.41305709759746,972.3
657,8.0465,5.5,-30.0,-35.5,18.563672000000004,-46.49934279329243,972.3
658,9.65575,5.75,-30.0,-35.75,18.806652000000003,-46.5846849562989,972.3
659,11.265,6.0,-30.0,-36.0,19.049632000000003,-46.6691058968174,972.3
660,12.06975,6.0,-30.0,-36.0,18.563672000000004,-46.49934279329243,972.3
661,12.8745,6.0,-30.0,-36.0,18.077712,-46.32580471392045,972.3
662,13.67925,6.0,-30.0,-36.0,17.591752,-46.14830276985736,972.3
663,14.484,6.0,-30.0,-36.0,17.105792,-45.9666330752191,972.3
664,14.88625,6.0,-30.0,-36.0,16.328256,-45.66673529525693,972.3
665,15.2885,6.0,-30.0,-36.0,15.550720000000002,-45.35459174641504,972.3
666,15.69075,6.0,-30.0,-36.0,14.773184,-45.02905086279501,972.3
667,16.093,6.0,-30.0,-36.0,13.995648,-44.68878488222583,972.3
668,16.093,6.0,-30.0,-36.0,12.975132,-44.21722104555312,972.3
669,16.093,6.0,-30.0,-36.0,11.954616,-43.713401110746105,972.3
670,16.093,6.0,-30.0,-36.0,10.9341,-43.17205957524775,972.3
671,16.093,6.0,-30.0,-36.0,9.913584,-42.58647375986325,972.3
672,16.093,5.75,-30.25,-36.0,9.670604,-42.75227242772458,972.3
673,16.093,5.5,-30.5,-36.0,9.427624,-42.91366003257417,972.3
674,16.093,5.25,-30.75,-36.0,9.184644,-43.070444383637586,972.3
675,16.093,5.0,-31.0,-36.0,8.941664,-43.222419118814116,972.3
676,16.093,5.0,-31.0,-36.0,9.184644,-43.381809072024396,972.3
677,16.093,5.0,-31.0,-36.0,9.427624,-43.537695517916475,972.3
678,16.093,5.0,-31.0,-36.0,9.670604,-43.69024285303237,972.3
679,16.093,5.0,-31.0,-36.0,9.913584,-43.83960386284136,972.3
680,16.093,4.75,-31.25,-36.0,9.184644,-43.6931737604112,972.375
681,16.093,4.5,-31.5,-36.0,8.455704,-43.51103439044121,972.45
682,16.093,4.25,-31.75,-36.0,7.726764000000001,-43.2875102012454,972.525
683,16.093,4.0,-32.0,-36.0,6.9978240000000005,-43.015354963695074,972.6
684,16.093,4.0,-32.0,-36.0,7.240804000000001,-43.21385349010762,972.6
685,16.093,4.0,-32.0,-36.0,7.483784,-43.40683342910485,972.6
686,16.093,4.0,-32.0,-36.0,7.726763999999999,-43.59462012183635,972.6
687,16.093,4.0,-32.0,-36.0,7.969743999999999,-43.7775102218346,972.6
688,16.093,4.25,-32.0,-36.25,7.969743999999999,-43.7775102218346,972.6
689,16.093,4.5,-32.0,-36.5,7.969743999999999,-43.7775102218346,972.6
690,16.093,4.75,-32.0,-36.75,7.969743999999999,-43.7775102218346,972.6
691,16.093,5.0,-32.0,-37.0,7.969743999999999,-43.7775102218346,972.6
692,16.093,4.75,-32.25,-37.0,8.212724,-44.26437298201104,972.6
693,16.093,4.5,-32.5,-37.0,8.455703999999999,-44.74829212096269,972.6
694,16.093,4.25,-32.75,-37.0,8.698684,-45.22944506429276,972.6
695,16.093,4.0,-33.0,-37.0,8.941664,-45.707994773832596,972.6
696,16.093,4.0,-33.0,-37.0,8.698684,-45.53945886995159,972.6
697,16.093,4.0,-33.0,-37.0,8.455703999999999,-45.366920986223434,972.6
698,16.093,4.0,-33.0,-37.0,8.212724,-45.19016689024828,972.6
699,16.093,4.0,-33.0,-37.0,7.969743999999999,-45.00896411671188,972.6
700,16.093,4.0,-33.25,-37.25,8.212724,-45.498764859660696,972.6
701,16.093,4.0,-33.5,-37.5,8.455703999999999,-45.985549851484166,972.6
702,16.093,4.0,-33.75,-37.75,8.698684,-46.469500286928096,972.6
703,16.093,4.0,-34.0,-38.0,8.941664,-46.95078260134183,972.6
704,16.093,4.0,-34.0,-38.0,7.969743999999999,-46.24041801158914,972.675
705,16.093,4.0,-34.0,-38.0,6.997824,-45.45314058536813,972.75
706,16.093,4.0,-34.0,-38.0,6.025904,-44.567965635260904,972.825
707,16.093,4.0,-34.0,-38.0,5.053984,-43.55350270593126,972.9
708,16.093,4.0,-34.0,-38.0,5.053984,-43.55350270593126,972.825
709,16.093,4.0,-34.0,-38.0,5.053984,-43.55350270593126,972.75
710,16.093,4.0,-34.0,-38.0,5.053984,-43.55350270593126,972.675
711,16.093,4.0,-34.0,-38.0,5.053984,-43.55350270593126,972.6
712,16.093,4.0,-34.25,-38.25,5.539944,-44.37869116656492,972.6
713,16.093,4.0,-34.5,-38.5,6.025904000000001,-45.170350516641555,972.6
714,16.093,4.0,-34.75,-38.75,6.511864,-45.93347866090436,972.6
715,16.093,4.0,-35.0,-39.0,6.9978240000000005,-46.672033396204654,972.6
716,16.093,4.0,-35.0,-39.0,6.754844,-46.45755345284376,972.6
717,16.093,4.0,-35.0,-39.0,6.511864000000001,-46.23649187039652,972.6
718,16.093,4.0,-35.0,-39.0,6.268884000000001,-46.00838940556565,972.6
719,16.093,4.0,-35.0,-39.0,6.025904000000001,-45.772735398022206,972.6
720,16.093,4.0,-35.0,-39.0,5.782924,-45.52895966597785,972.6
721,16.093,4.0,-35.0,-39.0,5.539944,-45.27642272244519,972.6
722,16.093,4.0,-35.0,-39.0,5.296964,-45.01440387345895,972.6
723,16.093,4.0,-35.0,-39.0,5.053984,-44.74208661896903,972.6
724,16.093,4.0,-35.0,-39.0,5.053984,-44.74208661896903,972.6
725,16.093,4.0,-35.0,-39.0,5.053984,-44.74208661896903,972.6
726,16.093,4.0,-35.0,-39.0,5.053984,-44.74208661896903,972.6
727,16.093,4.0,-35.0,-39.0,5.053984,-44.74208661896903,972.6
728,16.093,4.0,-35.0,-39.0,5.053984,-44.74208661896903,972.525
729,16.093,4.0,-35.0,-39.0,5.053984,-44.74208661896903,972.45
730,16.093,4.0,-35.0,-39.0,5.053984,-44.74208661896903,972.375
731,16.093,4.0,-35.0,-39.0,5.053984,-44.74208661896903,972.3
732,16.093,3.75,-35.25,-39.0,5.539944,-45.575666574405275,972.3
733,16.093,3.5,-35.5,-39.0,6.025904000000001,-46.37512027940286,972.3
734,16.093,3.25,-35.75,-39.0,6.511864,-47.145531498872955,972.3
735,16.093,3.0,-36.0,-39.0,6.9978240000000005,-47.890926207041176,972.3
736,16.093,3.0,-36.0,-39.0,7.240804000000001,-48.10251055367528,972.3
737,16.093,3.0,-36.0,-39.0,7.483784,-48.308212505443706,972.3
738,16.093,3.0,-36.0,-39.0,7.726763999999999,-48.508378851291525,972.3
739,16.093,3.0,-36.0,-39.0,7.969743999999999,-48.703325801343695,972.3
740,16.093,3.0,-36.0,-39.0,7.240804,-48.10251055367528,972.3
741,16.093,3.0,-36.0,-39.0,6.511863999999999,-47.448544708365105,972.3
742,16.093,3.0,-36.0,-39.0,5.782924,-46.729901046611985,972.3
743,16.093,3.0,-36.0,-39.0,5.053984,-45.930670532006815,972.3
744,16.093,3.25,-35.75,-39.0,4.811004,-45.346638800257196,972.3
745,16.093,3.5,-35.5,-39.0,4.568023999999999,-44.752441373275886,972.3
746,16.093,3.75,-35.25,-39.0,4.325044,-44.146986381923895,972.3
747,16.093,4.0,-35.0,-39.0,4.082064,-43.52899978024997,972.3
748,16.093,3.75,-35.25,-39.0,4.8110040000000005,-44.75457332167681,972.3
749,16.093,3.5,-35.5,-39.0,5.539944,-45.87491042636537,972.3
750,16.093,3.25,-35.75,-39.0,6.268884,-46.91474235336167,972.3
751,16.093,3.0,-36.0,-39.0,6.9978240000000005,-47.890926207041176,972.3
752,16.093,3.25,-35.75,-39.0,7.240804000000001,-47.796969487202304,972.3
753,16.093,3.5,-35.5,-39.0,7.483784,-47.695540120901356,972.3
754,16.093,3.75,-35.25,-39.0,7.726763999999999,-47.58704908951867,972.3
755,16.093,4.0,-35.0,-39.0,7.969743999999999,-47.47187190646642,972.3
756,16.093,4.0,-35.0,-39.0,7.483784,-47.08286773635899,972.3
757,16.093,4.0,-35.0,-39.0,6.997824,-46.672033396204654,972.3
758,16.093,4.0,-35.0,-39.0,6.511864,-46.23649187039651,972.3
759,16.093,4.0,-35.0,-39.0,6.025904000000001,-45.772735398022206,972.3
760,16.093,4.0,-35.25,-39.00892857142857,6.268884000000001,-46.31050705483099,972.2
761,16.093,4.0,-35.5,-39.017857142857146,6.511864000000001,-46.84251828938082,972.1
762,16.093,4.0,-35.75,-39.02678571428572,6.754844,-47.36919683171452,972.0
763,16.093,4.0,-36.0,-39.035714285714285,6.9978240000000005,-47.890926207041176,971.9
764,16.093,4.0,-36.0,-39.04464285714285,6.754844,-47.67307795800477,971.9
765,16.093,4.0,-36.0,-39.05357142857143,6.511864000000001,-47.44854470836512,971.9
766,16.093,4.0,-36.0,-39.0625,6.268884000000001,-47.21686000262701,971.9
767,16.093,4.0,-36.0,-39.07142857142857,6.025904000000001,-46.9775051607835,971.9
768,16.093,4.0,-36.0,-39.080357142857146,6.025904000000001,-46.9775051607835,971.825
769,16.093,4.0,-36.0,-39.08928571428572,6.025904000000001,-46.9775051607835,971.75
770,16.093,4.0,-36.0,-39.098214285714285,6.025904000000001,-46.9775051607835,971.675
771,16.093,4.0,-36.0,-39.10714285714285,6.025904000000001,-46.9775051607835,971.6
772,16.093,4.0,-36.0,-39.11607142857143,6.025904000000001,-46.9775051607835,971.6
773,16.093,4.0,-36.0,-39.125,6.025904000000001,-46.9775051607835,971.6
774,16.093,4.0,-36.0,-39.13392857142857,6.025904000000001,-46.9775051607835,971.6
775,16.093,4.0,-36.0,-39.142857142857146,6.025904000000001,-46.9775051607835,971.6
776,16.093,4.0,-36.0,-39.15178571428572,5.782924,-46.729901046611985,971.6
777,16.093,4.0,-36.0,-39.160714285714285,5.539944,-46.473398130285545,971.6
778,16.093,4.0,-36.0,-39.16964285714285,5.296964,-46.207264399682394,971.6
779,16.093,4.0,-36.0,-39.17857142857143,5.053984,-45.930670532006815,971.6
780,16.093,4.0,-36.0,-39.1875,3.790488,-44.28073899196791,971.6
781,16.093,4.0,-36.0,-39.19642857142857,2.526992,0.0,971.6
782,16.093,4.0,-36.0,-39.205357142857146,1.263496,0.0,971.6
783,16.093,4.0,-36.0,-39.21428571428572,0.0,0.0,971.6
784,16.093,4.0,-36.25,-39.223214285714285,0.0,0.0,971.6
785,16.093,4.0,-36.5,-39.23214285714285,0.0,0.0,971.6
786,16.093,4.0,-36.75,-39.24107142857143,0.0,0.0,971.6
787,16.093,4.0,-37.0,-39.25,0.0,0.0,971.6
788,16.093,4.0,-37.0,-39.25892857142857,0.72894,0.0,971.525
789,16.093,4.0,-37.0,-39.267857142857146,1.45788,0.0,971.45
790,16.093,4.0,-37.0,-39.27678571428572,2.18682,0.0,971.375
791,16.093,4.0,-37.0,-39.285714285714285,2.91576,-43.9816203625176,971.3
792,16.093,4.0,-37.0,-39.29464285714285,3.207336,-44.505711981631556,971.3
793,16.093,4.0,-37.0,-39.30357142857143,3.498912,-44.99119916178669,971.3
794,16.093,4.0,-37.0,-39.3125,3.790488,-45.44381214788412,971.3
795,16.093,4.0,-37.0,-39.32142857142857,4.082064,-45.868065700667366,971.3
796,16.093,4.0,-37.25,-39.330357142857146,4.082064,-46.16044894071954,971.3
797,16.093,4.0,-37.5,-39.33928571428572,4.082064,-46.452832180771715,971.3
798,16.093,4.0,-37.75,-39.348214285714285,4.082064,-46.74521542082389,971.3
799,16.093,4.0,-38.0,-39.35714285714285,4.082064,-47.03759866087606,971.3
800,16.093,4.0,-37.75,-39.36607142857143,4.082064,-46.74521542082389,971.3
801,16.093,4.0,-37.5,-39.375,4.082064,-46.452832180771715,971.3
802,16.093,4.0,-37.25,-39.38392857142857,4.082064,-46.16044894071954,971.3
803,16.093,4.0,-37.0,-39.392857142857146,4.082064,-45.868065700667366,971.3
804,16.093,4.0,-37.25,-39.40178571428572,4.325044,-46.49623919964088,971.225
805,16.093,4.0,-37.5,-39.410714285714285,4.568023999999999,-47.11141118194759,971.15
806,16.093,4.0,-37.75,-39.41964285714285,4.811004,-47.71490071457871,971.075
807,16.093,4.0,-38.0,-39.42857142857143,5.053984,-48.30783835808236,971.0
808,16.093,4.0,-38.0,-39.4375,5.053984,-48.30783835808236,971.0
809,16.093,4.0,-38.0,-39.44642857142857,5.053984,-48.30783835808236,971.0
810,16.093,4.0,-38.0,-39.455357142857146,5.053984,-48.30783835808236,971.0
811,16.093,4.0,-38.0,-39.46428571428572,5.053984,-48.30783835808236,971.0
812,16.093,4.0,-38.0,-39.473214285714285,4.519428,-47.637542607990035,970.9
813,16.093,4.0,-38.0,-39.48214285714285,3.984872,-46.89698367945898,970.8
814,16.093,4.0,-38.0,-39.49107142857143,3.450316,-46.067691525939324,970.7
815,16.093,4.0,-38.0,-39.5,2.91576,-45.122429773770776,970.6
816,16.093,4.0,-38.0,-39.50892857142857,3.450316,-46.067691525939324,970.6
817,16.093,4.0,-38.0,-39.517857142857146,3.984872,-46.89698367945898,970.6
818,16.093,4.0,-38.0,-39.52678571428572,4.519428,-47.637542607990035,970.6
819,16.093,4.0,-38.0,-39.535714285714285,5.053984,-48.30783835808236,970.6
820,16.093,4.0,-38.25,-39.54464285714285,4.972990666666666,-48.50700844056652,970.6
821,16.093,4.0,-38.5,-39.55357142857143,4.891997333333333,-48.7040918256707,970.6
822,16.093,4.0,-38.75,-39.5625,4.811004,-48.89903167173948,970.6
823,16.093,4.0,-39.0,-39.57142857142857,4.730010666666667,-49.0917685020261,970.6
824,15.69075,4.0,-39.0,-39.580357142857146,4.649017333333333,-48.98697598863991,970.6
825,15.2885,4.0,-39.0,-39.58928571428572,4.568023999999999,-48.88063853845135,970.6
826,14.88625,4.0,-39.0,-39.598214285714285,4.487030666666667,-48.77270536673744,970.6
827,14.484,4.0,-39.0,-39.60714285714285,4.406037333333333,-48.66312306516865,970.6
828,12.87475,4.0,-39.0,-39.61607142857143,4.325044,-48.55183541514323,970.6
829,11.2655,4.0,-39.0,-39.625,4.244050666666666,-48.43878318406547,970.6
830,9.65625,4.0,-39.0,-39.63392857142857,4.163057333333334,-48.323903902650905,970.6
831,8.047,4.0,-39.0,-39.642857142857146,4.082064,-48.20713162108477,970.6
832,9.65625,4.0,-39.0,-39.65178571428572,4.325044,-48.55183541514323,970.6
833,11.2655,4.0,-39.0,-39.660714285714285,4.568023999999999,-48.88063853845135,970.6
834,12.87475,4.0,-39.0,-39.66964285714285,4.811004,-49.19506441102966,970.6
835,14.484,4.0,-39.0,-39.67857142857143,5.053984,-49.49642227112014,970.6
836,13.67925,4.0,-39.0,-39.6875,4.972990666666666,-49.39734841616634,970.6
837,12.8745,4.0,-39.0,-39.69642857142857,4.891997333333333,-49.296909753208055,970.6
838,12.06975,4.0,-39.0,-39.705357142857146,4.811004,-49.19506441102966,970.6
839,11.265,4.0,-39.0,-39.71428571428572,4.730010666666667,-49.0917685020261,970.6
840,12.472,4.0,-39.0,-39.723214285714285,4.649017333333333,-48.98697598863991,970.6
841,13.679,4.0,-39.0,-39.73214285714285,4.568023999999999,-48.88063853845135,970.6
842,14.886,4.0,-39.0,-39.74107142857143,4.487030666666667,-48.77270536673744,970.6
843,16.093,4.0,-39.0,-39.75,4.406037333333333,-48.66312306516865,970.6
844,15.69075,4.0,-39.0,-39.75892857142857,4.325044,-48.55183541514323,970.6
845,15.2885,4.0,-39.0,-39.767857142857146,4.244050666666666,-48.43878318406547,970.6
846,14.88625,4.0,-39.0,-39.77678571428572,4.163057333333334,-48.323903902650905,970.6
847,14.484,4.0,-39.0,-39.785714285714285,4.082064,-48.20713162108477,970.6
848,14.88625,4.0,-38.75,-39.79464285714285,3.790488,-47.47919017073748,970.6
849,15.2885,4.0,-38.5,-39.80357142857143,3.498912,-46.72547147612292,970.6
850,15.69075,4.0,-38.25,-39.8125,3.207336,-45.94169870427114,970.6
851,16.093,4.0,-38.0,-39.82142857142857,2.91576,-45.122429773770776,970.6
852,15.69075,4.0,-38.0,-39.830357142857146,2.18682,0.0,970.525
853,15.2885,4.0,-38.0,-39.83928571428572,1.45788,0.0,970.45
854,14.88625,4.0,-38.0,-39.848214285714285,0.7289400000000001,0.0,970.375
855,14.484,4.0,-38.0,-39.85714285714285,0.0,0.0,970.3
856,14.88625,4.0,-38.0,-39.86607142857143,0.0,0.0,970.375
857,15.2885,4.0,-38.0,-39.875,0.0,0.0,970.45
858,15.69075,4.0,-38.0,-39.88392857142857,0.0,0.0,970.525
859,16.093,4.0,-38.0,-39.892857142857146,0.0,0.0,970.6
860,16.093,4.0,-37.75,-39.90178571428572,0.0,0.0,970.525
861,16.093,4.0,-37.5,-39.910714285714285,0.0,0.0,970.45
862,16.093,4.0,-37.25,-39.91964285714285,0.0,0.0,970.375
863,16.093,4.0,-37.0,-39.92857142857143,0.0,0.0,970.3
864,16.093,4.0,-36.75,-39.9375,0.0,0.0,970.3
865,16.093,4.0,-36.5,-39.94642857142857,0.0,0.0,970.3
866,16.093,4.0,-36.25,-39.955357142857146,0.0,0.0,970.3
867,16.093,4.0,-36.0,-39.96428571428572,0.0,0.0,970.3
868,16.093,4.0,-36.0,-39.973214285714285,0.0,0.0,970.3
869,16.093,4.0,-36.0,-39.98214285714285,0.0,0.0,970.3
870,16.093,4.0,-36.0,-39.99107142857143,0.0,0.0,970.3
871,16.093,4.0,-36.0,-40.0,0.0,0.0,970.3
872,16.093,4.0,-35.75,-39.75,0.72894,0.0,970.225
873,16.093,4.0,-35.5,-39.5,1.45788,0.0,970.15
874,16.093,4.0,-35.25,-39.25,2.18682,0.0,970.075
875,16.093,4.0,-35.0,-39.0,2.91576,-41.70000154001126,970.0
876,16.093,4.0,-34.75,-38.75,2.91576,-41.41479918719797,970.0
877,16.093,4.0,-34.5,-38.5,2.91576,-41.12959683438467,970.0
878,16.093,4.0,-34.25,-38.25,2.91576,-40.844394481571385,970.0
879,16.093,4.0,-34.0,-38.0,2.91576,-40.559192128758085,970.0
880,16.093,4.0,-33.75,-37.75,3.207336,-40.772146502768635,970.0
881,16.093,4.0,-33.5,-37.5,3.498912,-40.94456376166881,970.0
882,16.093,4.0,-33.25,-37.25,3.790488,-41.082287813198334,970.0
883,16.093,4.0,-33.0,-37.0,4.082064,-41.18993385983258,970.0
884,16.093,3.75,-33.0,-36.75,4.325044,-41.5040769619923,970.0
885,16.093,3.5,-33.0,-36.5,4.568023999999999,-41.80372911243627,970.0
886,16.093,3.25,-33.0,-36.25,4.811004,-42.0902786680651,970.0
887,16.093,3.0,-33.0,-36.0,5.053984,-42.36491879289349,970.0
888,16.093,3.25,-32.75,-36.0,5.053984,-42.06777281463405,970.0
889,16.093,3.5,-32.5,-36.0,5.053984,-41.77062683637459,970.0
890,16.093,3.75,-32.25,-36.0,5.053984,-41.47348085811515,970.0
891,16.093,4.0,-32.0,-36.0,5.053984,-41.17633487985571,970.0
892,16.093,4.0,-31.75,-35.75,5.053984,-40.879188901596265,970.0
893,16.093,4.0,-31.5,-35.5,5.053984,-40.58204292333682,970.0
894,16.093,4.0,-31.25,-35.25,5.053984,-40.28489694507738,970.0
895,16.093,4.0,-31.0,-35.0,5.053984,-39.98775096681794,970.0
896,16.093,4.0,-31.0,-35.0,4.811004,-39.72201675374358,969.925
897,16.093,4.0,-31.0,-35.0,4.568023999999999,-39.44475930376457,969.85
898,16.093,4.0,-31.0,-35.0,4.325044,-39.15482414427531,969.775
899,16.093,4.0,-31.0,-35.0,4.082064,-38.85086793941518,969.7
900,16.093,4.0,-30.75,-34.75,3.790488,-38.174604923407806,969.625
901,16.093,4.0,-30.5,-34.5,3.498912,-37.476019132996356,969.55
902,16.093,4.0,-30.25,-34.25,3.207336,-36.751383679377795,969.475
903,16.093,4.0,-30.0,-34.0,2.91576,-35.9959544837454,969.4
904,16.093,4.0,-29.75,-33.75,2.91576,-35.71075213093211,969.3
905,16.093,4.0,-29.5,-33.5,2.91576,-35.42554977811881,969.2
906,16.093,4.0,-29.25,-33.25,2.91576,-35.14034742530552,969.1
907,16.093,4.0,-29.0,-33.0,2.91576,-34.85514507249223,969.0
908,16.093,4.25,-28.75,-33.0,2.91576,-34.569942719678934,969.0
909,16.093,4.5,-28.5,-33.0,2.91576,-34.284740366865634,969.0
910,16.093,4.75,-28.25,-33.0,2.91576,-33.99953801405235,969.0
911,16.093,5.0,-28.0,-33.0,2.91576,-33.71433566123905,969.0
912,16.093,5.0,-28.0,-33.0,2.91576,-33.71433566123905,969.0
913,16.093,5.0,-28.0,-33.0,2.91576,-33.71433566123905,969.0
914,16.093,5.0,-28.0,-33.0,2.91576,-33.71433566123905,969.0
915,16.093,5.0,-28.0,-33.0,2.91576,-33.71433566123905,969.0
916,16.093,5.0,-28.0,-33.0,3.450316,-34.517827815974144,968.925
917,16.093,5.0,-28.0,-33.0,3.984872,-35.22274339920574,968.85
918,16.093,5.0,-28.0,-33.0,4.519428,-35.8522338951754,968.775
919,16.093,5.0,-28.0,-33.0,5.053984,-36.42199922770461,968.7
920,16.093,5.0,-28.0,-33.0,5.053984,-36.42199922770461,968.7
921,16.093,5.0,-28.0,-33.0,5.053984,-36.42199922770461,968.7
922,16.093,5.0,-28.0,-33.0,5.053984,-36.42199922770461,968.7
923,16.093,5.0,-28.0,-33.0,5.053984,-36.42199922770461,968.7
924,16.093,5.0,-28.0,-33.0,5.053984,-36.42199922770461,968.625
925,16.093,5.0,-28.0,-33.0,5.053984,-36.42199922770461,968.55
926,16.093,5.0,-28.0,-33.0,5.053984,-36.42199922770461,968.475
927,16.093,5.0,-28.0,-33.0,5.053984,-36.42199922770461,968.4
928,16.093,5.0,-28.0,-33.0,5.053984,-36.42199922770461,968.4
929,16.093,5.0,-28.0,-33.0,5.053984,-36.42199922770461,968.4
930,16.093,5.0,-28.0,-33.0,5.053984,-36.42199922770461,968.4
931,16.093,5.0,-28.0,-33.0,5.053984,-36.42199922770461,968.4
932,16.093,5.0,-28.0,-33.0,5.296964,-36.66438018989482,968.4
933,16.093,5.0,-28.0,-33.0,5.539944,-36.89759486756266,968.4
934,16.093,5.0,-28.0,-33.0,5.782924,-37.12237000153894,968.4
935,16.093,5.0,-28.0,-33.0,6.025904000000001,-37.339347058693136,968.4
936,16.093,5.0,-28.0,-33.0,6.025904000000001,-37.339347058693136,968.325
937,16.093,5.0,-28.0,-33.0,6.025904000000001,-37.339347058693136,968.25
938,16.093,5.0,-28.0,-33.0,6.025904000000001,-37.339347058693136,968.175
939,16.093,5.0,-28.0,-33.0,6.025904000000001,-37.339347058693136,968.1
940,16.093,5.25,-27.75,-33.0,5.782924,-36.82213465638041,968.1
941,16.093,5.5,-27.5,-33.0,5.539944,-36.299107163642475,968.1
942,16.093,5.75,-27.25,-33.0,5.296964,-35.76973479522724,968.1
943,16.093,6.0,-27.0,-33.0,5.053984,-35.23341531466683,968.1
944,16.093,5.75,-27.25,-33.0,5.296964,-35.76973479522724,968.1
945,16.093,5.5,-27.5,-33.0,5.539944,-36.299107163642475,968.1
946,16.093,5.25,-27.75,-33.0,5.782924,-36.82213465638041,968.1
947,16.093,5.0,-28.0,-33.0,6.025904000000001,-37.339347058693136,968.1
948,16.093,5.0,-28.0,-33.0,5.539944,-36.89759486756266,968.1
949,16.093,5.0,-28.0,-33.0,5.053984,-36.42199922770461,968.1
950,16.093,5.0,-28.0,-33.0,4.568024,-35.90630459075703,968.1
951,16.093,5.0,-28.0,-33.0,4.082064,-35.342269058789086,968.1
952,16.093,5.0,-28.0,-33.0,3.790488,-34.97615374463823,968.175
953,16.093,5.0,-28.0,-33.0,3.498912,-34.5855652757693,968.25
954,16.093,5.0,-28.0,-33.0,3.207336,-34.16660757862654,968.325
955,16.093,5.0,-28.0,-33.0,2.91576,-33.71433566123905,968.4
956,16.093,4.75,-28.25,-33.0,2.91576,-33.99953801405235,968.4
957,16.093,4.5,-28.5,-33.0,2.91576,-34.284740366865634,968.4
958,16.093,4.25,-28.75,-33.0,2.91576,-34.569942719678934,968.4
959,16.093,4.0,-29.0,-33.0,2.91576,-34.85514507249223,968.4
960,16.093,4.0,-29.0,-33.0,2.18682,0.0,968.325
961,16.093,4.0,-29.0,-33.0,1.45788,0.0,968.25
962,16.093,4.0,-29.0,-33.0,0.7289400000000001,0.0,968.175
963,16.093,4.0,-29.0,-33.0,0.0,0.0,968.1
964,16.093,4.0,-29.0,-33.0,0.0,0.0,968.0666666666668
965,16.093,4.0,-29.0,-33.0,0.0,0.0,968.0333333333332
966,16.093,4.0,-29.0,-33.0,0.0,0.0,968.0
967,16.093,4.0,-29.0,-33.0,0.0,0.0,967.9666666666668
968,16.093,3.75,-29.25,-33.0,0.72894,0.0,967.9333333333334
969,16.093,3.5,-29.5,-33.0,1.45788,0.0,967.9
970,16.093,3.25,-29.75,-33.0,2.18682,0.0,967.8666666666668
971,16.093,3.0,-30.0,-33.0,2.91576,-35.9959544837454,967.8333333333334
972,16.093,3.25,-30.25,-33.5,3.450316,-37.116547150716315,967.8
973,16.093,3.5,-30.5,-34.0,3.984872,-38.141303469269054,967.7666666666668
974,16.093,3.75,-30.75,-34.5,4.519428,-39.093193791199425,967.7333333333332
975,16.093,4.0,-31.0,-35.0,5.053984,-39.98775096681794,967.7
976,16.093,3.75,-31.25,-35.0,5.053984,-40.28489694507738,967.625
977,16.093,3.5,-31.5,-35.0,5.053984,-40.58204292333682,967.55
978,16.093,3.25,-31.75,-35.0,5.053984,-40.879188901596265,967.475
979,16.093,3.0,-32.0,-35.0,5.053984,-41.17633487985571,967.4
980,16.093,3.25,-32.0,-35.25,5.296964,-41.43582229478861,967.4
981,16.093,3.5,-32.0,-35.5,5.539944,-41.68549649892411,967.4
982,16.093,3.75,-32.0,-35.75,5.782924,-41.92613552407546,967.4
983,16.093,4.0,-32.0,-36.0,6.025904000000001,-42.158426109738315,967.4
984,16.093,4.0,-32.0,-36.0,6.268884000000001,-42.38297761438156,967.4
985,16.093,4.0,-32.0,-36.0,6.511864000000001,-42.600333356490715,967.4
986,16.093,4.0,-32.0,-36.0,6.754844,-42.810979937360734,967.4
987,16.093,4.0,-32.0,-36.0,6.9978240000000005,-43.015354963695074,967.4
988,16.093,3.75,-32.25,-36.0,6.9978240000000005,-43.320078166404215,967.4
989,16.093,3.5,-32.5,-36.0,6.9978240000000005,-43.62480136911334,967.4
990,16.093,3.25,-32.75,-36.0,6.9978240000000005,-43.92952457182248,967.4
991,16.093,3.0,-33.0,-36.0,6.9978240000000005,-44.23424777453161,967.4
992,16.093,3.0,-33.0,-36.0,6.754844,-44.02650444252175,967.4
993,16.093,3.0,-33.0,-36.0,6.511864000000001,-43.81238619445932,967.4
994,16.093,3.0,-33.0,-36.0,6.268884000000001,-43.59144821144292,967.4
995,16.093,3.0,-33.0,-36.0,6.025904000000001,-43.36319587249962,967.4
996,16.093,3.0,-33.0,-36.0,5.782924,-43.1270769047096,967.325
997,16.093,3.0,-33.0,-36.0,5.539944,-42.882471906764465,967.25
998,16.093,3.0,-33.0,-36.0,5.296964,-42.628682821012056,967.175
999,16.093,3.0,-33.0,-36.0,5.053984,-42.36491879289349,967.1
1000,16.093,3.0,-33.25,-36.25,4.811004,-42.386311407355294,967.1
1001,16.093,3.0,-33.5,-36.5,4.568023999999999,-42.39347156460419,967.1
1002,16.093,3.0,-33.75,-36.75,4.325044,-42.38504676863616,967.1
1003,16.093,3.0,-34.0,-37.0,4.082064,-42.35946682004127,967.1
1004,16.093,3.0,-34.0,-37.0,4.325044,-42.67870337085078,967.1
1005,16.093,3.0,-34.0,-37.0,4.568023999999999,-42.98321401677211,967.1
1006,16.093,3.0,-34.0,-37.0,4.811004,-43.27440962522586,967.1
1007,16.093,3.0,-34.0,-37.0,5.053984,-43.55350270593126,967.1
1008,16.093,3.25,-33.75,-37.0,5.053984,-43.256356727671815,967.1
1009,16.093,3.5,-33.5,-37.0,5.053984,-42.95921074941238,967.1
1010,16.093,3.75,-33.25,-37.0,5.053984,-42.66206477115293,967.1
1011,16.093,4.0,-33.0,-37.0,5.053984,-42.36491879289349,967.1
1012,16.093,4.0,-33.25,-37.25,5.053984,-42.66206477115293,967.1
1013,16.093,4.0,-33.5,-37.5,5.053984,-42.95921074941238,967.1
1014,16.093,4.0,-33.75,-37.75,5.053984,-43.256356727671815,967.1
1015,16.093,4.0,-34.0,-38.0,5.053984,-43.55350270593126,967.1
1016,16.093,4.0,-34.0,-38.0,4.811004,-43.27440962522586,967.1
1017,16.093,4.0,-34.0,-38.0,4.568023999999999,-42.98321401677211,967.1
1018,16.093,4.0,-34.0,-38.0,4.325044,-42.67870337085078,967.1
1019,16.093,4.0,-34.0,-38.0,4.082064,-42.35946682004127,967.1
1020,16.093,3.75,-34.0,-37.75,4.082064,-42.35946682004127,967.1
1021,16.093,3.5,-34.0,-37.5,4.082064,-42.35946682004127,967.1
1022,16.093,3.25,-34.0,-37.25,4.082064,-42.35946682004127,967.1
1023,16.093,3.0,-34.0,-37.0,4.082064,-42.35946682004127,967.1
1024,16.093,3.25,-34.0,-37.25,4.325044,-42.67870337085078,967.025
1025,16.093,3.5,-34.0,-37.5,4.568023999999999,-42.98321401677211,966.95
1026,16.093,3.75,-34.0,-37.75,4.811004,-43.27440962522586,966.875
1027,16.093,4.0,-34.0,-38.0,5.053984,-43.55350270593126,966.8
1028,16.093,4.0,-34.0,-38.0,5.539944,-44.07944731460482,966.7
1029,16.093,4.0,-34.0,-38.0,6.025904000000001,-44.567965635260904,966.6
1030,16.093,4.0,-34.0,-38.0,6.511864,-45.02443903242791,966.5
1031,16.093,4.0,-34.0,-38.0,6.9978240000000005,-45.45314058536813,966.4
1032,16.093,4.0,-34.0,-38.0,6.754844,-45.242028947682755,966.4
1033,16.093,4.0,-34.0,-38.0,6.511864000000001,-45.02443903242792,966.4
1034,16.093,4.0,-34.0,-38.0,6.268884000000001,-44.79991880850428,966.4
1035,16.093,4.0,-34.0,-38.0,6.025904000000001,-44.567965635260904,966.4
1036,16.093,4.0,-34.0,-38.0,6.025904000000001,-44.567965635260904,966.4
1037,16.093,4.0,-34.0,-38.0,6.025904000000001,-44.567965635260904,966.4
1038,16.093,4.0,-34.0,-38.0,6.025904000000001,-44.567965635260904,966.4
1039,16.093,4.0,-34.0,-38.0,6.025904000000001,-44.567965635260904,966.4
1040,16.093,4.0,-34.0,-38.0,6.025904000000001,-44.567965635260904,966.4
1041,16.093,4.0,-34.0,-38.0,6.025904000000001,-44.567965635260904,966.4
1042,16.093,4.0,-34.0,-38.0,6.025904000000001,-44.567965635260904,966.4
1043,16.093,4.0,-34.0,-38.0,6.025904000000001,-44.567965635260904,966.4
1044,16.093,4.0,-34.125,-38.125,6.147394,-44.83573438280072,966.325
1045,16.093,4.0,-34.25,-38.25,6.268884000000001,-45.10203645776963,966.25
1046,16.093,4.0,-34.375,-38.375,6.390374,-45.366928859177406,966.175
1047,16.093,4.0,-34.5,-38.5,6.511864000000001,-45.63046545141222,966.1
1048,16.093,4.0,-34.625,-38.625,6.633354000000001,-45.892697189863966,966.025
1049,16.093,4.0,-34.75,-38.75,6.754844,-46.153672326553504,965.95
1050,16.093,4.0,-34.875,-38.875,6.876334000000001,-46.413436597862244,965.875
1051,16.093,4.0,-35.0,-39.0,6.9978240000000005,-46.672033396204654,965.8
1052,16.093,4.0,-35.0,-39.0,6.9978240000000005,-46.672033396204654,965.8
1053,16.093,4.0,-35.0,-39.0,6.9978240000000005,-46.672033396204654,965.8
1054,16.093,4.0,-35.0,-39.0,6.9978240000000005,-46.672033396204654,965.8
1055,16.093,4.0,-35.0,-39.0,6.9978240000000005,-46.672033396204654,965.8
1056,16.093,3.75,-35.0,-38.75,6.9978240000000005,-46.672033396204654,965.725
1057,16.093,3.5,-35.0,-38.5,6.9978240000000005,-46.672033396204654,965.65
1058,16.093,3.25,-35.0,-38.25,6.9978240000000005,-46.672033396204654,965.575
1059,16.093,3.0,-35.0,-38.0,6.9978240000000005,-46.672033396204654,965.5
1060,16.093,3.25,-34.75,-38.0,6.9978240000000005,-46.36731019349552,965.4
1061,16.093,3.5,-34.5,-38.0,6.9978240000000005,-46.06258699078639,965.3
1062,16.093,3.75,-34.25,-38.0,6.9978240000000005,-45.75786378807726,965.2
1063,16.093,4.0,-34.0,-38.0,6.9978240000000005,-45.45314058536813,965.1
1064,16.093,3.75,-34.0,-37.75,7.240804000000001,-45.65818202189145,964.95
1065,16.093,3.5,-34.0,-37.5,7.483784,-45.85752296727428,964.8
1066,16.093,3.25,-34.0,-37.25,7.726763999999999,-46.051499486563934,964.65
1067,16.093,3.0,-34.0,-37.0,7.969743999999999,-46.24041801158914,964.5
1068,16.093,3.25,-33.75,-37.0,7.483784,-45.5511867750031,964.5
1069,16.093,3.5,-33.5,-37.0,6.997824,-44.843694179949864,964.5
1070,16.093,3.75,-33.25,-37.0,6.511864,-44.11539940395146,964.5
1071,16.093,4.0,-33.0,-37.0,6.025904000000001,-43.36319587249962,964.5
1072,16.093,3.75,-33.0,-36.75,6.511864,-43.81238619445931,964.5
1073,16.093,3.5,-33.0,-36.5,6.997824,-44.23424777453161,964.5
1074,16.093,3.25,-33.0,-36.25,7.483784,-44.632178198189564,964.5
1075,16.093,3.0,-33.0,-36.0,7.969743999999999,-45.00896411671188,964.5
1076,16.093,3.25,-32.75,-36.0,7.726763999999999,-44.515949883609196,964.5
1077,16.093,3.5,-32.5,-36.0,7.483784,-44.0195058136472,964.5
1078,16.093,3.75,-32.25,-36.0,7.240804000000001,-43.51939455658059,964.5
1079,16.093,4.0,-32.0,-36.0,6.9978240000000005,-43.015354963695074,964.5
1080,16.093,3.75,-32.0,-35.75,6.754844,-42.810979937360734,964.5
1081,16.093,3.5,-32.0,-35.5,6.511864000000001,-42.600333356490715,964.5
1082,16.093,3.25,-32.0,-35.25,6.268884000000001,-42.38297761438156,964.5
1083,16.093,3.0,-32.0,-35.0,6.025904000000001,-42.158426109738315,964.5
1084,16.093,3.25,-32.0,-35.25,6.025904000000001,-42.158426109738315,964.425
1085,16.093,3.5,-32.0,-35.5,6.025904000000001,-42.158426109738315,964.35
1086,16.093,3.75,-32.0,-35.75,6.025904000000001,-42.158426109738315,964.275
1087,16.093,4.0,-32.0,-36.0,6.025904000000001,-42.158426109738315,964.2
1088,16.093,3.75,-32.0,-35.75,6.025904000000001,-42.158426109738315,964.1
1089,16.093,3.5,-32.0,-35.5,6.025904000000001,-42.158426109738315,964.0
1090,16.093,3.25,-32.0,-35.25,6.025904000000001,-42.158426109738315,963.9
1091,16.093,3.0,-32.0,-35.0,6.025904000000001,-42.158426109738315,963.8
1092,16.093,3.25,-31.75,-35.0,6.025904000000001,-41.85723366904799,963.725
1093,16.093,3.5,-31.5,-35.0,6.025904000000001,-41.55604122835767,963.65
1094,16.093,3.75,-31.25,-35.0,6.025904000000001,-41.25484878766734,963.575
1095,16.093,4.0,-31.0,-35.0,6.025904000000001,-40.95365634697703,963.5
1096,16.093,3.75,-31.0,-34.75,6.511864,-41.38828051852211,963.425
1097,16.093,3.5,-31.0,-34.5,6.997824,-41.79646215285856,963.35
1098,16.093,3.25,-31.0,-34.25,7.483784,-42.181488660020136,963.275
1099,16.093,3.0,-31.0,-34.0,7.969743999999999,-42.54605632695733,963.2
1100,16.093,3.0,-31.0,-34.0,7.969743999999999,-42.54605632695733,963.125
1101,16.093,3.0,-31.0,-34.0,7.969743999999999,-42.54605632695733,963.05
1102,16.093,3.0,-31.0,-34.0,7.969743999999999,-42.54605632695733,962.975
1103,16.093,3.0,-31.0,-34.0,7.969743999999999,-42.54605632695733,962.9
1104,16.093,3.0,-30.75,-33.75,7.969743999999999,-42.23819285323801,962.9
1105,16.093,3.0,-30.5,-33.5,7.969743999999999,-41.930329379518696,962.9
1106,16.093,3.0,-30.25,-33.25,7.969743999999999,-41.62246590579937,962.9
1107,16.093,3.0,-30.0,-33.0,7.969743999999999,-41.314602432080065,962.9
1108,16.093,3.0,-30.0,-33.0,7.969743999999999,-41.314602432080065,962.975
1109,16.093,3.0,-30.0,-33.0,7.969743999999999,-41.314602432080065,963.05
1110,16.093,3.0,-30.0,-33.0,7.969743999999999,-41.314602432080065,963.125
1111,16.093,3.0,-30.0,-33.0,7.969743999999999,-41.314602432080065,963.2
1112,16.093,3.0,-29.75,-32.75,7.726763999999999,-40.83063083651781,963.2
1113,16.093,3.0,-29.5,-32.5,7.483784,-40.34347150639306,963.2
1114,16.093,3.0,-29.25,-32.25,7.240804000000001,-39.85290175890485,963.2
1115,16.093,3.0,-29.0,-32.0,6.9978240000000005,-39.35867653118551,963.2
1116,16.093,3.0,-29.0,-32.0,7.240804000000001,-39.54736069243188,963.125
1117,16.093,3.0,-29.0,-32.0,7.483784,-39.7307991218507,963.05
1118,16.093,3.0,-29.0,-32.0,7.726763999999999,-39.909301074744974,962.975
1119,16.093,3.0,-29.0,-32.0,7.969743999999999,-40.08314853720279,962.9
1120,16.093,3.0,-28.75,-31.75,7.969743999999999,-39.775285063483466,962.975
1121,16.093,3.0,-28.5,-31.5,7.969743999999999,-39.46742158976415,963.05
1122,16.093,3.0,-28.25,-31.25,7.969743999999999,-39.159558116044835,963.125
1123,16.093,3.0,-28.0,-31.0,7.969743999999999,-38.85169464232551,963.2
1124,16.093,3.0,-27.75,-30.75,8.212724,-38.709609532587606,963.125
1125,16.093,3.0,-27.5,-30.5,8.455703999999999,-38.56200346835527,963.05
1126,16.093,3.0,-27.25,-30.25,8.698684,-38.40914133979841,962.975
1127,16.093,3.0,-27.0,-30.0,8.941664,-38.25126780877717,962.9
1128,13.27675,3.0,-27.0,-30.0,9.47622,-38.57412060466209,962.8
1129,10.4605,3.0,-27.0,-30.0,10.010776,-38.88202093260854,962.7
1130,7.644249999999999,3.0,-27.0,-30.0,10.545332,-39.17640681687237,962.6
1131,4.828,3.0,-27.0,-30.0,11.079888,-39.45851337464517,962.5
1132,6.83975,3.0,-27.0,-30.0,11.322868,-39.58297885441081,962.425
1133,8.851500000000001,3.0,-27.0,-30.0,11.565848,-39.705220610402904,962.35
1134,10.86325,3.0,-27.0,-30.0,11.808828000000002,-39.825323860209934,962.275
1135,12.875,3.0,-27.0,-30.0,12.051808,-39.943368883507745,962.2
1136,10.86325,3.0,-26.75,-29.75,12.294788,-39.74061529794753,962.2
1137,8.8515,3.0,-26.5,-29.5,12.537768,-39.53492556940077,962.2
1138,6.83975,3.0,-26.25,-29.25,12.780748,-39.3263921309546,962.2
1139,4.828,3.0,-26.0,-29.0,13.023728,-39.11510264503707,962.2
1140,4.62675,3.0,-26.0,-29.0,12.780748,-39.006559162322965,962.2
1141,4.4255,3.0,-26.0,-29.0,12.537768,-38.89626822013915,962.2
1142,4.22425,3.0,-26.0,-29.0,12.294788,-38.78416698814998,962.2
1143,4.023,3.0,-26.0,-29.0,12.051808,-38.67018907954811,962.2
1144,4.023,3.25,-25.75,-29.0,11.808828000000002,-38.236499376587076,962.2
1145,4.023,3.5,-25.5,-29.0,11.565848,-37.801867007628914,962.2
1146,4.023,3.75,-25.25,-29.0,11.322868,-37.36624194233163,962.2
1147,4.023,4.0,-25.0,-29.0,11.079888,-36.92957083173137,962.2
1148,4.22425,3.75,-25.0,-28.75,11.079888,-36.92957083173137,962.2
1149,4.4255,3.5,-25.0,-28.5,11.079888,-36.92957083173137,962.2
1150,4.62675,3.25,-25.0,-28.25,11.079888,-36.92957083173137,962.2
1151,4.828,3.0,-25.0,-28.0,11.079888,-36.92957083173137,962.2
1152,4.828,3.25,-24.75,-28.0,11.565848,-36.850190206241926,962.2
1153,4.828,3.5,-24.5,-28.0,12.051808,-36.76041937360866,962.2
1154,4.828,3.75,-24.25,-28.0,12.537768,-36.66096749772349,962.2
1155,4.828,4.0,-24.0,-28.0,13.023728,-36.55246846460834,962.2
1156,7.242,3.75,-24.0,-27.75,13.023728,-36.55246846460834,962.2
1157,9.656,3.5,-24.0,-27.5,13.023728,-36.55246846460834,962.2
1158,12.07,3.25,-24.0,-27.25,13.023728,-36.55246846460834,962.2
1159,14.484,3.0,-24.0,-27.0,13.023728,-36.55246846460834,962.2
1160,14.88625,3.0,-24.0,-27.0,12.780748,-36.44789541326986,962.05
1161,15.2885,3.0,-24.0,-27.0,12.537768,-36.34163882309268,961.9
1162,15.69075,3.0,-24.0,-27.0,12.294788,-36.233638162023176,961.75
1163,16.093,3.0,-24.0,-27.0,12.051808,-36.12382947162885,961.6
1164,16.093,3.25,-23.75,-27.0,13.023728,-36.232139192054746,961.6
1165,16.093,3.5,-23.5,-27.0,13.995648,-36.31054940671685,961.6
1166,16.093,3.75,-23.25,-27.0,14.967568,-36.36262739776709,961.6
1167,16.093,4.0,-23.0,-27.0,15.939488,-36.39130698313727,961.6
1168,16.093,4.0,-23.0,-27.0,15.696508,-36.3048571987122,961.675
1169,16.093,4.0,-23.0,-27.0,15.453528,-36.21727589458303,961.75
1170,16.093,4.0,-23.0,-27.0,15.210548,-36.12853011510837,961.825
1171,16.093,4.0,-23.0,-27.0,14.967568,-36.038585399294455,961.9
1172,16.093,4.0,-23.0,-27.0,15.210548,-36.12853011510837,961.9
1173,16.093,4.0,-23.0,-27.0,15.453528,-36.21727589458303,961.9
1174,16.093,4.0,-23.0,-27.0,15.696508,-36.3048571987122,961.9
1175,16.093,4.0,-23.0,-27.0,15.939488,-36.39130698313727,961.9
1176,16.093,4.0,-22.75,-26.75,15.939488,-36.06555857274641,961.9
1177,16.093,4.0,-22.5,-26.5,15.939488,-35.73981016235555,961.9
1178,16.093,4.0,-22.25,-26.25,15.939488,-35.414061751964695,961.9
1179,16.093,4.0,-22.0,-26.0,15.939488,-35.08831334157384,961.9
1180,16.093,4.0,-22.0,-26.0,15.453528,-34.91764999389233,961.975
1181,16.093,4.0,-22.0,-26.0,14.967568,-34.74241740540391,962.05
1182,16.093,4.0,-22.0,-26.0,14.481608,-34.562338754755494,962.125
1183,16.093,4.0,-22.0,-26.0,13.995648,-34.37711045083016,962.2
1184,16.093,4.25,-21.75,-26.0,14.481608,-34.23918514011034,962.05
1185,16.093,4.5,-21.5,-26.0,14.967568,-34.094333408458645,961.9
1186,16.093,4.75,-21.25,-26.0,15.453528,-33.9429305683743,961.75
1187,16.093,5.0,-21.0,-26.0,15.939488,-33.78531970001041,961.6
1188,15.69075,4.75,-21.0,-25.75,15.453528,-33.618024093201626,961.6
1189,15.2885,4.5,-21.0,-25.5,14.967568,-33.44624941151338,961.6
1190,14.88625,4.25,-21.0,-25.25,14.481608,-33.26972429617487,961.6
1191,14.484,4.0,-21.0,-25.0,13.995648,-33.0881511469057,961.6
1192,14.484,4.0,-21.0,-25.0,14.238628,-33.17958844400839,961.6
1193,14.484,4.0,-21.0,-25.0,14.481608,-33.26972429617487,961.6
1194,14.484,4.0,-21.0,-25.0,14.724588,-33.358598604172634,961.6
1195,14.484,4.0,-21.0,-25.0,14.967568,-33.44624941151338,961.6
1196,14.08175,4.0,-20.75,-24.75,15.210548,-33.2082358825043,961.5
1197,13.6795,4.0,-20.5,-24.5,15.453528,-32.96821114285627,961.4
1198,13.27725,4.0,-20.25,-24.25,15.696508,-32.726225220477204,961.3
1199,12.875,4.0,-20.0,-24.0,15.939488,-32.48232605844697,961.2
1200,13.27725,4.0,-20.0,-24.0,16.231064,-32.578678121741675,961.3
1201,13.6795,4.0,-20.0,-24.0,16.52264,-32.67358705515338,961.4
1202,14.08175,4.0,-20.0,-24.0,16.814216000000002,-32.76709937718741,961.5
1203,14.484,4.0,-20.0,-24.0,17.105792,-32.859259331688314,961.6
1204,14.88625,4.25,-19.75,-24.0,16.085276,-32.20468869700659,961.425
1205,15.2885,4.5,-19.5,-24.0,15.06476,-31.5356747765061,961.25
1206,15.69075,4.75,-19.25,-24.0,14.044244,-30.850217946388035,961.075
1207,16.093,5.0,-19.0,-24.0,13.023728,-30.14588301353652,960.9
1208,16.093,4.75,-19.0,-23.75,13.023728,-30.14588301353652,960.75
1209,16.093,4.5,-19.0,-23.5,13.023728,-30.14588301353652,960.6
1210,16.093,4.25,-19.0,-23.25,13.023728,-30.14588301353652,960.45
1211,16.093,4.0,-19.0,-23.0,13.023728,-30.14588301353652,960.3
1212,15.69075,4.25,-19.0,-23.25,13.023728,-30.14588301353652,960.375
1213,15.2885,4.5,-19.0,-23.5,13.023728,-30.14588301353652,960.45
1214,14.88625,4.75,-19.0,-23.75,13.023728,-30.14588301353652,960.525
1215,14.484,5.0,-19.0,-24.0,13.023728,-30.14588301353652,960.6
1216,14.88625,5.0,-19.0,-24.0,13.266708,-30.239058154857453,960.6
1217,15.2885,5.0,-19.0,-24.0,13.509688,-30.330810690698797,960.6
1218,15.69075,5.0,-19.0,-24.0,13.752668,-30.421187351281255,960.6
1219,16.093,5.0,-19.0,-24.0,13.995648,-30.51023253905678,960.6
1220,15.69075,5.0,-19.0,-24.0,13.509688,-30.330810690698797,960.675
1221,15.2885,5.0,-19.0,-24.0,13.023728000000002,-30.14588301353652,960.75
1222,14.88625,5.0,-19.0,-24.0,12.537768000000002,-29.955065330476515,960.825
1223,14.484,5.0,-19.0,-24.0,12.051808,-29.757930451830696,960.9
1224,14.08175,4.75,-19.25,-24.0,11.808828000000002,-29.974612061748168,960.975
1225,13.6795,4.5,-19.5,-24.0,11.565848,-30.188452596532976,961.05
1226,13.27725,4.25,-19.75,-24.0,11.322868,-30.399354504368432,961.125
1227,12.875,4.0,-20.0,-24.0,11.079888,-30.607214474446867,961.2
1228,13.6795,4.0,-20.0,-24.0,11.565848,-30.822903797457634,961.125
1229,14.484,4.0,-20.0,-24.0,12.051808,-31.03111025579033,961.05
1230,15.2885,4.0,-20.0,-24.0,12.537768,-31.23238002899975,960.975
1231,16.093,4.0,-20.0,-24.0,13.023728,-31.427200103750884,960.9
1232,16.093,4.0,-20.0,-24.0,13.266708,-31.52232958916332,960.9
1233,16.093,4.0,-20.0,-24.0,13.509688,-31.61600663001491,960.9
1234,16.093,4.0,-20.0,-24.0,13.752668,-31.70827893669047,960.9
1235,16.093,4.0,-20.0,-24.0,13.995648,-31.799191842981244,960.9
1236,16.093,4.0,-20.0,-24.0,13.752668,-31.70827893669047,960.825
1237,16.093,4.0,-20.0,-24.0,13.509688,-31.61600663001491,960.75
1238,16.093,4.0,-20.0,-24.0,13.266708,-31.52232958916332,960.675
1239,16.093,4.0,-20.0,-24.0,13.023728,-31.427200103750884,960.6
1240,16.093,3.75,-20.0,-23.75,13.266708,-31.52232958916332,960.625
1241,16.093,3.5,-20.0,-23.5,13.509688,-31.61600663001491,960.65
1242,16.093,3.25,-20.0,-23.25,13.752668,-31.70827893669047,960.675
1243,16.093,3.0,-20.0,-23.0,13.995648,-31.799191842981244,960.7
1244,16.093,3.0,-20.0,-23.0,13.752668,-31.70827893669047,960.725
1245,16.093,3.0,-20.0,-23.0,13.509688,-31.61600663001491,960.75
1246,16.093,3.0,-20.0,-23.0,13.266708,-31.52232958916332,960.775
1247,16.093,3.0,-20.0,-23.0,13.023728,-31.427200103750884,960.8
1248,16.093,3.0,-20.0,-23.0,12.537768,-31.23238002899975,960.825
1249,16.093,3.0,-20.0,-23.0,12.051808,-31.03111025579033,960.85
1250,16.093,3.0,-20.0,-23.0,11.565848,-30.822903797457634,960.875
1251,16.093,3.0,-20.0,-23.0,11.079888,-30.607214474446867,960.9
1252,16.093,3.25,-19.75,-23.0,11.322868,-30.399354504368432,960.925
1253,16.093,3.5,-19.5,-23.0,11.565848,-30.188452596532976,960.95
1254,16.093,3.75,-19.25,-23.0,11.808828000000002,-29.974612061748168,960.975
1255,16.093,4.0,-19.0,-23.0,12.051808,-29.757930451830696,961.0
1256,16.093,4.0,-19.0,-23.0,11.808828000000002,-29.6568471650236,961.025
1257,16.093,4.0,-19.0,-23.0,11.565848,-29.55400139560831,961.05
1258,16.093,4.0,-19.0,-23.0,11.322868,-29.44932439919163,961.075
1259,16.093,4.0,-19.0,-23.0,11.079888,-29.342743202989965,961.1
1260,16.093,4.0,-19.0,-23.0,11.322868,-29.44932439919163,961.125
1261,16.093,4.0,-19.0,-23.0,11.565848,-29.55400139560831,961.15
1262,16.093,4.0,-19.0,-23.0,11.808828000000002,-29.6568471650236,961.175
1263,16.093,4.0,-19.0,-23.0,12.051808,-29.757930451830696,961.2
1264,16.093,3.75,-19.0,-22.75,11.808828000000002,-29.6568471650236,961.125
1265,16.093,3.5,-19.0,-22.5,11.565848,-29.55400139560831,961.05
1266,16.093,3.25,-19.0,-22.25,11.322868,-29.44932439919163,960.975
1267,16.093,3.0,-19.0,-22.0,11.079888,-29.342743202989965,960.9
1268,16.093,3.0,-19.0,-22.0,11.079888,-29.342743202989965,960.9
1269,16.093,3.0,-19.0,-22.0,11.079888,-29.342743202989965,960.9
1270,16.093,3.0,-19.0,-22.0,11.079888,-29.342743202989965,960.9
1271,16.093,3.0,-19.0,-22.0,11.079888,-29.342743202989965,960.9
1272,16.093,3.0,-19.0,-22.0,11.079888,-29.342743202989965,960.9
1273,16.093,3.0,-19.0,-22.0,11.079888,-29.342743202989965,960.9
1274,16.093,3.0,-19.0,-22.0,11.079888,-29.342743202989965,960.9
1275,16.093,3.0,-19.0,-22.0,11.079888,-29.342743202989965,960.9
1276,16.093,3.0,-19.0,-22.0,11.079888,-29.342743202989965,960.9
1277,16.093,3.0,-19.0,-22.0,11.079888,-29.342743202989965,960.9
1278,16.093,3.0,-19.0,-22.0,11.079888,-29.342743202989965,960.9
1279,16.093,3.0,-19.0,-22.0,11.079888,-29.342743202989965,960.9
1280,16.093,3.0,-19.0,-22.0,11.565848,-29.55400139560831,960.825
1281,16.093,3.0,-19.0,-22.0,12.051808,-29.757930451830696,960.75
1282,16.093,3.0,-19.0,-22.0,12.537768,-29.955065330476515,960.675
1283,16.093,3.0,-19.0,-22.0,13.023728,-30.14588301353652,960.6
1284,16.093,3.0,-19.0,-22.0,12.780748,-30.051236040637118,960.525
1285,16.093,3.0,-19.0,-22.0,12.537768,-29.955065330476515,960.45
1286,16.093,3.0,-19.0,-22.0,12.294788,-29.85731609670617,960.375
1287,16.093,3.0,-19.0,-22.0,12.051808,-29.757930451830696,960.3
1288,16.093,3.0,-19.0,-22.0,12.294788,-29.85731609670617,960.3
1289,16.093,3.0,-19.0,-22.0,12.537768,-29.955065330476515,960.3
1290,16.093,3.0,-19.0,-22.0,12.780748,-30.051236040637118,960.3
1291,16.093,3.0,-19.0,-22.0,13.023728,-30.14588301353652,960.3
1292,16.093,3.0,-19.0,-22.0,12.537768,-29.955065330476515,960.3
1293,16.093,3.0,-19.0,-22.0,12.051808,-29.757930451830696,960.3
1294,16.093,3.0,-19.0,-22.0,11.565848,-29.55400139560831,960.3
1295,16.093,3.0,-19.0,-22.0,11.079888,-29.342743202989965,960.3
1296,16.093,3.0,-19.0,-22.0,10.788312,-29.212222672222317,960.2
1297,16.093,3.0,-19.0,-22.0,10.496736,-29.078704556464864,960.1
1298,16.093,3.0,-19.0,-22.0,10.20516,-28.94203380447637,960.0
1299,16.093,3.0,-19.0,-22.0,9.913584,-28.802042627104015,959.9
1300,16.093,3.0,-19.0,-22.0,9.913584,-28.802042627104015,960.0
1301,16.093,3.0,-19.0,-22.0,9.913584,-28.802042627104015,960.1
1302,16.093,3.0,-19.0,-22.0,9.913584,-28.802042627104015,960.2
1303,16.093,3.0,-19.0,-22.0,9.913584,-28.802042627104015,960.3
1304,16.093,3.0,-19.0,-22.0,9.670604,-28.682716048107583,960.3
1305,16.093,3.0,-19.0,-22.0,9.427624,-28.56084386970116,960.3
1306,16.093,3.0,-19.0,-22.0,9.184644,-28.436304029457688,960.3
1307,16.093,3.0,-19.0,-22.0,8.941664,-28.308965188703283,960.3
1308,16.093,2.75,-19.25,-22.0,8.455703999999999,-28.354627191553046,960.3
1309,16.093,2.5,-19.5,-22.0,7.969744,-28.384336535868698,960.3
1310,16.093,2.25,-19.75,-22.0,7.483784,-28.39636000781709,960.3
1311,16.093,2.0,-20.0,-22.0,6.9978240000000005,-28.38864123365679,960.3
1312,16.093,2.25,-19.75,-22.0,6.9978240000000005,-28.08391803094766,960.2
1313,16.093,2.5,-19.5,-22.0,6.9978240000000005,-27.77919482823853,960.1
1314,16.093,2.75,-19.25,-22.0,6.9978240000000005,-27.474471625529397,960.0
1315,16.093,3.0,-19.0,-22.0,6.9978240000000005,-27.169748422820263,959.9
1316,16.093,3.0,-19.0,-22.0,7.240804000000001,-27.325718033512736,959.9
1317,16.093,3.0,-19.0,-22.0,7.483784,-27.47735143100355,959.9
1318,16.093,3.0,-19.0,-22.0,7.726763999999999,-27.624904251107047,959.9
1319,16.093,3.0,-19.0,-22.0,7.969743999999999,-27.76860958843006,959.9
1320,16.093,3.0,-19.0,-22.0,8.212724,-27.908680603153133,959.825
1321,16.093,3.0,-19.0,-22.0,8.455703999999999,-28.045312758922677,959.75
1322,16.093,3.0,-19.0,-22.0,8.698684,-28.178685753056897,959.675
1323,16.093,3.0,-19.0,-22.0,8.941664,-28.308965188703283,959.6
1324,16.093,2.75,-19.0,-21.75,8.941664,-28.308965188703283,959.6
1325,16.093,2.5,-19.0,-21.5,8.941664,-28.308965188703283,959.6
1326,16.093,2.25,-19.0,-21.25,8.941664,-28.308965188703283,959.6
1327,16.093,2.0,-19.0,-21.0,8.941664,-28.308965188703283,959.6
1328,16.093,2.25,-18.75,-21.0,8.698684,-27.868671947398063,959.525
1329,16.093,2.5,-18.5,-21.0,8.455703999999999,-27.426683893661938,959.45
1330,16.093,2.75,-18.25,-21.0,8.212724,-26.982886694915894,959.375
1331,16.093,3.0,-18.0,-21.0,7.969743999999999,-26.53715569355279,959.3
1332,16.093,3.0,-18.0,-21.0,7.726763999999999,-26.39646456874326,959.375
1333,16.093,3.0,-18.0,-21.0,7.483784,-26.252006661918838,959.45
1334,16.093,3.0,-18.0,-21.0,7.240804000000001,-26.103553767620824,959.525
1335,16.093,3.0,-18.0,-21.0,6.9978240000000005,-25.95085561198374,959.6
1336,16.093,2.75,-18.0,-20.75,7.483784,-26.252006661918838,959.525
1337,16.093,2.5,-18.0,-20.5,7.969744,-26.53715569355279,959.45
1338,16.093,2.25,-18.0,-20.25,8.455703999999999,-26.808055028401196,959.375
1339,16.093,2.0,-18.0,-20.0,8.941664,-27.066177361194047,959.3
1340,16.093,2.0,-18.0,-20.0,8.941664,-27.066177361194047,959.225
1341,16.093,2.0,-18.0,-20.0,8.941664,-27.066177361194047,959.15
1342,16.093,2.0,-18.0,-20.0,8.941664,-27.066177361194047,959.075
1343,16.093,2.0,-18.0,-20.0,8.941664,-27.066177361194047,959.0
1344,16.093,2.25,-17.75,-20.0,9.184644,-26.87948058752366,958.925
1345,16.093,2.5,-17.5,-20.0,9.427624,-26.688737413674247,958.85
1346,16.093,2.75,-17.25,-20.0,9.670604,-26.49411838905605,958.775
1347,16.093,3.0,-17.0,-20.0,9.913584,-26.295782421147788,958.7
1348,16.093,2.75,-17.0,-19.75,10.20516,-26.429900982144538,958.7
1349,16.093,2.5,-17.0,-19.5,10.496736,-26.560838409281715,958.7
1350,16.093,2.25,-17.0,-19.25,10.788312,-26.68875545297338,958.7
1351,16.093,2.0,-17.0,-19.0,11.079888,-26.81380066007616,958.7
1352,16.093,2.0,-17.0,-19.0,11.079888,-26.81380066007616,958.775
1353,16.093,2.0,-17.0,-19.0,11.079888,-26.81380066007616,958.85
1354,16.093,2.0,-17.0,-19.0,11.079888,-26.81380066007616,958.925
1355,16.093,2.0,-17.0,-19.0,11.079888,-26.81380066007616,959.0
1356,16.093,2.0,-17.0,-19.0,10.545332,-26.582363509635893,959.0
1357,16.093,2.0,-17.0,-19.0,10.010776,-26.340852533351764,959.0
1358,16.093,2.0,-17.0,-19.0,9.47622,-26.08825445451894,959.0
1359,16.093,2.0,-17.0,-19.0,8.941664,-25.82338953368481,959.0
1360,16.093,2.0,-16.75,-18.75,8.941664,-25.5126925768075,958.925
1361,16.093,2.0,-16.5,-18.5,8.941664,-25.20199561993019,958.85
1362,16.093,2.0,-16.25,-18.25,8.941664,-24.89129866305288,958.775
1363,16.093,2.0,-16.0,-18.0,8.941664,-24.58060170617557,958.7
1364,16.093,2.0,-16.0,-18.0,8.698684,-24.45852008515089,958.775
1365,16.093,2.0,-16.0,-18.0,8.455703999999999,-24.33353956735823,958.85
1366,16.093,2.0,-16.0,-18.0,8.212724,-24.205504970204174,958.925
1367,16.093,2.0,-16.0,-18.0,7.969743999999999,-24.074247903798245,959.0
1368,16.093,1.75,-16.0,-17.75,8.455703999999999,-24.33353956735823,958.825
1369,16.093,1.5,-16.0,-17.5,8.941664,-24.58060170617557,958.65
1370,16.093,1.25,-16.0,-17.25,9.427624,-24.816630957647334,958.475
1371,16.093,1.0,-16.0,-17.0,9.913584,-25.04265231816968,958.3
1372,16.093,1.25,-15.75,-17.0,9.670604,-24.61817753844045,958.3
1373,16.093,1.5,-15.5,-17.0,9.427624,-24.19259547230503,958.3
1374,16.093,1.75,-15.25,-17.0,9.184644,-23.765833703655595,958.3
1375,16.093,2.0,-15.0,-17.0,8.941664,-23.33781387866634,958.3
1376,16.093,1.75,-15.25,-17.0,8.455703999999999,-23.405596269467118,958.3
1377,16.093,1.5,-15.5,-17.0,7.969744,-23.458520956359607,958.3
1378,16.093,1.25,-15.75,-17.0,7.483784,-23.49498093147823,958.3
1379,16.093,1.0,-16.0,-17.0,6.9978240000000005,-23.51306999031069,958.3
1380,16.093,1.0,-16.0,-17.0,6.754844,-23.362587854784607,958.3
1381,16.093,1.0,-16.0,-17.0,6.511864000000001,-23.207487948993123,958.3
1382,16.093,1.0,-16.0,-17.0,6.268884000000001,-23.047448061399738,958.3
1383,16.093,1.0,-16.0,-17.0,6.025904000000001,-22.88210990555759,958.3
1384,16.093,1.0,-16.0,-17.0,6.511864,-23.20748794899312,958.225
1385,16.093,1.0,-16.0,-17.0,6.997824,-23.51306999031069,958.15
1386,16.093,1.0,-16.0,-17.0,7.483784,-23.801317123749406,958.075
1387,16.093,1.0,-16.0,-17.0,7.969743999999999,-24.074247903798245,958.0
1388,16.093,1.0,-15.75,-16.75,8.455703999999999,-24.02422513472786,957.925
1389,16.093,1.0,-15.5,-16.5,8.941664,-23.959207792420955,957.85
1390,16.093,1.0,-15.25,-16.25,9.427624,-23.880577729633877,957.775
1391,16.093,1.0,-15.0,-16.0,9.913584,-23.789522215191568,957.7
1392,16.093,1.0,-15.0,-16.0,10.20516,-23.91776815981271,957.625
1393,16.093,1.0,-15.0,-16.0,10.496736,-24.04297226209857,957.55
1394,16.093,1.0,-15.0,-16.0,10.788312,-24.165288233724443,957.475
1395,16.093,1.0,-15.0,-16.0,11.079888,-24.284858117162365,957.4
1396,16.093,1.0,-14.75,-15.75,10.788312,-23.849854831318325,957.4
1397,16.093,1.0,-14.5,-15.5,10.496736,-23.41350572530278,957.4
1398,16.093,1.0,-14.25,-15.25,10.20516,-22.975718351438275,957.4
1399,16.093,1.0,-14.0,-15.0,9.913584,-22.536392112213452,957.4
1400,16.093,1.0,-14.0,-15.0,10.20516,-22.66170174864679,957.3
1401,16.093,1.0,-14.0,-15.0,10.496736,-22.784039188506995,957.2
1402,16.093,1.0,-14.0,-15.0,10.788312,-22.903554624099975,957.1
1403,16.093,1.0,-14.0,-15.0,11.079888,-23.02038684570546,957.0
1404,16.093,1.0,-14.0,-15.0,11.079888,-23.02038684570546,956.925
1405,16.093,1.0,-14.0,-15.0,11.079888,-23.02038684570546,956.85
1406,16.093,1.0,-14.0,-15.0,11.079888,-23.02038684570546,956.775
1407,16.093,1.0,-14.0,-15.0,11.079888,-23.02038684570546,956.7
1408,16.093,0.75,-14.0,-14.75,11.322868,-23.11579036467964,956.7
1409,16.093,0.5,-14.0,-14.5,11.565848,-23.20948938636169,956.7
1410,16.093,0.25,-14.0,-14.25,11.808828000000002,-23.30154923053214,956.7
1411,16.093,0.0,-14.0,-14.0,12.051808,-23.392031432032546,956.7
1412,16.093,0.25,-13.75,-14.0,11.517252,-22.87376614918753,956.7
1413,16.093,0.5,-13.5,-14.0,10.982696,-22.349950016777704,956.7
1414,16.093,0.75,-13.25,-14.0,10.44814,-21.820004510991744,956.7
1415,16.093,1.0,-13.0,-14.0,9.913584,-21.283262009235344,956.7
1416,16.093,0.75,-13.0,-13.75,9.670604,-21.178952645645186,956.625
1417,16.093,0.5,-13.0,-13.5,9.427624,-21.07241804559351,956.55
1418,16.093,0.25,-13.0,-13.25,9.184644,-20.96355150817434,956.475
1419,16.093,0.0,-13.0,-13.0,8.941664,-20.852238223647866,956.4
1420,16.093,0.0,-13.0,-13.0,9.184644,-20.96355150817434,956.4
1421,16.093,0.0,-13.0,-13.0,9.427624,-21.07241804559351,956.4
1422,16.093,0.0,-13.0,-13.0,9.670604,-21.178952645645186,956.4
1423,16.093,0.0,-13.0,-13.0,9.913584,-21.283262009235344,956.4
1424,16.093,0.0,-12.75,-12.75,10.69112,-21.288011864030132,956.225
1425,16.093,0.0,-12.5,-12.5,11.468656,-21.270166763747795,956.05
1426,16.093,0.0,-12.25,-12.25,12.246192,-21.232332419226353,955.875
1427,16.093,0.0,-12.0,-12.0,13.023728,-21.176663382035972,955.7
1428,16.093,0.0,-12.0,-12.0,12.246192,-20.913619849929216,955.7
1429,16.093,0.0,-12.0,-12.0,11.468656,-20.636152335393888,955.7
1430,16.093,0.0,-12.0,-12.0,10.69112,-20.34240643474368,955.7
1431,16.093,0.0,-12.0,-12.0,9.913584,-20.03013190625723,955.7
1432,16.093,0.0,-12.0,-12.0,9.427624,-19.824347074908896,955.7
1433,16.093,0.0,-12.0,-12.0,8.941664,-19.609450396138627,955.7
1434,16.093,0.0,-12.0,-12.0,8.455703999999999,-19.384508645272298,955.7
1435,16.093,0.0,-12.0,-12.0,7.969743999999999,-19.148432324289153,955.7
1436,16.093,0.0,-11.75,-11.75,8.212724,-18.95933949019315,955.7
1437,16.093,0.0,-11.5,-11.5,8.455703999999999,-18.76587978001156,955.7
1438,16.093,0.0,-11.25,-11.25,8.698684,-18.568257777633047,955.7
1439,16.093,0.0,-11.0,-11.0,8.941664,-18.36666256862939,955.7
1440,16.093,0.0,-10.75,-10.75,9.47622,-18.284588110679465,955.625
1441,16.093,0.0,-10.5,-10.5,10.010776,-18.18909307383487,955.55
1442,16.093,0.0,-10.25,-10.25,10.545332,-18.081384277251267,955.475
1443,16.093,0.0,-10.0,-10.0,11.079888,-17.96250175987786,955.4
1444,16.093,0.0,-9.75,-9.75,11.079888,-17.646383942013635,955.325
1445,16.093,0.0,-9.5,-9.5,11.079888,-17.330266124149407,955.25
1446,16.093,0.0,-9.25,-9.25,11.079888,-17.014148306285183,955.175
1447,16.093,0.0,-9.0,-9.0,11.079888,-16.698030488420958,955.1
1448,16.093,0.0,-9.0,-9.0,11.322868,-16.78225633016765,955.1
1449,16.093,0.0,-9.0,-9.0,11.565848,-16.86497737711507,955.1
1450,16.093,0.0,-9.0,-9.0,11.808828000000002,-16.946251296040682,955.1
1451,16.093,0.0,-9.0,-9.0,12.051808,-17.026132412234393,955.1
1452,16.093,0.0,-8.75,-8.75,12.294788,-16.785855862806315,955.1
1453,16.093,0.0,-8.5,-8.5,12.537768,-16.543260995982564,955.1
1454,16.093,0.0,-8.25,-8.25,12.780748,-16.29841838947672,955.1
1455,16.093,0.0,-8.0,-8.0,13.023728,-16.051395021178514,955.1
1456,16.093,0.0,-8.0,-8.0,13.023728,-16.051395021178514,955.025
1457,16.093,0.0,-8.0,-8.0,13.023728,-16.051395021178514,954.95
1458,16.093,0.0,-8.0,-8.0,13.023728,-16.051395021178514,954.875
1459,16.093,0.0,-8.0,-8.0,13.023728,-16.051395021178514,954.8
1460,16.093,0.25,-7.75,-8.0,12.537768,-15.585274972090142,954.8
1461,16.093,0.5,-7.5,-8.0,12.051808,-15.11636270629495,954.8
1462,16.093,0.75,-7.25,-8.0,11.565848,-14.644398173878756,954.8
1463,16.093,1.0,-7.0,-8.0,11.079888,-14.169087945507156,954.8
1464,16.093,1.0,-7.0,-8.0,10.788312,-14.07141935672869,954.8
1465,16.093,1.0,-7.0,-8.0,10.496736,-13.971507673365975,954.8
1466,16.093,1.0,-7.0,-8.0,10.20516,-13.869236870485386,954.8
1467,16.093,1.0,-7.0,-8.0,9.913584,-13.764481391366669,954.8
1468,16.093,1.25,-6.75,-8.0,9.670604,-13.362532434746852,954.7
1469,16.093,1.5,-6.5,-8.0,9.427624,-12.959956736143546,954.6
1470,16.093,1.75,-6.25,-8.0,9.184644,-12.556704921730567,954.5
1471,16.093,2.0,-6.0,-8.0,8.941664,-12.152723431083208,954.4
1472,16.093,2.0,-6.0,-8.0,9.184644,-12.24534023334376,954.325
1473,16.093,2.0,-6.0,-8.0,9.427624,-12.335921250801242,954.25
1474,16.093,2.0,-6.0,-8.0,9.670604,-12.424562009439054,954.175
1475,16.093,2.0,-6.0,-8.0,9.913584,-12.511351288388557,954.1
1476,16.093,1.75,-6.0,-7.75,9.913584,-12.511351288388557,954.1
1477,16.093,1.5,-6.0,-7.5,9.913584,-12.511351288388557,954.1
1478,16.093,1.25,-6.0,-7.25,9.913584,-12.511351288388557,954.1
1479,16.093,1.0,-6.0,-7.0,9.913584,-12.511351288388557,954.1
1480,16.093,1.25,-5.75,-7.0,9.913584,-12.198068762644027,953.95
1481,16.093,1.5,-5.5,-7.0,9.913584,-11.884786236899501,953.8
1482,16.093,1.75,-5.25,-7.0,9.913584,-11.571503711154971,953.65
1483,16.093,2.0,-5.0,-7.0,9.913584,-11.258221185410445,953.5
1484,16.093,2.0,-5.0,-7.0,9.670604,-11.17393477569532,953.4
1485,16.093,2.0,-5.0,-7.0,9.427624,-11.087850280116632,953.3
1486,16.093,2.0,-5.0,-7.0,9.184644,-10.999881479796535,953.2
1487,16.093,2.0,-5.0,-7.0,8.941664,-10.90993560357397,953.1
1488,16.093,2.25,-4.75,-7.0,8.455703999999999,-10.414390098991554,953.1
1489,16.093,2.5,-4.5,-7.0,7.969744,-9.912528112709612,953.1
1490,16.093,2.75,-4.25,-7.0,7.483784,-9.403516087004006,953.1
1491,16.093,3.0,-4.0,-7.0,6.9978240000000005,-8.886356260272402,953.1
1492,16.093,2.75,-4.0,-6.75,6.511864,-8.662853893369924,953.2
1493,16.093,2.5,-4.0,-6.5,6.025904000000001,-8.424872752422047,953.3
1494,16.093,2.25,-4.0,-6.25,5.539944,-8.170185079393992,953.4
1495,16.093,2.0,-4.0,-6.0,5.053984,-7.895985314798011,953.5
1496,16.093,2.05,-3.95,-6.0,5.199771999999999,-7.9209316410817046,953.48
1497,16.093,2.1,-3.9,-6.0,5.34556,-7.943658057204921,953.46
1498,16.093,2.15,-3.85,-6.0,5.491348,-7.964270771500519,953.44
1499,16.093,2.2,-3.8,-6.0,5.637136,-7.982868157779677,953.42
1500,16.093,2.25,-3.75,-6.0,5.782924,-7.999541521161262,953.4
1501,16.093,2.3,-3.7,-6.0,5.928712,-8.014375771692805,953.38
1502,16.093,2.35,-3.65,-6.0,6.0745,-8.027450018847667,953.36
1503,16.093,2.4,-3.6,-6.0,6.220288,-8.038838097858779,953.34
1504,16.093,2.45,-3.55,-6.0,6.366076,-8.048609037111074,953.32
1505,16.093,2.5,-3.5,-6.0,6.511863999999999,-8.056827474385624,953.3
1506,16.093,2.55,-3.45,-6.0,6.657652,-8.063554028567626,953.28
1507,16.093,2.6,-3.4,-6.0,6.80344,-8.068845632450328,953.26
1508,16.093,2.65,-3.35,-6.0,6.949228,-8.072755831449772,953.24
1509,16.093,2.7,-3.3,-6.0,7.095015999999999,-8.075335052361462,953.22
1510,16.093,2.75,-3.25,-6.0,7.240803999999999,-8.076630845715083,953.2
1511,16.093,2.8,-3.2,-6.0,7.386591999999999,-8.07668810479859,953.18
1512,16.093,2.85,-3.15,-6.0,7.53238,-8.075549264012306,953.16
1513,16.093,2.9,-3.1,-6.0,7.678167999999999,-8.073254478864918,953.14
1514,16.093,2.95,-3.05,-6.0,7.823955999999999,-8.069841789625771,953.12
1515,16.093,3.0,-3.0,-6.0,7.969743999999999,-8.065347270393701,953.1
1516,16.093,3.25,-3.0,-6.25,7.483784,-7.871835125648112,953.2
1517,16.093,3.5,-3.0,-6.5,6.997824,-7.667463449435877,953.3
1518,16.093,3.75,-3.0,-6.75,6.511864,-7.450801055401323,953.4
1519,16.093,4.0,-3.0,-7.0,6.025904000000001,-7.220102989660751,953.5
1520,16.093,3.75,-3.25,-7.0,5.782924,-7.399070830844198,953.575
1521,16.093,3.5,-3.5,-7.0,5.539944,-7.571697375473811,953.65
1522,16.093,3.25,-3.75,-7.0,5.296964,-7.737512428976236,953.725
1523,16.093,3.0,-4.0,-7.0,5.053984,-7.895985314798011,953.8
1524,16.093,3.0,-4.0,-7.0,5.296964,-8.035727560532099,953.8
1525,16.093,3.0,-4.0,-7.0,5.539944,-8.170185079393992,953.8
1526,16.093,3.0,-4.0,-7.0,5.782924,-8.299776866319796,953.8
1527,16.093,3.0,-4.0,-7.0,6.025904000000001,-8.424872752422047,953.8
1528,16.093,3.25,-4.0,-7.25,6.754844,-8.77629379285251,953.875
1529,16.093,3.5,-4.0,-7.5,7.483784,-9.097179894732829,953.95
1530,16.093,3.75,-4.0,-7.75,8.212724,-9.392802438408339,954.025
1531,16.093,4.0,-4.0,-8.0,8.941664,-9.667147776064734,954.1
1532,16.093,3.75,-4.25,-8.0,9.47622,-10.168775113086415,954.275
1533,16.093,3.5,-4.5,-8.0,10.010776,-10.664392034280803,954.45
1534,16.093,3.25,-4.75,-8.0,10.545332,-11.154660458271202,954.625
1535,16.093,3.0,-5.0,-8.0,11.079888,-11.640145402593355,954.8
1536,16.093,2.75,-5.5,-8.25,12.294788,-12.641246520350261,954.8
1537,16.093,2.5,-6.0,-8.5,13.509688,-13.623263479589376,954.8
1538,16.093,2.25,-6.5,-8.75,14.724588,-14.589747258753928,954.8
1539,16.093,2.0,-7.0,-9.0,15.939488,-15.543408718122366,954.8
1540,15.69075,1.75,-7.75,-9.5,15.939488,-16.52065394929494,954.95
1541,15.2885,1.5,-8.5,-10.0,15.939488,-17.497899180467513,955.1
1542,14.88625,1.25,-9.25,-10.5,15.939488,-18.475144411640088,955.25
1543,14.484,1.0,-10.0,-11.0,15.939488,-19.452389642812662,955.4
1544,14.484,1.0,-10.25,-11.25,15.453528,-19.64704566077656,955.4
1545,14.484,1.0,-10.5,-11.5,14.967568,-19.836485475662688,955.4
1546,14.484,1.0,-10.75,-11.75,14.481608,-20.02042609572343,955.4
1547,14.484,1.0,-11.0,-12.0,13.995648,-20.19855810766111,955.4
1548,14.88625,1.0,-11.25,-12.25,14.481608,-20.666733325013745,955.575
1549,15.2885,1.0,-11.5,-12.5,14.967568,-21.13265346955323,955.75
1550,15.69075,1.0,-11.75,-12.75,15.453528,-21.596484511812616,955.925
1551,16.093,1.0,-12.0,-13.0,15.939488,-22.058376925939523,956.1
1552,15.69075,1.0,-12.25,-13.25,15.210548,-22.17601322600004,956.175
1553,15.2885,1.0,-12.5,-13.5,14.481608,-22.28250139823953,956.25
1554,14.88625,1.0,-12.75,-13.75,13.752668,-22.37686494247369,956.325
1555,14.484,1.0,-13.0,-14.0,13.023728,-22.457980472250338,956.4
1556,14.88625,1.0,-13.0,-14.0,13.023728,-22.457980472250338,956.475
1557,15.2885,1.0,-13.0,-14.0,13.023728,-22.457980472250338,956.55
1558,15.69075,1.0,-13.0,-14.0,13.023728,-22.457980472250338,956.625
1559,16.093,1.0,-13.0,-14.0,13.023728,-22.457980472250338,956.7
1560,15.69075,1.25,-13.0,-14.25,12.537768,-22.291177139337115,956.775
1561,15.2885,1.5,-13.0,-14.5,12.051808,-22.118851628072917,956.85
1562,14.88625,1.75,-13.0,-14.75,11.565848,-21.940586984512368,956.925
1563,14.484,2.0,-13.0,-15.0,11.079888,-21.75591557424856,957.0
1564,13.277,1.75,-13.25,-15.0,12.294788,-22.52454572159162,957.0
1565,12.07,1.5,-13.5,-15.0,13.509688,-23.262233024460194,957.0
1566,10.863,1.25,-13.75,-15.0,14.724588,-23.97417293146328,957.0
1567,9.656,1.0,-14.0,-15.0,15.939488,-24.664364209066385,957.0
1568,10.05825,1.0,-14.0,-15.0,15.453528,-24.5206427883667,957.175
1569,10.4605,1.0,-14.0,-15.0,14.967568,-24.373073454279584,957.35
1570,10.86275,1.0,-14.0,-15.0,14.481608,-24.22142308611047,957.525
1571,11.265,1.0,-14.0,-15.0,13.995648,-24.065436019434486,957.7
1572,10.4605,1.0,-14.25,-15.25,15.016164000000002,-24.712139518723667,957.775
1573,9.656,1.0,-14.5,-15.5,16.03668,-25.34449423687066,957.85
1574,8.851500000000001,1.0,-14.75,-15.75,17.057196,-25.96426696255674,957.925
1575,8.047,1.0,-15.0,-16.0,18.077712,-26.572924914391464,958.0
1576,8.851500000000001,1.0,-15.0,-16.0,16.571236000000003,-26.15304285867986,958.0
1577,9.656,1.0,-15.0,-16.0,15.06476,-25.699773080589182,958.0
1578,10.4605,1.0,-15.0,-16.0,13.558284,-25.206685252399545,958.0
1579,11.265,1.0,-15.0,-16.0,12.051808,-24.665211235992178,958.0
1580,11.265,1.0,-15.0,-16.0,12.780748,-24.933908542530926,958.075
1581,11.265,1.0,-15.0,-16.0,13.509688,-25.19002693343436,958.15
1582,11.265,1.0,-15.0,-16.0,14.238628,-25.434788560359216,958.225
1583,11.265,1.0,-15.0,-16.0,14.967568,-25.669241448170126,958.3
1584,12.06975,1.25,-15.0,-16.25,14.967568,-25.669241448170126,958.3
1585,12.8745,1.5,-15.0,-16.5,14.967568,-25.669241448170126,958.3
1586,13.67925,1.75,-15.0,-16.75,14.967568,-25.669241448170126,958.3
1587,14.484,2.0,-15.0,-17.0,14.967568,-25.669241448170126,958.3
1588,14.484,2.0,-15.0,-17.0,15.210548,-25.745261732516127,958.55
1589,14.484,2.0,-15.0,-17.0,15.453528,-25.820268689057404,958.8
1590,14.484,2.0,-15.0,-17.0,15.696508,-25.894291443846775,959.05
1591,14.484,2.0,-15.0,-17.0,15.939488,-25.967357850629817,959.3
1592,14.08175,2.0,-15.0,-17.0,15.939488,-25.967357850629817,959.225
1593,13.6795,2.0,-15.0,-17.0,15.939488,-25.967357850629817,959.15
1594,13.27725,2.0,-15.0,-17.0,15.939488,-25.967357850629817,959.075
1595,12.875,2.0,-15.0,-17.0,15.939488,-25.967357850629817,959.0
1596,12.07025,2.0,-15.0,-17.0,15.453528,-25.820268689057404,958.825
1597,11.2655,2.0,-15.0,-17.0,14.967568,-25.669241448170126,958.65
1598,10.46075,2.0,-15.0,-17.0,14.481608,-25.5140375446911,958.475
1599,9.656,2.0,-15.0,-17.0,13.995648,-25.354395323358947,958.3
1600,10.05825,2.0,-15.0,-17.0,13.995648,-25.354395323358947,958.475
1601,10.4605,2.0,-15.0,-17.0,13.995648,-25.354395323358947,958.65
1602,10.86275,2.0,-15.0,-17.0,13.995648,-25.354395323358947,958.825
1603,11.265,2.0,-15.0,-17.0,13.995648,-25.354395323358947,959.0
1604,12.06975,2.0,-15.0,-17.0,13.995648,-25.354395323358947,959.075
1605,12.8745,2.0,-15.0,-17.0,13.995648,-25.354395323358947,959.15
1606,13.67925,2.0,-15.0,-17.0,13.995648,-25.354395323358947,959.225
1607,14.484,2.0,-15.0,-17.0,13.995648,-25.354395323358947,959.3
1608,14.88625,2.0,-15.25,-17.25,13.995648,-25.67663514934006,959.375
1609,15.2885,2.0,-15.5,-17.5,13.995648,-25.998874975321176,959.45
1610,15.69075,2.0,-15.75,-17.75,13.995648,-26.321114801302294,959.525
1611,16.093,2.0,-16.0,-18.0,13.995648,-26.643354627283408,959.6
1612,16.093,2.0,-16.0,-18.0,13.995648,-26.643354627283408,959.6
1613,16.093,2.0,-16.0,-18.0,13.995648,-26.643354627283408,959.6
1614,16.093,2.0,-16.0,-18.0,13.995648,-26.643354627283408,959.6
1615,16.093,2.0,-16.0,-18.0,13.995648,-26.643354627283408,959.6
1616,15.69075,2.0,-16.0,-18.0,13.266708,-26.38924385193985,959.6
1617,15.2885,2.0,-16.0,-18.0,12.537768,-26.12312123490682,959.6
1618,14.88625,2.0,-16.0,-18.0,11.808828,-25.843668404328717,959.6
1619,14.484,2.0,-16.0,-18.0,11.079888,-25.549329388619263,959.6
1620,14.484,2.0,-16.0,-18.0,11.079888,-25.549329388619263,959.6
