idx,VIS_km,TD_SPREAD,TEMP_C,DEWP_C,WND_KT,WIND_CHILL,SLP_hPa
0,4.023,2.3999999999999986,-16.0,-18.4,9.913584,-25.04265231816968,955.2
1,3.5996315789473683,2.378947368421052,-16.0,-18.37894736842105,10.363736421052632,-25.243862706906143,955.2
2,3.0704210526315787,2.352631578947368,-16.0,-18.352631578947367,10.92642694736842,-25.485298666723434,955.2
3,2.5412105263157896,2.3263157894736843,-16.0,-18.32631578947369,11.489117473684212,-25.716506876598864,955.2
4,2.012,2.3000000000000007,-16.0,-18.3,12.051808,-25.938391039951807,955.2
5,1.9479473684210529,2.3000000000000007,-16.0,-18.3,10.834350315789472,-25.446516732605,955.1368421052632
6,2.371631578947368,2.3000000000000007,-16.0,-18.3,10.527428210526317,-25.315212000045204,955.0578947368422
7,2.795315789473684,2.3000000000000007,-16.0,-18.3,10.22050610526316,-25.180651279768696,954.978947368421
8,3.219,2.3000000000000007,-16.0,-18.3,9.913584,-25.04265231816968,954.9
9,3.42,2.325,-16.0,-18.325,9.427624,-24.816630957647334,954.75
10,3.621,2.35,-16.0,-18.35,8.941664,-24.58060170617557,954.6
11,3.822,2.374999999999999,-16.0,-18.375,8.455703999999999,-24.33353956735823,954.45
12,4.023,2.3999999999999986,-16.0,-18.4,7.969743999999999,-24.074247903798245,954.3
13,4.22425,2.424999999999999,-16.0,-18.425,7.726763999999999,-23.939585204015675,954.525
14,4.4255,2.45,-16.0,-18.45,7.483784,-23.801317123749406,954.75
15,4.62675,2.475,-16.0,-18.475,7.240804000000001,-23.659225235836992,954.975
16,4.828,2.5,-16.0,-18.5,6.9978240000000005,-23.51306999031069,955.2
17,4.828,2.5,-16.0,-18.5,7.56051452631579,-23.845383079368702,955.2
18,4.828,2.5,-16.0,-18.5,7.048977684210526,-23.544189867901327,955.2
19,4.828,2.5,-16.0,-18.5,6.537440842105264,-23.224041016755628,955.2
20,4.828,2.5,-16.0,-18.5,6.025904000000001,-22.88210990555759,955.2
21,6.183157894736842,2.5,-16.0,-18.5,5.667828210526316,-22.627940194789126,955.28
22,7.877105263157896,2.5,-16.0,-18.5,6.4351334736842105,-23.15749892809246,955.38
23,9.571052631578947,2.5,-16.0,-18.5,7.202438736842105,-23.636424694858633,955.48
24,11.265,2.5,-16.0,-18.5,7.969743999999999,-24.074247903798245,955.58
25,9.90984210526316,2.4210526315789465,-16.0,-18.421052631578945,8.174358736842105,-24.184998923186527,955.6
26,8.215894736842106,2.447368421052631,-16.0,-18.44736842105263,8.430127157894736,-24.32020887013264,955.6
27,6.521947368421053,2.4736842105263155,-16.0,-18.473684210526315,8.685895578947369,-24.452015739641077,955.6
28,4.828,2.5,-16.0,-18.5,8.941664,-24.58060170617557,955.6
29,4.325,2.475,-16.025,-18.5,8.455703999999999,-24.364471010621266,955.675
30,3.822,2.45,-16.05,-18.5,7.969744,-24.13582059854211,955.75
31,3.319,2.424999999999999,-16.075000000000003,-18.5,7.483784,-23.893217981430766,955.825
32,2.816,2.3999999999999986,-16.1,-18.5,6.9978240000000005,-23.634959271394347,955.9
33,2.7155,2.374999999999999,-16.125,-18.5,7.726764,-24.093140164311148,955.9714285714284
34,2.615,2.35,-16.15,-18.5,8.455704,-24.519128226936452,956.0428571428572
35,2.5145,2.325,-16.175,-18.5,9.184644,-24.917883050686783,956.1142857142858
36,2.414,2.3000000000000007,-16.2,-18.5,9.913584,-25.293278338765298,956.1857142857144
37,2.9008421052631577,2.278947368421053,-16.263157894736842,-18.542105263157893,9.50435452631579,-25.181613380832246,956.3473684210528
38,3.006894736842105,2.2526315789473683,-16.342105263157894,-18.594736842105263,8.992817684210527,-25.031305715476993,956.5315789473684
39,3.1129473684210525,2.226315789473684,-16.42105263157895,-18.64736842105263,8.481280842105264,-24.86791237745715,956.7157894736844
40,3.219,2.2,-16.5,-18.7,7.969743999999999,-24.68997485123688,956.9
41,3.557736842105263,2.221052631578947,-16.5,-18.721052631578942,8.174358736842105,-24.801965364223094,956.9631578947368
42,3.9811578947368425,2.247368421052632,-16.5,-18.74736842105263,8.430127157894736,-24.938688542059015,957.042105263158
43,4.404578947368421,2.273684210526316,-16.5,-18.77368421052632,8.685895578947369,-25.071970556192046,957.121052631579
44,4.828,2.3000000000000007,-16.5,-18.8,8.941664,-25.20199561993019,957.2
45,4.62675,2.3500000000000005,-16.45,-18.8,9.184644,-25.260384207912267,957.275
46,4.4255,2.4000000000000004,-16.4,-18.8,9.427624,-25.315859345921176,957.35
47,4.22425,2.45,-16.35,-18.8,9.670604,-25.36855387868669,957.425
48,4.023,2.5,-16.3,-18.8,9.913584,-25.418591349063114,957.5
49,5.029,2.5,-16.35,-18.85,9.670604,-25.36855387868669,957.675
50,6.035,2.5,-16.4,-18.9,9.427624,-25.315859345921176,957.85
51,7.041,2.5,-16.45,-18.95,9.184644,-25.260384207912267,958.025
52,8.047,2.5,-16.5,-19.0,8.941664,-25.20199561993019,958.2
53,8.047,2.475,-16.525,-19.0,9.184644,-25.353793614428305,958.35
54,8.047,2.45,-16.55,-19.0,9.427624,-25.503069991523873,958.5
55,8.047,2.424999999999999,-16.575000000000003,-19.0,9.670604,-25.649945006279033,958.65
56,8.047,2.3999999999999986,-16.6,-19.0,9.913584,-25.794530379956548,958.8
57,8.047,2.4210526315789465,-16.642105263157895,-19.063157894736843,9.708969263157895,-25.751935902627636,958.88
58,8.047,2.447368421052631,-16.694736842105264,-19.14210526315789,9.453200842105264,-25.69603765679484,958.98
59,8.047,2.4736842105263155,-16.74736842105263,-19.22105263157895,9.197432421052632,-25.63705468566862,959.08
60,8.047,2.5,-16.8,-19.3,8.941664,-25.574831968182963,959.18
61,8.047,2.5,-16.842105263157894,-19.34210526315789,9.391816421052631,-25.850278472376296,959.2631578947368
62,8.047,2.5,-16.894736842105264,-19.394736842105264,9.95450694736842,-26.182852081128644,959.342105263158
63,8.047,2.5,-16.94736842105263,-19.44736842105263,10.517197473684211,-26.503641700324692,959.421052631579
64,8.047,2.5,-17.0,-19.5,11.079888,-26.81380066007616,959.5
65,8.851500000000001,2.5250000000000004,-16.925,-19.45,11.079888,-26.718965314716897,959.575
66,9.656,2.5500000000000007,-16.85,-19.4,11.079888,-26.624129969357632,959.65
67,10.4605,2.575000000000001,-16.775,-19.35,11.079888,-26.52929462399836,959.725
68,11.265,2.6000000000000014,-16.7,-19.3,11.079888,-26.434459278639093,959.8
69,11.265,2.6750000000000007,-16.55,-19.225,11.322868,-26.34589272228076,959.875
70,11.265,2.75,-16.4,-19.15,11.565848,-26.25485515080007,959.95
71,11.265,2.825,-16.25,-19.075,11.808828000000002,-26.161433301053293,960.025
72,11.265,2.8999999999999986,-16.1,-19.0,12.051808,-26.06570902034777,960.1
73,11.265,2.8999999999999986,-16.1,-19.0,12.294788,-26.15904929882231,960.275
74,11.265,2.8999999999999986,-16.1,-19.0,12.537768,-26.25085270475914,960.45
75,11.265,2.8999999999999986,-16.1,-19.0,12.780748,-26.341173604510132,960.625
76,11.265,2.8999999999999986,-16.1,-19.0,13.023728,-26.43006345191487,960.8
77,11.265,2.8999999999999995,-16.121052631578948,-19.021052631578947,13.791033263157896,-26.72901130715102,960.5631578947368
78,11.265,2.9000000000000004,-16.147368421052633,-19.04736842105263,13.535264842105263,-26.673624456260367,960.642105263158
79,11.265,2.900000000000001,-16.173684210526314,-19.07368421052632,13.279496421052633,-26.616703611784025,960.7210526315788
80,11.265,2.900000000000002,-16.2,-19.1,13.023728,-26.5581951609363,960.8
81,11.265,3.0210526315789474,-15.994736842105263,-19.01578947368421,12.665652210526316,-26.164005131311065,960.8
82,11.265,3.0473684210526315,-15.863157894736842,-18.910526315789475,13.432957473684212,-26.272426733429143,960.8
83,11.265,3.073684210526316,-15.73157894736842,-18.805263157894736,14.200262736842106,-26.366282646946765,960.8
84,11.265,3.1,-15.6,-18.7,14.967568,-26.44694224450445,960.8
85,11.265,3.15,-15.525,-18.675,14.967568,-26.349729644962657,960.875
86,11.265,3.2,-15.45,-18.65,14.967568,-26.252517045420866,960.95
87,11.265,3.2500000000000004,-15.375,-18.625,14.967568,-26.155304445879075,961.025
88,11.265,3.3000000000000007,-15.3,-18.6,14.967568,-26.058091846337287,961.1
89,11.265,3.35,-15.2,-18.55,14.238628,-25.69294855648085,961.175
90,11.265,3.3999999999999995,-15.1,-18.5,13.509688,-25.31854652736597,961.25
91,11.265,3.449999999999999,-15.0,-18.45,12.780748,-24.933908542530926,961.325
92,11.265,3.4999999999999982,-14.9,-18.4,12.051808,-24.537893255596213,961.4
93,11.265,3.521052631578946,-14.794736842105264,-18.31578947368421,12.665652210526316,-24.62994862373572,961.54
94,11.265,3.5473684210526306,-14.663157894736845,-18.21052631578948,13.432957473684212,-24.73091709656687,961.715
95,11.265,3.573684210526315,-14.531578947368422,-18.105263157894736,14.200262736842106,-24.817669314539287,961.89
96,11.265,3.6,-14.4,-18.0,14.967568,-24.891540651835797,962.065
97,11.265,3.663157894736842,-14.33684210526316,-18.0,15.172182736842103,-24.872789580694608,962.1631578947369
98,11.265,3.742105263157895,-14.257894736842106,-18.0,15.427951157894736,-24.8480941983839,962.242105263158
99,11.265,3.821052631578948,-14.178947368421053,-18.0,15.683719578947368,-24.822039575135094,962.3210526315788
100,11.265,3.9,-14.1,-18.0,15.939488,-24.794663573222728,962.4
101,11.265,3.85,-14.125,-17.975,15.696508,-24.755635814408365,962.4
102,11.265,3.8,-14.15,-17.95,15.453528,-24.715586673470305,962.4
103,11.265,3.75,-14.175,-17.924999999999997,15.210548,-24.6744871805613,962.4
104,11.265,3.6999999999999993,-14.2,-17.9,14.967568,-24.63230705305769,962.4
105,11.265,3.725,-14.15,-17.875,15.502124,-24.73017941760731,962.4
106,11.265,3.75,-14.1,-17.85,16.03668,-24.823031510059163,962.4
107,11.265,3.775,-14.05,-17.825,16.571236,-24.911160042523186,962.4
108,11.265,3.8000000000000007,-14.0,-17.8,17.105792,-24.99483508556984,962.4
109,16.093,3.821052631578948,-13.978947368421052,-17.8,16.65563957894737,-24.84206331183354,962.4
110,16.093,3.847368421052632,-13.952631578947368,-17.8,16.092949052631578,-24.6472149076045,962.4
111,16.093,3.873684210526316,-13.926315789473684,-17.8,15.530258526315787,-24.447784245814642,962.4
112,16.093,3.9,-13.9,-17.8,14.967568,-24.24345665489053,962.4
113,16.093,3.921052631578948,-13.81578947368421,-17.736842105263158,15.417720421052632,-24.270544887844768,962.4
114,16.093,3.947368421052632,-13.710526315789474,-17.657894736842106,15.98041094736842,-24.299034980362187,962.4
115,16.093,3.973684210526316,-13.605263157894736,-17.57894736842105,16.54310147368421,-24.32189821763594,962.4
116,16.093,4.0,-13.5,-17.5,17.105792,-24.3394663983933,962.4
117,16.093,4.021052631578947,-13.394736842105264,-17.41578947368421,14.762953263157897,-23.52610791519244,962.4631578947368
118,16.093,4.047368421052632,-13.263157894736842,-17.310526315789474,14.507184842105264,-23.276918066329117,962.542105263158
119,16.093,4.0736842105263165,-13.13157894736842,-17.205263157894738,14.251416421052632,-23.027050275030334,962.621052631579
120,16.093,4.100000000000001,-13.0,-17.1,13.995648,-22.77647671551003,962.7
121,16.093,4.175000000000002,-12.9,-17.075000000000003,14.238628,-22.724108601082,962.7
122,16.093,4.250000000000001,-12.8,-17.05,14.481608,-22.67028573581372,962.7
123,16.093,4.325000000000001,-12.7,-17.025,14.724588,-22.61504921334675,962.7
124,16.093,4.4,-12.6,-17.0,14.967568,-22.558438262832823,962.7
125,16.093,4.4,-12.6,-17.0,14.200262736842106,-22.324945222462333,962.784210526316
126,16.093,4.4,-12.6,-17.0,14.456031157894737,-22.40392916461176,962.8894736842104
127,16.093,4.4,-12.6,-17.0,14.71179957894737,-22.481747841942216,962.9947368421052
128,16.093,4.4,-12.6,-17.0,14.967568,-22.558438262832823,963.1
129,16.093,4.300000000000001,-12.742105263157894,-17.042105263157893,15.939488,-23.025335365205017,963.16
130,16.093,4.3,-12.794736842105262,-17.094736842105263,15.939488,-23.09391397791888,963.235
131,16.093,4.3,-12.847368421052632,-17.14736842105263,15.939488,-23.162492590632745,963.31
132,16.093,4.299999999999999,-12.9,-17.2,15.939488,-23.231071203346612,963.385
133,16.093,4.284210526315789,-12.93684210526316,-17.221052631578946,14.55833852631579,-22.87079254754068,963.5473684210526
134,16.093,4.389473684210526,-12.857894736842104,-17.24736842105263,14.046801684210529,-22.609495753893718,963.7315789473683
135,16.093,4.494736842105264,-12.778947368421052,-17.273684210526316,13.535264842105263,-22.343866735100086,963.9157894736842
136,16.093,4.600000000000001,-12.7,-17.3,13.023728,-22.073585345186025,964.1
137,16.093,4.625000000000002,-12.675,-17.3,13.509688,-22.201946374524404,964.1
138,16.093,4.650000000000001,-12.65,-17.3,13.995648,-22.32534095913647,964.1
139,16.093,4.675000000000001,-12.625,-17.3,14.481608,-22.444078205562107,964.1
140,16.093,4.700000000000001,-12.6,-17.3,14.967568,-22.558438262832823,964.1
141,16.093,4.657894736842106,-12.68421052631579,-17.342105263157894,14.55833852631579,-22.544093902014275,964.16
142,16.093,4.605263157894737,-12.789473684210526,-17.394736842105264,14.046801684210529,-22.52127713583566,964.235
143,16.093,4.552631578947369,-12.894736842105264,-17.44736842105263,13.535264842105263,-22.49270215676497,964.31
144,16.093,4.5,-13.0,-17.5,13.023728,-22.457980472250338,964.385
145,16.093,4.478947368421053,-13.021052631578948,-17.5,12.256422736842106,-22.218949270251752,964.4631578947368
146,16.093,4.4526315789473685,-13.047368421052632,-17.5,12.512191157894735,-22.34274273052162,964.542105263158
147,16.093,4.426315789473684,-13.073684210526316,-17.5,12.76795957894737,-22.465112590900375,964.621052631579
148,16.093,4.4,-13.1,-17.5,13.023728,-22.586112181271773,964.7
149,16.093,4.252631578947369,-13.16315789473684,-17.41578947368421,13.791033263157896,-22.921052165937084,965.0
150,16.093,4.06842105263158,-13.242105263157894,-17.310526315789474,13.535264842105263,-22.939208421759623,965.0
151,16.093,3.8842105263157904,-13.321052631578947,-17.205263157894738,13.279496421052633,-22.95571195459207,965.0
152,16.093,3.700000000000001,-13.4,-17.1,13.023728,-22.97050730833608,965.0
153,16.093,3.775000000000001,-13.45,-17.225,13.023728,-23.0345731628468,965.175
154,16.093,3.8500000000000014,-13.5,-17.35,13.023728,-23.09863901735752,965.35
155,16.093,3.9250000000000016,-13.55,-17.475,13.023728,-23.162704871868236,965.525
156,16.093,4.000000000000002,-13.6,-17.6,13.023728,-23.226770726378955,965.7
157,16.093,3.9750000000000014,-13.725,-17.700000000000003,13.023728,-23.38693536265575,965.7
158,16.093,3.950000000000001,-13.85,-17.8,13.023728,-23.547099998932545,965.7
159,16.093,3.9250000000000007,-13.975,-17.9,13.023728,-23.70726463520934,965.7
160,16.093,3.9,-14.1,-18.0,13.023728,-23.867429271486138,965.7
161,16.093,3.85,-14.2,-18.05,13.023728,-23.995560980507573,965.775
162,16.093,3.8,-14.3,-18.1,13.023728,-24.123692689529012,965.85
163,16.093,3.75,-14.4,-18.15,13.023728,-24.251824398550447,965.925
164,16.093,3.6999999999999993,-14.5,-18.2,13.023728,-24.379956107571886,966.0
165,16.093,3.7,-14.58421052631579,-18.28421052631579,11.60165557894737,-23.964650813221525,966.0631578947368
166,16.093,3.7,-14.689473684210526,-18.389473684210525,11.03896505263158,-23.875703583034657,966.142105263158
167,16.093,3.7000000000000006,-14.794736842105264,-18.494736842105265,10.47627452631579,-23.77591021977431,966.2210526315788
168,16.093,3.700000000000001,-14.9,-18.6,9.913584,-23.664209204893755,966.3
169,16.093,3.625000000000001,-15.075,-18.700000000000003,9.670604,-23.77400415566343,966.4
170,16.093,3.5500000000000007,-15.25,-18.8,9.427624,-23.880577729633877,966.5
171,16.093,3.4750000000000005,-15.425,-18.9,9.184644,-23.98378898552636,966.6
172,16.093,3.4000000000000004,-15.6,-19.0,8.941664,-24.08348657517188,966.7
173,16.093,3.3000000000000003,-15.7,-19.0,8.698684,-24.08650351836029,966.775
174,16.093,3.2,-15.8,-19.0,8.455703999999999,-24.086088021253936,966.85
175,16.093,3.1,-15.9,-19.0,8.212724,-24.08206578243921,966.925
176,16.093,3.0,-16.0,-19.0,7.969743999999999,-24.074247903798245,967.0
177,14.886,2.925,-16.025,-18.95,8.455703999999999,-24.364471010621266,967.0
178,13.679,2.85,-16.05,-18.9,8.941664,-24.64274109755104,967.0
179,12.472,2.7749999999999995,-16.075000000000003,-18.85,9.427624,-24.910236280448686,967.0
180,11.265,2.7,-16.1,-18.8,9.913584,-25.16796532846749,967.0
181,12.28142105263158,2.721052631578947,-16.18421052631579,-18.905263157894737,9.913584,-25.273492073981437,967.0
182,13.551947368421054,2.747368421052632,-16.289473684210527,-19.03684210526316,9.913584,-25.40540050587387,967.0
183,14.822473684210529,2.773684210526316,-16.394736842105264,-19.16842105263158,9.913584,-25.537308937766298,967.0
184,16.093,2.8000000000000007,-16.5,-19.3,9.913584,-25.669217369658732,967.0
185,16.093,2.784210526315789,-16.5,-19.28421052631579,11.079888,-26.181565024347712,967.0631578947368
186,16.093,2.889473684210526,-16.5,-19.389473684210525,11.079888,-26.181565024347712,967.142105263158
187,16.093,2.994736842105264,-16.5,-19.494736842105265,11.079888,-26.181565024347712,967.2210526315788
188,16.093,3.1000000000000014,-16.5,-19.6,11.079888,-26.181565024347712,967.3
189,16.093,3.075000000000001,-16.65,-19.725,11.565848,-26.572080751262398,967.375
190,16.093,3.0500000000000007,-16.8,-19.85,12.051808,-26.95693488311951,967.45
191,16.093,3.0250000000000004,-16.950000000000003,-19.975,12.537768,-27.336570198503892,967.525
192,16.093,3.0,-17.1,-20.1,13.023728,-27.71138054212923,967.6
193,16.093,2.975,-17.150000000000002,-20.125,13.266708,-27.8650060013916,967.6
194,16.093,2.95,-17.200000000000003,-20.15,13.509688,-28.017457999929807,967.6
195,16.093,2.924999999999999,-17.25,-20.175,13.752668,-28.16877707681514,967.6
196,16.093,2.8999999999999986,-17.3,-20.2,13.995648,-28.319001722385202,967.6
197,14.886,2.874999999999999,-17.3,-20.175,14.481608,-28.48705079942654,967.7
198,13.679,2.85,-17.3,-20.15,14.967568,-28.650427834118368,967.8
199,12.472,2.825,-17.3,-20.125,15.453528,-28.809408260646023,967.9
200,11.265,2.8000000000000007,-17.3,-20.1,15.939488,-28.96424322622571,968.0
201,11.265,2.821052631578948,-17.257894736842108,-20.07894736842105,15.734873263157894,-28.8447359940311,967.92
202,11.265,2.847368421052632,-17.205263157894738,-20.05263157894737,15.479104842105263,-28.694519268353623,967.82
203,11.265,2.873684210526315,-17.15263157894737,-20.026315789473685,15.22333642105263,-28.543349198511564,967.72
204,11.265,2.8999999999999986,-17.1,-20.0,14.967568,-28.391194235340265,967.62
205,10.587526315789477,2.9210526315789465,-17.078947368421055,-20.0,15.172182736842103,-28.431042121246005,967.6
206,9.740684210526316,2.947368421052631,-17.05263157894737,-20.0,15.427951157894736,-28.479704365611504,967.6
207,8.893842105263158,2.9736842105263155,-17.026315789473685,-20.0,15.683719578947368,-28.527126678944825,967.6
208,8.047,3.0,-17.0,-20.0,15.939488,-28.57334513375668,967.6
209,8.724473684210526,2.978947368421052,-17.021052631578947,-20.0,15.939488,-28.600776578842222,967.6
210,9.571315789473685,2.952631578947368,-17.04736842105263,-20.0,15.939488,-28.63506588519916,967.6
211,10.418157894736844,2.926315789473683,-17.073684210526316,-20.0,15.939488,-28.669355191556093,967.6
212,11.265,2.8999999999999986,-17.1,-20.0,15.939488,-28.703644497913025,967.6
213,10.4605,2.8999999999999986,-17.150000000000002,-20.05,16.717024,-29.007691643874995,967.6
214,9.656,2.8999999999999986,-17.200000000000003,-20.1,17.49456,-29.303091824125552,967.6
215,8.851500000000001,2.8999999999999986,-17.25,-20.15,18.272096,-29.590552287896394,967.6
216,8.047,2.8999999999999986,-17.3,-20.2,19.049632000000003,-29.87069580875727,967.6
217,8.047,2.874999999999999,-17.35,-20.225,19.049632000000003,-29.93683128154491,967.6
218,8.047,2.85,-17.4,-20.25,19.049632000000003,-30.00296675433254,967.6
219,8.047,2.825,-17.45,-20.275,19.049632000000003,-30.069102227120183,967.6
220,8.047,2.8000000000000007,-17.5,-20.3,19.049632000000003,-30.135237699907822,967.6
221,8.047,2.842105263157895,-17.5,-20.34210526315789,18.077712,-29.865071547646295,967.6
222,8.047,2.894736842105264,-17.5,-20.394736842105264,18.077712,-29.865071547646295,967.6
223,8.047,2.947368421052632,-17.5,-20.44736842105263,18.077712,-29.865071547646295,967.6
224,8.047,3.0,-17.5,-20.5,18.077712,-29.865071547646295,967.6
225,12.28142105263158,3.0,-17.542105263157893,-20.542105263157893,17.62755957894737,-29.79111514359483,967.6
226,13.551947368421054,3.0,-17.594736842105263,-20.594736842105263,17.06486905263158,-29.694371473579046,967.6
227,14.822473684210529,3.0,-17.64736842105263,-20.64736842105263,16.502178526315788,-29.592584430777414,967.6
228,16.093,3.0,-17.7,-20.7,15.939488,-29.485440682851085,967.6
229,14.060157894736845,3.0,-17.763157894736842,-20.76315789473684,17.105792,-29.92734678379327,967.5368421052632
230,11.519105263157895,3.0,-17.842105263157894,-20.84210526315789,17.105792,-30.03082605018956,967.457894736842
231,8.978052631578947,3.0,-17.92105263157895,-20.92105263157895,17.105792,-30.134305316585863,967.378947368421
232,6.437,3.0,-18.0,-21.0,17.105792,-30.23778458298215,967.3
233,7.644,3.075,-18.05,-21.125,16.571236,-30.14014032107761,967.3
234,8.851,3.1500000000000004,-18.1,-21.25,16.03668,-30.037658778174116,967.3
235,10.058,3.2250000000000005,-18.15,-21.375,15.502124,-29.930046002984053,967.3
236,11.265,3.3000000000000007,-18.2,-21.5,14.967568,-29.81697902861986,967.3
237,12.472,3.325,-18.3,-21.625,14.724588,-29.86370904330156,967.3
238,13.679,3.35,-18.4,-21.75,14.481608,-29.90892670386523,967.3
239,14.886,3.374999999999999,-18.5,-21.875,14.238628,-29.952588492487898,967.3
240,16.093,3.3999999999999986,-18.6,-22.0,13.995648,-29.994648817487004,967.3
241,16.093,3.325,-18.825000000000003,-22.15,13.752668,-30.195946323834647,967.225
242,16.093,3.25,-19.05,-22.3,13.509688,-30.395070487664604,967.15
243,16.093,3.1750000000000007,-19.275,-22.450000000000003,13.266708,-30.591957799291563,967.075
244,16.093,3.1000000000000014,-19.5,-22.6,13.023728,-30.786541558643705,967.0
245,16.093,3.2,-19.521052631578947,-22.721052631578942,13.023728,-30.8135166552798,967.0
246,16.093,3.2,-19.54736842105263,-22.74736842105263,13.023728,-30.847235526074908,967.0
247,16.093,3.2,-19.57368421052632,-22.77368421052632,13.023728,-30.88095439687003,967.0
248,16.093,3.2,-19.6,-22.8,13.023728,-30.914673267665144,967.0
249,16.093,3.1789473684210523,-19.68421052631579,-22.863157894736844,13.586418526315793,-31.23925345813774,967.0
250,16.093,3.1526315789473687,-19.789473684210527,-22.94210526315789,13.074881684210528,-31.177512399036498,967.0
251,16.093,3.126315789473685,-19.894736842105264,-23.02105263157895,12.563344842105264,-31.108313802642364,967.0
252,16.093,3.1000000000000014,-20.0,-23.1,12.051808,-31.03111025579033,967.0
253,16.093,3.150000000000001,-20.05,-23.200000000000003,11.517252,-30.865104490030216,967.0
254,16.093,3.200000000000001,-20.1,-23.3,10.982696,-30.68948240223498,967.0
255,16.093,3.250000000000001,-20.15,-23.4,10.44814,-30.503378374478004,967.0
256,16.093,3.3000000000000007,-20.2,-23.5,9.913584,-30.30579875067775,967.0
257,16.093,3.2750000000000004,-20.275,-23.55,9.670604,-30.277265771130836,966.925
258,16.093,3.25,-20.35,-23.6,9.427624,-30.245739680125382,966.85
259,16.093,3.225,-20.425,-23.65,9.184644,-30.211082753262488,966.775
260,16.093,3.2,-20.5,-23.7,8.941664,-30.173146929967135,966.7
261,16.093,3.221052631578947,-20.563157894736843,-23.78421052631579,9.299739789473684,-30.444431271334864,966.7
262,16.093,3.247368421052632,-20.64210526315789,-23.889473684210525,8.53243452631579,-30.120944475959007,966.7
263,16.093,3.273684210526316,-20.72105263157895,-23.994736842105265,7.765129263157895,-29.762882136790033,966.7
264,16.093,3.3000000000000007,-20.8,-24.1,6.9978240000000005,-29.36375548232601,966.7
265,16.093,3.336842105263157,-20.84210526315789,-24.178947368421053,7.40705347368421,-29.685301051960884,966.7
266,16.093,3.2578947368421054,-20.894736842105264,-24.152631578947368,7.918590315789474,-30.0707557177187,966.7
267,16.093,3.178947368421053,-20.94736842105263,-24.126315789473686,8.430127157894736,-30.43990246603571,966.7
268,16.093,3.1000000000000014,-21.0,-24.1,8.941664,-30.79454084372176,966.7
269,16.093,3.150000000000001,-20.875,-24.025,8.698684,-30.50378929549815,966.6
270,16.093,3.200000000000001,-20.75,-23.950000000000003,8.455703999999999,-30.210513787335273,966.5
271,16.093,3.250000000000001,-20.625,-23.875,8.212724,-29.914567404333823,966.4
272,16.093,3.3000000000000007,-20.5,-23.8,7.969743999999999,-29.615790430745967,966.3
273,16.093,3.275000000000001,-20.725,-24.0,8.212724,-30.03800659209879,966.3
274,16.093,3.2500000000000018,-20.95,-24.200000000000003,8.455703999999999,-30.457965333439567,966.3
275,16.093,3.2250000000000023,-21.175,-24.4,8.698684,-30.875805862288754,966.3
276,16.093,3.200000000000003,-21.4,-24.6,8.941664,-31.291655974725444,966.3
277,16.093,3.13684210526316,-21.44210526315789,-24.57894736842105,8.737049263157894,-31.228867181348356,966.3
278,16.093,3.057894736842106,-21.49473684210526,-24.55263157894737,8.481280842105262,-31.146877467139767,966.3
279,16.093,2.978947368421052,-21.54736842105263,-24.526315789473685,8.225512421052631,-31.060795479050004,966.3
280,16.093,2.8999999999999986,-21.6,-24.5,7.969743999999999,-30.97038971511097,966.3
281,14.399105263157894,2.857894736842104,-21.53684210526316,-24.394736842105264,8.37897347368421,-31.13897689968239,966.3
282,12.281736842105264,2.805263157894736,-21.457894736842107,-24.26315789473684,8.890510315789474,-31.3350277839355,966.3
283,10.164368421052632,2.7526315789473674,-21.37894736842105,-24.13157894736842,9.402047157894737,-31.516309625817136,966.3
284,8.047,2.7,-21.3,-24.0,9.913584,-31.684241863953673,966.3
285,7.24225,2.624999999999999,-21.125,-23.75,9.913584,-31.4649440959325,966.225
286,6.4375,2.549999999999999,-20.950000000000003,-23.5,9.913584,-31.245646327911338,966.15
287,5.632750000000001,2.4749999999999988,-20.775,-23.25,9.913584,-31.02634855989016,966.075
288,4.828,2.3999999999999986,-20.6,-23.0,9.913584,-30.807050791868996,966.0
289,4.42575,2.424999999999999,-20.4,-22.825,10.20516,-30.700526780108653,965.925
290,4.0235,2.45,-20.200000000000003,-22.65,10.496736,-30.589424244774754,965.85
291,3.62125,2.475,-20.0,-22.475,10.788312,-30.47395628184679,965.775
292,3.219,2.5,-19.8,-22.3,11.079888,-30.354320220155486,965.7
293,4.870157894736842,2.5421052631578944,-19.78421052631579,-22.32631578947368,11.60165557894737,-30.564608750912882,965.7
294,5.929105263157895,2.594736842105263,-19.889473684210525,-22.48421052631579,11.03896505263158,-30.4489753069827,965.7
295,6.988052631578948,2.647368421052631,-19.994736842105265,-22.64210526315789,10.47627452631579,-30.321327545458107,965.7
296,8.047,2.7,-20.1,-22.8,9.913584,-30.180485740379936,965.7
297,7.369315789473685,2.578947368421051,-20.18421052631579,-22.76315789473684,9.913584,-30.286012485893885,965.7
298,6.52221052631579,2.552631578947368,-20.289473684210527,-22.84210526315789,9.913584,-30.41792091778632,965.7
299,5.675105263157895,2.526315789473684,-20.394736842105264,-22.92105263157895,9.913584,-30.54982934967875,965.7
300,4.828,2.5,-20.5,-23.0,9.913584,-30.68173778157118,965.7
301,6.183157894736842,2.521052631578948,-20.31578947368421,-22.836842105263155,9.913584,-30.450898025759425,965.7
302,7.877105263157896,2.5473684210526324,-20.21052631578948,-22.757894736842104,9.913584,-30.318989593867,965.7
303,9.571052631578947,2.573684210526317,-20.105263157894736,-22.678947368421053,9.913584,-30.18708116197456,965.7
304,11.265,2.6000000000000014,-20.0,-22.6,9.913584,-30.055172730082127,965.7
305,10.4605,2.575000000000001,-20.125,-22.700000000000003,9.670604,-30.08967168606928,965.7
306,9.656,2.5500000000000007,-20.25,-22.8,9.427624,-30.120932583056923,965.7
307,8.851500000000001,2.5250000000000004,-20.375,-22.9,9.184644,-30.148809815585125,965.7
308,8.047,2.5,-20.5,-23.0,8.941664,-30.173146929967135,965.7
309,10.0585,2.55,-20.525,-23.075,9.184644,-30.335628628617208,965.7
310,12.07,2.6,-20.55,-23.15,9.427624,-30.495353874262307,965.7
311,14.0815,2.6499999999999995,-20.575000000000003,-23.225,9.670604,-30.652453941253967,965.7
312,16.093,2.7,-20.6,-23.3,9.913584,-30.807050791868996,965.7
313,16.093,2.799999999999998,-20.57894736842105,-23.37894736842105,11.284502736842104,-31.43213461858235,965.7
314,16.093,2.799999999999999,-20.55263157894737,-23.352631578947367,11.540271157894738,-31.51285218086939,965.7
315,16.093,2.8,-20.526315789473685,-23.32631578947369,11.796039578947369,-31.59134520437324,965.7
316,16.093,2.8000000000000007,-20.5,-23.3,12.051808,-31.667700157770142,965.7
317,16.093,2.8000000000000007,-20.58421052631579,-23.38421052631579,12.051808,-31.77491529915622,965.7
318,16.093,2.8000000000000007,-20.68947368421053,-23.489473684210527,12.051808,-31.908934225888814,965.7
319,16.093,2.8000000000000007,-20.794736842105262,-23.594736842105263,12.051808,-32.0429531526214,965.7
320,16.093,2.8000000000000007,-20.9,-23.7,12.051808,-32.176972079353995,965.7
321,16.093,2.8000000000000007,-21.025,-23.825,12.294788,-32.43972653315956,965.7
322,16.093,2.8000000000000007,-21.15,-23.95,12.537768,-32.701291932301466,965.7
323,16.093,2.8000000000000007,-21.275,-24.075,12.780748,-32.96171605518502,965.7
324,16.093,2.8000000000000007,-21.4,-24.2,13.023728,-33.22104403005099,965.7
325,16.093,2.875000000000001,-21.475,-24.35,12.780748,-33.21758243009033,965.775
326,16.093,2.950000000000001,-21.55,-24.5,12.537768,-33.21221781171076,965.85
327,16.093,3.025000000000001,-21.625,-24.65,12.294788,-33.2048851809976,965.925
328,16.093,3.1000000000000014,-21.7,-24.8,12.051808,-33.1955159225217,966.0
329,16.093,3.0368421052631565,-21.88421052631579,-24.921052631578945,12.051808,-33.430049044303736,966.0
330,16.093,2.9578947368421047,-21.989473684210527,-24.94736842105263,12.051808,-33.56406797103633,966.0
331,16.093,2.8789473684210525,-22.094736842105263,-24.973684210526315,12.051808,-33.69808689776892,966.0
332,16.093,2.8000000000000007,-22.2,-25.0,12.051808,-33.83210582450151,966.0
333,16.093,2.8000000000000007,-22.2,-25.0,12.819113263157895,-34.16115199828949,966.06
334,16.093,2.8000000000000007,-22.2,-25.0,12.563344842105264,-34.053353351807445,966.135
335,16.093,2.8000000000000007,-22.2,-25.0,12.307576421052632,-33.94369520640911,966.21
336,16.093,2.8000000000000007,-22.2,-25.0,12.051808,-33.83210582450151,966.285
337,16.093,2.842105263157895,-22.28421052631579,-25.126315789473683,12.61449852631579,-34.182676900274686,966.3842105263158
338,16.093,2.894736842105264,-22.389473684210525,-25.28421052631579,12.102961684210529,-34.09589956077728,966.4894736842106
339,16.093,2.947368421052632,-22.494736842105265,-25.44210526315789,11.591424842105264,-34.000192036249416,966.5947368421052
340,16.093,3.0,-22.6,-25.6,11.079888,-33.894839780234804,966.7
341,14.886,3.0,-22.6,-25.6,11.565848,-34.122050042265876,966.7
342,13.679,3.0,-22.6,-25.6,12.051808,-34.34137774608537,966.7
343,12.472,3.0,-22.6,-25.6,12.537768,-34.55339824516015,966.7
344,11.265,3.0,-22.6,-25.6,13.023728,-34.75862453830823,966.7
345,12.28142105263158,3.0,-22.68421052631579,-25.68421052631579,12.819113263157895,-34.78077075183131,966.76
346,13.551947368421054,3.0,-22.789473684210527,-25.789473684210527,12.563344842105264,-34.80642282556656,966.835
347,14.822473684210529,3.0,-22.894736842105264,-25.894736842105264,12.307576421052632,-34.82974393339274,966.91
348,16.093,3.0,-23.0,-26.0,12.051808,-34.85064966766922,966.985
349,15.076578947368422,3.0,-23.0,-26.0,11.847193263157896,-34.758510268542246,967.0631578947368
350,13.806052631578948,3.0,-23.0,-26.0,11.591424842105264,-34.64143730295202,967.142105263158
351,12.535526315789474,3.0,-23.0,-26.0,11.335656421052631,-34.52217391667081,967.2210526315788
352,11.265,3.0,-23.0,-26.0,11.079888,-34.400628288817565,967.3
353,10.587526315789477,3.0842105263157893,-22.91578947368421,-26.0,11.48911747368421,-34.48720290329642,967.3
354,9.740684210526316,3.1894736842105256,-22.81052631578948,-26.0,12.000654315789474,-34.58658867700965,967.3
355,8.893842105263158,3.2947368421052623,-22.705263157894738,-26.0,12.512191157894735,-34.676844528887564,967.3
356,8.047,3.3999999999999986,-22.6,-26.0,13.023728,-34.75862453830823,967.3
357,10.0585,3.3999999999999986,-22.6,-26.0,13.266708,-34.85883531835858,967.375
358,12.07,3.3999999999999986,-22.6,-26.0,13.509688,-34.95751607223679,967.45
359,14.0815,3.3999999999999986,-22.6,-26.0,13.752668,-35.05471705875442,967.525
360,16.093,3.3999999999999986,-22.6,-26.0,13.995648,-35.15048603318483,967.6
361,15.974676470588236,3.424999999999999,-22.575000000000003,-26.0,14.773184,-35.41546990521047,967.6
362,15.856352941176471,3.45,-22.55,-26.0,15.550720000000002,-35.66730835185115,967.6
363,15.738029411764703,3.475,-22.525,-26.0,16.328256,-35.90717880715651,967.6
364,15.61970588235294,3.5,-22.5,-26.0,17.105792,-36.13610276757101,967.6
365,15.501382352941176,3.5842105263157893,-22.41578947368421,-26.0,15.530258526315787,-35.485488151213644,967.6
366,15.383058823529412,3.6894736842105256,-22.31052631578948,-26.0,15.018721684210526,-35.16369480576639,967.6
367,15.264735294117648,3.7947368421052623,-22.205263157894738,-26.0,14.507184842105264,-34.83730720935134,967.6
368,15.146411764705883,3.899999999999999,-22.1,-26.0,13.995648,-34.506006381222605,967.6
369,15.028088235294115,3.878947368421052,-22.14210526315789,-26.021052631578947,15.172182736842103,-35.00117445140039,967.6
370,14.909764705882353,3.852631578947368,-22.194736842105264,-26.04736842105263,15.427951157894736,-35.1615935056894,967.6
371,14.791441176470588,3.826315789473684,-22.24736842105263,-26.07368421052632,15.683719578947368,-35.32092780090278,967.6
372,14.673117647058824,3.8000000000000007,-22.3,-26.1,15.939488,-35.47921143404287,967.6
373,14.55479411764706,3.825,-22.25,-26.075000000000003,16.231064,-35.51486760201933,967.7
374,14.436470588235297,3.85,-22.200000000000003,-26.05,16.52264,-35.54881746905029,967.8
375,14.318147058823527,3.874999999999999,-22.15,-26.025,16.814216000000002,-35.58111405550699,967.9
376,14.199823529411765,3.899999999999999,-22.1,-26.0,17.105792,-35.61180781782978,968.0
377,14.0815,3.974999999999999,-22.075000000000003,-26.05,16.814216000000002,-35.48295075277491,968.0
378,13.963176470588236,4.049999999999999,-22.05,-26.1,16.52264,-35.35277903173913,968.0
379,13.844852941176471,4.124999999999999,-22.025,-26.15,16.231064,-35.22124865399156,968.0
380,13.726529411764703,4.199999999999999,-22.0,-26.2,15.939488,-35.08831334157384,968.0
381,13.60820588235294,4.242105263157894,-21.957894736842107,-26.2,15.939488,-35.03345045140274,968.0
382,13.489882352941176,4.294736842105262,-21.905263157894737,-26.2,15.939488,-34.96487183868888,968.0
383,13.371558823529412,4.34736842105263,-21.85263157894737,-26.2,15.939488,-34.89629322597502,968.0
384,13.253235294117648,4.399999999999999,-21.8,-26.2,15.939488,-34.82771461326115,968.0
385,13.134911764705883,4.505263157894736,-21.757894736842108,-26.26315789473684,17.310406736842108,-35.22959383682913,968.0631578947368
386,13.01658823529412,4.636842105263156,-21.705263157894738,-26.34210526315789,17.566175157894737,-35.242280313459084,968.142105263158
387,12.898264705882353,4.768421052631577,-21.65263157894737,-26.42105263157895,17.82194357894737,-35.253803328411706,968.2210526315788
388,12.779941176470588,4.899999999999999,-21.6,-26.5,18.077712,-35.26419202618422,968.3
389,12.661617647058824,5.126315789473685,-21.57894736842105,-26.705263157894738,17.62755957894737,-35.09576308778974,968.3
390,12.54329411764706,5.28421052631579,-21.55263157894737,-26.83684210526316,17.06486905263158,-34.88108679485157,968.3
391,12.424970588235292,5.442105263157896,-21.526315789473685,-26.96842105263158,16.502178526315788,-34.66154255492992,968.3
392,12.306647058823527,5.600000000000001,-21.5,-27.1,15.939488,-34.43681652079212,968.3
393,12.188323529411765,5.675000000000001,-21.525,-27.200000000000003,15.453528,-34.30032769106424,968.3
394,12.07,5.75,-21.55,-27.3,14.967568,-34.15914180815317,968.3
395,11.951676470588236,5.824999999999999,-21.575000000000003,-27.4,14.481608,-34.01297760985873,968.3
396,11.833352941176472,5.899999999999999,-21.6,-27.5,13.995648,-33.86152672926038,968.3
397,11.715029411764707,5.999999999999999,-21.575000000000003,-27.575,13.752668,-33.73544818370998,968.3
398,11.596705882352945,6.1,-21.55,-27.65,13.509688,-33.608060335954875,968.3
399,11.478382352941177,6.2,-21.525,-27.725,13.266708,-33.47931852647977,968.3
400,11.360058823529412,6.300000000000001,-21.5,-27.8,13.023728,-33.349175739072436,968.3
401,11.241735294117646,6.242105263157894,-21.521052631578947,-27.76315789473684,13.637572210526317,-33.621116791587085,968.3
402,11.123411764705882,6.294736842105262,-21.54736842105263,-27.84210526315789,14.404877473684213,-33.9486227030919,968.3
403,11.005088235294116,6.34736842105263,-21.57368421052632,-27.92105263157895,15.172182736842103,-34.26357123762008,968.3
404,10.886764705882351,6.399999999999999,-21.6,-28.0,15.939488,-34.56711588494847,968.3
405,10.768441176470589,6.442105263157893,-21.6,-28.042105263157893,15.530258526315787,-34.424828445487144,968.3
406,10.650117647058824,6.494736842105262,-21.6,-28.094736842105263,15.018721684210526,-34.24247158237638,968.3
407,10.53179411764706,6.54736842105263,-21.6,-28.14736842105263,14.507184842105264,-34.05482059872888,968.3
408,10.413470588235295,6.599999999999998,-21.6,-28.2,13.995648,-33.86152672926038,968.3
409,10.295147058823533,6.826315789473683,-21.6,-28.426315789473684,14.967568,-34.2239502078477,968.3
410,10.176823529411765,6.984210526315787,-21.6,-28.58421052631579,14.967568,-34.2239502078477,968.3
411,10.0585,7.142105263157893,-21.6,-28.74210526315789,14.967568,-34.2239502078477,968.3
412,9.940176470588236,7.299999999999997,-21.6,-28.9,14.967568,-34.2239502078477,968.3
413,9.82185294117647,6.999999999999998,-21.700000000000003,-28.7,16.231064,-34.797132395729236,968.3
414,9.703529411764706,6.699999999999999,-21.8,-28.5,17.49456,-35.34390426725426,968.3
415,9.58520588235294,6.4,-21.9,-28.3,18.758056,-35.86774430615266,968.3
416,9.466882352941177,6.100000000000001,-22.0,-28.1,20.021552,-36.371479028460726,968.3
417,9.348558823529412,6.125000000000001,-22.0,-28.125,19.778572,-36.30157141739281,968.3
418,9.230235294117648,6.15,-22.0,-28.15,19.535592,-36.23093863988967,968.3
419,9.111911764705884,6.175,-22.0,-28.175,19.292612,-36.1595640122446,968.3
420,8.99358823529412,6.199999999999999,-22.0,-28.2,19.049632000000003,-36.08743025079527,968.3
421,8.875264705882353,6.073684210526316,-22.0,-28.07368421052632,19.816937263157897,-36.31265725171475,968.3631578947368
422,8.756941176470589,5.915789473684211,-22.0,-27.91578947368421,19.561168842105264,-36.23840830958684,968.4421052631578
423,8.638617647058824,5.757894736842106,-22.0,-27.757894736842108,19.305400421052635,-36.1633393435491,968.521052631579
424,8.520294117647058,5.600000000000001,-22.0,-27.6,19.049632000000003,-36.08743025079527,968.6
425,8.401970588235294,5.663157894736844,-22.14736842105264,-27.81052631578948,16.860254315789476,-35.592955973120574,968.6
426,8.28364705882353,5.742105263157897,-22.33157894736842,-28.07368421052632,16.553332210526317,-35.73116400768512,968.6
427,8.165323529411765,5.821052631578949,-22.51578947368421,-28.33684210526316,16.24641010526316,-35.86700649704772,968.6
428,8.047,5.900000000000002,-22.7,-28.6,15.939488,-36.00040889066824,968.6
429,7.644500000000001,5.850000000000001,-22.725,-28.575000000000003,17.445964,-36.54281214656014,968.6
430,7.242000000000001,5.800000000000001,-22.75,-28.55,18.95244,-37.04996205511805,968.6
431,6.8395,5.75,-22.775,-28.525,20.458916,-37.52687748995869,968.6
432,6.437,5.699999999999999,-22.8,-28.5,21.965392,-37.977555848174404,968.6
433,6.7387500000000005,5.6,-22.85,-28.45,21.236452,-37.84544194035625,968.6
434,7.040500000000001,5.5,-22.9,-28.4,20.507512,-37.70711144920194,968.6
435,7.34225,5.4,-22.95,-28.35,19.778572000000004,-37.56215981452844,968.6
436,7.644,5.300000000000001,-23.0,-28.3,19.049632000000003,-37.41013970654804,968.6
437,7.94575,5.052631578947368,-23.063157894736843,-28.11578947368421,17.873097263157895,-37.12549828639338,968.6631578947369
438,8.2475,4.868421052631579,-23.14210526315789,-28.01052631578948,17.617328842105266,-37.14651116701857,968.742105263158
439,8.54925,4.684210526315789,-23.22105263157895,-27.905263157894737,17.361560421052634,-37.16625344752395,968.8210526315788
440,8.851,4.5,-23.3,-27.8,17.105792,-37.18469266705347,968.9
441,9.15275,4.626315789473684,-23.28421052631579,-27.910526315789472,20.226166736842107,-38.137111559277066,968.9842105263158
442,9.4545,4.784210526315788,-23.389473684210525,-28.173684210526314,20.481935157894736,-38.35124089510575,969.0894736842104
443,9.75625,4.942105263157893,-23.494736842105265,-28.43684210526316,20.737703578947368,-38.56489450321729,969.1947368421052
444,10.058,5.099999999999998,-23.6,-28.7,20.993472,-38.77808523704823,969.3
445,10.35975,5.199999999999998,-23.775,-28.975,20.021552,-38.729237547434636,969.3
446,10.6615,5.299999999999999,-23.950000000000003,-29.25,19.049632000000003,-38.666713689513166,969.3
447,10.96325,5.4,-24.125,-29.525,18.077712,-38.5892601257716,969.3
448,11.265,5.5,-24.3,-29.8,17.105792,-38.49543004140655,969.3
449,9.15275,5.1,-24.35,-29.45,18.855248000000003,-39.13482991318671,969.3
450,7.0405,4.699999999999999,-24.4,-29.1,20.604704,-39.73215939996803,969.3
451,4.928249999999999,4.299999999999999,-24.45,-28.75,22.35416,-40.29382522412875,969.3
452,2.816,3.899999999999999,-24.5,-28.4,24.103616,-40.82484907814016,969.3
453,2.615,3.924999999999999,-24.7,-28.625,23.812040000000003,-41.01916663742598,969.3714285714284
454,2.414,3.9499999999999993,-24.9,-28.85,23.520464000000004,-41.21213298776922,969.4428571428572
455,2.213,3.975,-25.1,-29.075,23.228888,-41.40372128335619,969.5142857142856
456,2.012,4.0,-25.3,-29.3,22.937312,-41.59390376009553,969.5857142857144
457,2.266105263157894,3.978947368421052,-25.405263157894737,-29.38421052631579,25.075536,-42.29645213602557,969.6
458,2.583736842105263,3.952631578947368,-25.53684210526316,-29.489473684210527,25.075536,-42.47464073176488,969.6
459,2.901368421052632,3.926315789473683,-25.66842105263158,-29.594736842105263,25.075536,-42.652829327504186,969.6
460,3.219,3.899999999999999,-25.8,-29.7,25.075536,-42.831017923243486,969.6
461,2.816,3.921052631578949,-26.02631578947368,-29.94736842105264,23.85807831578948,-42.819588686621955,969.6
462,2.816,3.9473684210526327,-26.184210526315788,-30.13157894736842,23.55115621052632,-42.94996659890644,969.6
463,2.816,3.973684210526317,-26.34210526315789,-30.31578947368421,23.24423410526316,-43.07895836306335,969.6
464,2.816,4.0,-26.5,-30.5,22.937312,-43.206533811286135,969.6
465,2.864105072463768,4.1,-26.625,-30.725,22.694332000000003,-43.306505984966336,969.675
466,2.912210144927536,4.199999999999999,-26.75,-30.95,22.451352,-43.40555488532431,969.75
467,2.960315217391304,4.299999999999999,-26.875,-31.175,22.208372,-43.50366399863408,969.825
468,3.0084202898550725,4.399999999999999,-27.0,-31.4,21.965392,-43.60081631372421,969.9
469,3.0565253623188404,4.599999999999999,-27.075,-31.675,21.965392,-43.70123167918046,969.975
470,3.1046304347826084,4.799999999999999,-27.15,-31.95,21.965392,-43.80164704463671,970.05
471,3.1527355072463767,4.999999999999999,-27.225,-32.225,21.965392,-43.90206241009296,970.125
472,3.2008405797101447,5.199999999999999,-27.3,-32.5,21.965392,-44.002477775549195,970.2
473,3.248945652173913,5.100000000000001,-27.50526315789473,-32.60526315789474,22.170006736842108,-44.337134439529954,970.2
474,3.297050724637681,5.100000000000001,-27.63684210526316,-32.73684210526316,22.425775157894737,-44.587761200368504,970.2
475,3.345155797101449,5.100000000000001,-27.768421052631577,-32.86842105263158,22.68154357894737,-44.838024987955095,970.2
476,3.3932608695652173,5.100000000000001,-27.9,-33.0,22.937312,-45.08793553767519,970.2
477,3.4413659420289853,5.078947368421054,-27.94210526315789,-33.02105263157895,22.937312,-45.14451904824328,970.2
478,3.4894710144927537,5.052631578947369,-27.99473684210526,-33.04736842105263,22.937312,-45.2152484364534,970.2
479,3.5375760869565216,5.026315789473685,-28.04736842105263,-33.07368421052632,22.937312,-45.28597782466352,970.2
480,3.585681159420289,5.0,-28.1,-33.1,22.937312,-45.35670721287364,970.2
481,3.633786231884058,4.768421052631579,-28.121052631578948,-32.88947368421053,22.38485221052632,-45.22526672438707,970.284210526316
482,3.681891304347826,4.4789473684210535,-28.14736842105264,-32.626315789473686,20.23639747368421,-44.60576717133967,970.3894736842104
483,3.729996376811594,4.189473684210528,-28.173684210526314,-32.363157894736844,18.087942736842106,-43.924383590381325,970.4947368421052
484,3.778101449275362,3.900000000000002,-28.2,-32.1,15.939488,-43.16687391926712,970.6
485,3.82620652173913,3.900000000000002,-28.325,-32.225,16.231064,-43.44257919876901,970.675
486,3.8743115942028985,3.900000000000002,-28.45,-32.35,16.52264,-43.71708569034832,970.75
487,3.922416666666667,3.900000000000002,-28.575,-32.475,16.814216000000002,-43.99043698955502,970.825
488,3.970521739130435,3.900000000000002,-28.7,-32.6,17.105792,-44.262674488560094,970.9
489,4.018626811594203,4.10526315789474,-28.76315789473684,-32.86842105263158,18.845017263157896,-44.96358978404055,970.9
490,4.066731884057971,4.23684210526316,-28.84210526315789,-33.078947368421055,18.589248842105267,-44.97998381484443,970.9
491,4.114836956521739,4.36842105263158,-28.92105263157895,-33.28947368421053,18.333480421052634,-44.995112799915745,970.9
492,4.162942028985508,4.5,-29.0,-33.5,18.077712,-45.00894606061852,970.9
493,4.211047101449275,4.752631578947368,-29.14736842105264,-33.9,19.66347621052632,-45.747593613754134,970.9
494,4.259152173913043,5.068421052631579,-29.33157894736842,-34.4,20.430781473684213,-46.24307054735447,970.9
495,4.307257246376811,5.384210526315789,-29.51578947368421,-34.9,21.198086736842107,-46.73231550599786,970.9
496,4.35536231884058,5.699999999999999,-29.7,-35.4,21.965392,-47.2157694701491,970.9
497,4.403467391304348,5.631578947368421,-29.78421052631579,-35.415789473684214,21.91423831578948,-47.31287473701195,970.9631578947368
498,4.451572463768116,5.421052631578948,-29.889473684210525,-35.310526315789474,20.63539621052632,-47.05167712048218,971.042105263158
499,4.499677536231884,5.210526315789474,-29.994736842105265,-35.20526315789474,19.35655410526316,-46.76748839225023,971.121052631579
500,4.547782608695652,5.0,-30.1,-35.1,18.077712,-46.457490579250646,971.2
501,4.59588768115942,4.85,-30.1,-34.95,17.543156,-46.261679568660384,971.2
502,4.643992753623189,4.699999999999999,-30.1,-34.8,17.0086,-46.0607908417564,971.2
503,4.692097826086957,4.549999999999999,-30.1,-34.65,16.474044,-45.854526753023514,971.2
504,4.7402028985507245,4.399999999999999,-30.1,-34.5,15.939488,-45.64256183823764,971.2
505,4.7883079710144925,4.874999999999999,-30.275,-35.15,16.717024,-46.17790581150335,971.3
506,4.836413043478261,5.35,-30.450000000000003,-35.8,17.49456,-46.7032581005289,971.4
507,4.884518115942029,5.825,-30.625,-36.45,18.272096,-47.219465713420995,971.5
508,4.932623188405797,6.300000000000001,-30.8,-37.1,19.049632000000003,-47.727273461419614,971.6
509,4.980728260869565,6.1368421052631605,-30.96315789473684,-37.1,17.422944842105263,-47.35008092275188,971.6
510,5.028833333333333,6.057894736842107,-31.042105263157893,-37.1,16.604485894736843,-47.137141707581414,971.6
511,5.076938405797101,5.978947368421055,-31.121052631578948,-37.1,15.786026947368422,-46.90995686158769,971.6
512,5.12504347826087,5.900000000000002,-31.2,-37.1,14.967568,-46.66716294919691,971.6
513,5.173148550724638,5.48421052631579,-31.2,-36.68421052631579,14.55833852631579,-46.48838213038713,971.6
514,5.221253623188406,5.089473684210527,-31.2,-36.28947368421053,14.046801684210529,-46.25887144099565,971.6
515,5.269358695652175,4.694736842105264,-31.2,-35.89473684210526,13.535264842105263,-46.02222927269537,971.6
516,5.317463768115943,4.300000000000001,-31.2,-35.5,13.023728,-45.777951514151766,971.6
517,5.36556884057971,4.325000000000001,-31.225,-35.55,12.780748,-45.69106820672418,971.675
518,5.413673913043478,4.350000000000001,-31.25,-35.6,12.537768,-45.602170387386124,971.75
519,5.461778985507246,4.375000000000002,-31.275,-35.650000000000006,12.294788,-45.511186767059414,971.825
520,5.509884057971014,4.400000000000002,-31.3,-35.7,12.051808,-45.41804204053415,971.9
521,5.557989130434782,4.475000000000001,-31.4,-35.875,13.315304,-46.1748887004637,971.9
522,5.606094202898551,4.550000000000001,-31.5,-36.05,14.5788,-46.88542073492239,971.9
523,5.654199275362319,4.625,-31.6,-36.225,15.842296,-47.55687352370069,971.9
524,5.702304347826087,4.699999999999999,-31.7,-36.4,17.105792,-48.194886611619324,971.9
525,5.750409420289856,4.724999999999999,-31.8,-36.525,16.571236,-48.114760028608444,971.9
526,5.798514492753624,4.749999999999998,-31.9,-36.65,16.03668,-48.028122853170686,971.9
527,5.846619565217392,4.774999999999998,-32.0,-36.775,15.502124,-47.93458405485104,971.9
528,5.89472463768116,4.799999999999997,-32.1,-36.9,14.967568,-47.83371414369839,971.9
529,5.942829710144928,5.042105263157894,-32.12105263157895,-37.16315789473684,14.670876631578947,-47.729814957356346,971.9631578947368
530,5.990934782608695,5.094736842105261,-32.14736842105263,-37.242105263157896,13.085112421052632,-47.02203581521132,972.042105263158
531,6.039039855072463,5.1473684210526285,-32.17368421052632,-37.321052631578944,11.499348210526316,-46.233792554482186,972.121052631579
532,6.087144927536232,5.199999999999996,-32.2,-37.4,9.913584,-45.343359986415095,972.2
533,6.13525,5.0749999999999975,-32.25,-37.325,11.17708,-46.15176658191963,972.275
534,6.183355072463768,4.949999999999999,-32.3,-37.25,12.440576,-46.89358992819516,972.35
535,6.231460144927537,4.825000000000001,-32.35,-37.175,13.704072,-47.580861431268055,972.425
536,6.279565217391305,4.700000000000003,-32.4,-37.1,14.967568,-48.22256454186555,972.5
537,6.327670289855073,4.875000000000004,-32.5,-37.375,15.745104,-48.687978486295876,972.595238095238
538,6.375775362318841,5.050000000000004,-32.599999999999994,-37.650000000000006,16.522640000000003,-49.1408157892902,972.690476190476
539,6.423880434782609,5.225000000000005,-32.7,-37.925,17.300176,-49.58217320643544,972.7857142857142
540,6.471985507246377,5.400000000000006,-32.8,-38.2,18.077712,-50.01300894316586,972.8809523809524
541,6.5200905797101445,5.399999999999999,-32.94210526315789,-38.34210526315789,17.78102063157895,-50.08684625273687,972.9
542,6.568195652173913,5.399999999999999,-32.99473684210526,-38.39473684210526,16.195256421052633,-49.521568253458014,972.9
543,6.616300724637681,5.399999999999999,-33.04736842105263,-38.44736842105263,14.609492210526316,-48.90063927194965,972.9
544,6.66440579710145,5.399999999999999,-33.1,-38.5,13.023728,-48.21245398555905,972.9
545,6.712510869565218,5.499999999999998,-33.125,-38.625,13.023728,-48.24448691281441,972.975
546,6.760615942028986,5.599999999999998,-33.150000000000006,-38.75,13.023728,-48.27651984006978,973.05
547,6.808721014492754,5.6999999999999975,-33.175000000000004,-38.875,13.023728,-48.30855276732514,973.125
548,6.856826086956522,5.799999999999997,-33.2,-39.0,13.023728,-48.3405856945805,973.2
549,6.90493115942029,5.649999999999999,-33.225,-38.875,14.044244,-48.86859875746053,973.2714285714286
550,6.953036231884058,5.5,-33.25,-38.75,15.06476,-49.36759662514113,973.3428571428572
551,7.0011413043478266,5.350000000000001,-33.275,-38.625,16.085276,-49.841114759600664,973.4142857142856
552,7.0492463768115945,5.200000000000003,-33.3,-38.5,17.105792,-50.292066410584255,973.4857142857144
553,7.097351449275362,5.078947368421054,-33.421052631578945,-38.5,15.325643789473684,-49.70479523730036,973.5
554,7.14545652173913,5.052631578947369,-33.44736842105263,-38.5,14.558338526315788,-49.39463883121579,973.5
555,7.193561594202898,5.026315789473685,-33.473684210526315,-38.5,13.791033263157894,-49.068586553738804,973.5
556,7.241666666666667,5.0,-33.5,-38.5,13.023728,-48.724980821644806,973.5
557,7.289771739130435,5.042105263157894,-33.52105263157895,-38.56315789473684,15.172182736842103,-49.76689804578066,973.5
558,7.337876811594203,5.094736842105261,-33.54736842105263,-38.642105263157895,15.427951157894736,-49.91372746182864,973.5
559,7.385981884057971,5.1473684210526285,-33.57368421052632,-38.72105263157894,15.683719578947368,-50.05909313805352,973.5
560,7.43408695652174,5.199999999999996,-33.6,-38.8,15.939488,-50.203039583709646,973.5
561,7.482192028985508,5.221052631578945,-33.642105263157895,-38.86315789473684,15.530258526315787,-50.08153429517897,973.5
562,7.530297101449276,5.247368421052632,-33.694736842105264,-38.94210526315789,15.018721684210526,-49.92373800719275,973.5
563,7.578402173913044,5.2736842105263175,-33.74736842105263,-39.02105263157895,14.507184842105264,-49.75898666235176,973.5
564,7.6265072463768115,5.300000000000004,-33.8,-39.1,13.995648,-49.58683023713878,973.5
565,7.67461231884058,5.275000000000004,-33.849999999999994,-39.125,14.481608,-49.87982008893593,973.5
566,7.722717391304348,5.250000000000004,-33.9,-39.150000000000006,14.967568,-50.16681653270136,973.5
567,7.770822463768116,5.225000000000003,-33.95,-39.175,15.453528,-50.448179507146236,973.5
568,7.818927536231884,5.200000000000003,-34.0,-39.2,15.939488,-50.72423704033501,973.5
569,7.867032608695652,5.150000000000002,-34.0,-39.150000000000006,15.939488,-50.72423704033501,973.575
570,7.915137681159421,5.100000000000001,-34.0,-39.1,15.939488,-50.72423704033501,973.65
571,7.963242753623189,5.050000000000001,-34.0,-39.05,15.939488,-50.72423704033501,973.725
572,8.011347826086958,5.0,-34.0,-39.0,15.939488,-50.72423704033501,973.8
573,8.059452898550724,5.0,-34.0,-39.0,15.696508,-50.61938511165215,973.895238095238
574,8.107557971014494,5.0,-34.0,-39.0,15.453528,-50.51316080218077,973.9904761904762
575,8.155663043478262,5.0,-34.0,-39.0,15.210548,-50.405524141172705,974.0857142857144
576,8.20376811594203,5.0,-34.0,-39.0,14.967568,-50.296433332090416,974.1809523809524
577,8.251873188405797,5.0,-34.0,-39.0,14.353723789473683,-50.01405903199908,974.2
578,8.299978260869565,5.0,-34.0,-39.0,13.58641852631579,-49.64646173587424,974.2
579,8.348083333333333,5.0,-34.0,-39.0,12.819113263157895,-49.26099162264552,974.2
580,8.396188405797101,5.0,-34.0,-39.0,12.051808,-48.85562751122515,974.2
581,8.444293478260871,4.978947368421053,-34.02105263157895,-39.0,11.60165557894737,-48.63433164712251,974.2
582,8.492398550724637,4.952631578947368,-34.04736842105263,-39.0,11.03896505263158,-48.34583860396675,974.2
583,8.540503623188407,4.926315789473684,-34.07368421052632,-39.0,10.47627452631579,-48.04297870558377,974.2
584,8.588608695652173,4.899999999999999,-34.1,-39.0,9.913584,-47.7243071820735,974.2
585,8.636713768115943,4.949999999999999,-34.1,-39.05,10.69112,-48.20624641771781,974.2
586,8.68481884057971,5.0,-34.1,-39.1,11.468656,-48.65959006863665,974.2
587,8.732923913043479,5.050000000000001,-34.1,-39.150000000000006,12.246192,-49.087810975796174,974.2
588,8.781028985507247,5.100000000000001,-34.1,-39.2,13.023728,-49.493771075773424,974.2
589,8.829134057971014,5.175000000000001,-34.1,-39.275000000000006,12.003212,-48.95650726578485,974.275
590,8.877239130434784,5.25,-34.1,-39.35,10.982696,-48.379399583507976,974.35
591,8.92534420289855,5.324999999999999,-34.1,-39.425,9.96218,-47.755342293472296,974.425
592,8.97344927536232,5.399999999999999,-34.1,-39.5,8.941664,-47.075061384092756,974.5
593,9.021554347826086,5.273684210526314,-34.12105263157895,-39.39473684210526,11.284502736842104,-48.58126796066644,974.5
594,9.069659420289856,5.115789473684209,-34.14736842105263,-39.26315789473684,11.540271157894738,-48.760129401821615,974.5
595,9.117764492753624,4.957894736842103,-34.17368421052632,-39.13157894736842,11.796039578947369,-48.93642694869052,974.5
596,9.165869565217392,4.799999999999997,-34.2,-39.0,12.051808,-49.11026347201708,974.5
597,9.21397463768116,4.821052631578945,-34.178947368421056,-39.0,13.903571368421051,-50.030994336442674,974.5
598,9.262079710144928,4.8473684210526296,-34.15263157894737,-39.0,12.573575578947368,-49.32855019835437,974.5
599,9.310184782608696,4.873684210526314,-34.126315789473686,-39.0,11.243579789473683,-48.564398489571275,974.5
600,9.358289855072464,4.899999999999999,-34.1,-39.0,9.913584,-47.7243071820735,974.5
601,9.406394927536232,4.899999999999999,-34.1,-39.0,10.69112,-48.20624641771781,974.5
602,9.4545,4.899999999999999,-34.1,-39.0,11.468656,-48.65959006863665,974.5
603,9.50260507246377,4.899999999999999,-34.1,-39.0,12.246192,-49.087810975796174,974.5
604,9.550710144927535,4.899999999999999,-34.1,-39.0,13.023728,-49.493771075773424,974.5
605,9.598815217391303,4.924999999999999,-34.075,-39.0,13.023728,-49.461738148518066,974.5
606,9.646920289855071,4.949999999999999,-34.05,-39.0,13.023728,-49.4297052212627,974.5
607,9.69502536231884,4.975,-34.025,-39.0,13.023728,-49.39767229400734,974.5
608,9.743130434782609,5.0,-34.0,-39.0,13.023728,-49.36563936675198,974.5
609,9.791235507246377,4.978947368421053,-34.02105263157895,-39.0,11.847193263157896,-48.770641095287345,974.56
610,9.839340579710148,4.952631578947368,-34.04736842105263,-39.0,11.591424842105264,-48.661997873876636,974.635
611,9.887445652173913,4.926315789473684,-34.07368421052632,-39.0,11.335656421052631,-48.55057560625195,974.71
612,9.935550724637682,4.899999999999999,-34.1,-39.0,11.079888,-48.43625940198916,974.785
613,9.983655797101449,4.921052631578946,-34.078947368421055,-39.0,10.363736421052632,-47.980559445404765,974.8
614,10.031760869565218,4.947368421052631,-34.05263157894737,-39.0,10.92642694736842,-48.28645915537961,974.8
615,10.079865942028986,4.973684210526315,-34.026315789473685,-39.0,11.489117473684212,-48.577719883782365,974.8
616,10.127971014492754,5.0,-34.0,-39.0,12.051808,-48.85562751122515,974.8
617,10.176076086956522,4.978947368421053,-34.02105263157895,-39.0,11.60165557894737,-48.63433164712251,974.8
618,10.22418115942029,4.952631578947368,-34.04736842105263,-39.0,11.03896505263158,-48.34583860396675,974.8
619,10.272286231884058,4.926315789473684,-34.07368421052632,-39.0,10.47627452631579,-48.04297870558377,974.8
620,10.320391304347826,4.899999999999999,-34.1,-39.0,9.913584,-47.7243071820735,974.8
621,10.368496376811596,4.899999999999999,-34.1,-39.0,9.913584,-47.7243071820735,974.8
622,10.416601449275362,4.899999999999999,-34.1,-39.0,9.913584,-47.7243071820735,974.8
623,10.464706521739132,4.899999999999999,-34.1,-39.0,9.913584,-47.7243071820735,974.8
624,10.5128115942029,4.899999999999999,-34.1,-39.0,9.913584,-47.7243071820735,974.8
625,10.560916666666667,4.874999999999998,-34.125,-39.0,9.913584,-47.75563543464796,974.875
626,10.609021739130435,4.849999999999998,-34.150000000000006,-39.0,9.913584,-47.78696368722241,974.95
627,10.657126811594203,4.8249999999999975,-34.175000000000004,-39.0,9.913584,-47.818291939796865,975.025
628,10.705231884057971,4.799999999999997,-34.2,-39.0,9.913584,-47.84962019237132,975.1
629,10.75333695652174,4.821052631578945,-34.178947368421056,-39.0,9.708969263157895,-47.690979759123955,975.1
630,10.801442028985509,4.8473684210526296,-34.15263157894737,-39.0,9.453200842105264,-47.48947206163031,975.1
631,10.849547101449277,4.873684210526314,-34.126315789473686,-39.0,9.197432421052632,-47.284231162395244,975.1
632,10.897652173913045,4.899999999999999,-34.1,-39.0,8.941664,-47.075061384092756,975.1
633,10.945757246376813,4.921052631578946,-34.078947368421055,-39.0,9.596431157894736,-47.49225109095082,975.18
634,10.99386231884058,4.947368421052631,-34.05263157894737,-39.0,10.414890105263158,-47.978912014677036,975.28
635,11.041967391304349,4.973684210526315,-34.026315789473685,-39.0,11.23334905263158,-48.43191483028408,975.38
636,11.090072463768117,5.0,-34.0,-39.0,12.051808,-48.85562751122515,975.48
637,11.138177536231886,5.0,-34.0,-39.0,10.834350315789472,-48.16557622908247,975.5631578947368
638,11.186282608695652,5.0,-34.0,-39.0,10.527428210526317,-47.981368601847315,975.642105263158
639,11.234387681159422,5.0,-34.0,-39.0,10.22050610526316,-47.79259314404041,975.7210526315788
640,11.282492753623188,5.0,-34.0,-39.0,9.913584,-47.598994171775686,975.8
641,11.330597826086958,5.025,-33.9,-38.925,10.69112,-47.95408496990808,975.8
642,11.378702898550724,5.050000000000001,-33.8,-38.85,11.468656,-48.27918141162431,975.8
643,11.426807971014494,5.075000000000001,-33.7,-38.775000000000006,12.246192,-48.577870864920754,975.8
644,11.47491304347826,5.100000000000001,-33.6,-38.7,13.023728,-48.853112530666245,975.8
645,11.52301811594203,5.150000000000002,-33.525,-38.675,13.266708,-48.87857573815019,975.8714285714284
646,11.571123188405796,5.200000000000003,-33.45,-38.650000000000006,13.509688,-48.901892013816585,975.9428571428572
647,11.619228260869566,5.250000000000004,-33.375,-38.625,13.752668,-48.92312889153867,976.0142857142856
648,11.667333333333335,5.300000000000004,-33.3,-38.6,13.995648,-48.94235058517655,976.0857142857144
649,11.7154384057971,5.278947368421055,-33.257894736842104,-38.53684210526316,12.931651368421054,-48.36840344383762,976.1631578947369
650,11.763543478260871,5.252631578947368,-33.205263157894734,-38.45789473684211,11.60165557894737,-47.598913144751904,976.242105263158
651,11.811648550724636,5.2263157894736825,-33.15263157894737,-38.37894736842105,10.271659789473684,-46.759473408695555,976.3210526315788
652,11.859753623188409,5.199999999999996,-33.1,-38.3,8.941664,-45.83227355658352,976.4
653,11.907858695652171,5.299999999999997,-32.93684210526316,-38.23684210526316,9.596431157894736,-46.06478777021378,976.4
654,11.955963768115945,5.299999999999997,-32.857894736842105,-38.1578947368421,10.414890105263158,-46.47577151662185,976.4
655,12.00406884057971,5.299999999999997,-32.77894736842106,-38.078947368421055,11.23334905263158,-46.852886214824565,976.4
656,12.05217391304348,5.299999999999997,-32.7,-38.0,12.051808,-47.200493766077635,976.4
657,12.100278985507249,5.342105263157893,-32.63684210526316,-37.97894736842105,13.023728,-47.61900185956504,976.4842105263158
658,12.148384057971017,5.394736842105262,-32.55789473684211,-37.95263157894737,13.023728,-47.51784524717969,976.5894736842104
659,12.196489130434784,5.447368421052631,-32.47894736842105,-37.92631578947368,13.023728,-47.41668863479434,976.6947368421052
660,12.24459420289855,5.5,-32.4,-37.9,13.023728,-47.315532022409,976.8
661,12.29269927536232,5.5,-32.3,-37.8,13.023728,-47.187400313387556,976.875
662,12.340804347826086,5.5,-32.2,-37.7,13.023728,-47.05926860436614,976.95
663,12.388909420289856,5.5,-32.1,-37.6,13.023728,-46.93113689534469,977.025
664,12.437014492753622,5.5,-32.0,-37.5,13.023728,-46.803005186323254,977.1
665,12.485119565217392,5.549999999999999,-31.9,-37.45,12.537768,-46.43242494142622,977.175
666,12.533224637681162,5.599999999999998,-31.8,-37.4,12.051808,-46.05463194251397,977.25
667,12.581329710144928,5.649999999999997,-31.700000000000003,-37.35,11.565848,-45.66906189909473,977.325
668,12.629434782608698,5.699999999999996,-31.6,-37.3,11.079888,-45.275081223346916,977.4
669,12.677539855072464,5.721052631578944,-31.51578947368421,-37.23684210526316,12.051808,-45.69278084033597,977.4
670,12.725644927536234,5.74736842105263,-31.410526315789475,-37.1578947368421,12.051808,-45.55876191360338,977.4
671,12.77375,5.773684210526315,-31.305263157894736,-37.078947368421055,12.051808,-45.42474298687078,977.4
672,12.82185507246377,5.800000000000001,-31.2,-37.0,12.051808,-45.29072406013819,977.4
673,12.869960144927536,5.821052631578947,-31.157894736842103,-36.97894736842105,12.051808,-45.23711648944514,977.4
674,12.918065217391304,5.847368421052631,-31.105263157894736,-36.95263157894737,12.051808,-45.17010702607885,977.4
675,12.966170289855071,5.8736842105263145,-31.05263157894737,-36.92631578947368,12.051808,-45.10309756271256,977.4
676,13.01427536231884,5.899999999999999,-31.0,-36.9,12.051808,-45.03608809934626,977.4
677,13.062380434782613,5.899999999999999,-30.9,-36.8,11.808828000000002,-44.78245624911327,977.4
678,13.110485507246375,5.899999999999999,-30.8,-36.7,11.565848,-44.52704973743033,977.4
679,13.158590579710149,5.899999999999999,-30.700000000000003,-36.6,11.322868,-44.269794039949694,977.4
680,13.206695652173911,5.899999999999999,-30.6,-36.5,11.079888,-44.01060995189002,977.4
681,13.254800724637684,5.874999999999999,-30.5,-36.375,11.079888,-43.88416282474432,977.4
682,13.302905797101449,5.85,-30.4,-36.25,11.079888,-43.75771569759863,977.4
683,13.35101086956522,5.825,-30.3,-36.125,11.079888,-43.631268570452946,977.4
684,13.399115942028985,5.800000000000001,-30.2,-36.0,11.079888,-43.50482144330725,977.4
685,13.447221014492754,5.657894736842104,-30.13684210526316,-35.79473684210526,11.079888,-43.424960099846814,977.3368421052631
686,13.495326086956524,5.605263157894736,-30.057894736842105,-35.66315789473684,11.079888,-43.32513342052127,977.257894736842
687,13.54343115942029,5.552631578947368,-29.97894736842105,-35.531578947368416,11.079888,-43.22530674119572,977.1789473684212
688,13.59153623188406,5.5,-29.9,-35.4,11.079888,-43.12548006187018,977.1
689,13.639641304347826,5.642105263157894,-29.77894736842105,-35.421052631578945,10.159121684210527,-42.45428242101489,977.1
690,13.687746376811596,5.694736842105263,-29.75263157894737,-35.44736842105263,10.466043789473684,-42.59810241462232,977.1
691,13.735851449275362,5.747368421052632,-29.726315789473684,-35.473684210526315,10.772965894736842,-42.73746066383031,977.1
692,13.783956521739132,5.800000000000001,-29.7,-35.5,11.079888,-42.8725858075788,977.1
693,13.832061594202898,5.757894736842106,-29.657894736842103,-35.415789473684214,11.284502736842104,-42.92931884520304,977.1
694,13.880166666666668,5.705263157894738,-29.605263157894736,-35.310526315789474,11.540271157894738,-42.99768254093049,977.1
695,13.928271739130434,5.65263157894737,-29.55263157894737,-35.20526315789474,11.796039578947369,-43.063314040279195,977.1
696,13.976376811594204,5.600000000000001,-29.5,-35.1,12.051808,-43.12631839340682,977.1
697,14.024481884057971,5.6000000000000005,-29.425,-35.025,11.274272,-42.62895411807387,977.1
698,14.07258695652174,5.6,-29.35,-34.95,10.496736,-42.10866186813766,977.1
699,14.12069202898551,5.599999999999999,-29.275,-34.875,9.7192,-41.56216256294971,977.1
700,14.168797101449275,5.599999999999998,-29.2,-34.8,8.941664,-40.98540102929749,977.1
701,14.216902173913043,5.599999999999999,-29.15,-34.75,9.7192,-41.40577106290206,977.1
702,14.265007246376811,5.6,-29.1,-34.7,10.496736,-41.793928599739765,977.1
703,14.31311231884058,5.6000000000000005,-29.05,-34.65,11.274272,-42.154105513445515,977.1
704,14.361217391304349,5.600000000000001,-29.0,-34.6,12.051808,-42.489728491427,977.1
705,14.409322463768117,5.500000000000001,-28.93684210526316,-34.43684210526316,11.284502736842104,-42.01620914140766,977.1
706,14.457427536231886,5.500000000000002,-28.857894736842105,-34.357894736842105,11.540271157894738,-42.0495163135301,977.1
707,14.505532608695653,5.500000000000003,-28.77894736842105,-34.27894736842106,11.796039578947369,-42.08000242577296,977.1
708,14.553637681159422,5.500000000000004,-28.7,-34.2,12.051808,-42.107774550239114,977.1
709,14.601742753623189,5.500000000000003,-28.657894736842103,-34.15789473684211,11.60165557894737,-41.82729000895702,977.0368421052632
710,14.649847826086958,5.500000000000002,-28.605263157894736,-34.10526315789474,11.03896505263158,-41.46652386453124,976.957894736842
711,14.697952898550724,5.500000000000001,-28.55263157894737,-34.05263157894737,10.47627452631579,-41.09344148428589,976.878947368421
712,14.746057971014494,5.5,-28.5,-34.0,9.913584,-40.706778605396075,976.8
713,14.79416304347826,5.475,-28.475,-33.95,9.427624,-40.38631631693784,976.8
714,14.84226811594203,5.449999999999999,-28.45,-33.9,8.941664,-40.05331015866557,976.8
715,14.890373188405796,5.424999999999999,-28.425,-33.849999999999994,8.455703999999999,-39.70646686908765,976.8
716,14.938478260869566,5.399999999999999,-28.4,-33.8,7.969743999999999,-39.34427620027642,976.8
717,14.986583333333336,5.4,-28.35,-33.75,8.212724,-39.4502446591774,976.8
718,15.034688405797102,5.4,-28.3,-33.7,8.455703999999999,-39.55180965277246,976.8
719,15.082793478260871,5.400000000000001,-28.25,-33.65,8.698684,-39.64919656243375,976.8
720,15.130898550724638,5.400000000000002,-28.2,-33.6,8.941664,-39.74261320178826,976.8
721,15.179003623188407,5.321052631578947,-28.178947368421053,-33.5,9.146278736842104,-39.844553343214486,976.8631578947368
722,15.227108695652174,5.347368421052631,-28.152631578947368,-33.5,9.402047157894737,-39.96850385291492,976.9421052631578
723,15.275213768115943,5.3736842105263145,-28.126315789473686,-33.5,9.657815578947368,-40.088769776945576,977.021052631579
724,15.32331884057971,5.399999999999999,-28.1,-33.5,9.913584,-40.20552656420483,977.1
725,15.37142391304348,5.399999999999999,-28.1,-33.5,9.50435452631579,-39.96445765356407,977.1
726,15.419528985507249,5.399999999999999,-28.1,-33.5,8.992817684210527,-39.65054469427457,977.1
727,15.467634057971017,5.399999999999999,-28.1,-33.5,8.481280842105264,-39.321256292400854,977.1
728,15.515739130434785,5.399999999999999,-28.1,-33.5,7.969743999999999,-38.974840031813244,977.1
729,15.56384420289855,5.378947368421052,-28.14210526315789,-33.52105263157895,8.174358736842105,-39.167541864990284,977.1
730,15.61194927536232,5.352631578947368,-28.194736842105264,-33.54736842105263,8.430127157894736,-39.404602552800114,977.1
731,15.660054347826089,5.326315789473685,-28.24736842105263,-33.57368421052632,8.685895578947369,-39.63764582505268,977.1
732,15.708159420289856,5.300000000000001,-28.3,-33.6,8.941664,-39.86689198453918,977.1
733,15.756264492753624,5.275000000000001,-28.35,-33.625,8.941664,-39.92903137591465,977.1
734,15.804369565217392,5.250000000000002,-28.4,-33.650000000000006,8.941664,-39.99117076729011,977.1
735,15.852474637681162,5.225000000000002,-28.45,-33.675000000000004,8.941664,-40.05331015866557,977.1
736,15.900579710144928,5.200000000000003,-28.5,-33.7,8.941664,-40.11544955004102,977.1
737,15.948684782608698,5.200000000000002,-28.575,-33.775000000000006,8.455703999999999,-39.892055528665864,977.1
738,15.996789855072464,5.200000000000001,-28.65,-33.85,7.969744,-39.652139673995734,977.1
739,16.044894927536234,5.2,-28.725,-33.925,7.483784,-39.3938293103524,977.1
740,16.093,5.199999999999999,-28.8,-34.0,6.9978240000000005,-39.1148979690182,977.1
741,16.093,5.174999999999999,-28.925,-34.1,6.511864,-38.87327087973727,977.1
742,16.093,5.149999999999999,-29.05,-34.2,6.025904000000001,-38.60435530959249,977.1
743,16.093,5.124999999999998,-29.175,-34.3,5.539944,-38.30404097177508,977.1
744,16.093,5.099999999999998,-29.3,-34.4,5.053984,-37.967158314653716,977.1
745,16.093,5.136842105263158,-29.405263157894737,-34.54210526315789,5.463213473684211,-38.505155284604044,977.1631578947369
746,16.093,5.057894736842106,-29.53684210526316,-34.59473684210526,5.974750315789474,-39.14460553662721,977.242105263158
747,16.093,4.978947368421054,-29.66842105263158,-34.64736842105263,6.486287157894737,-39.75264762211781,977.3210526315788
748,16.093,4.900000000000002,-29.8,-34.7,6.9978240000000005,-40.33379077985472,977.4
749,16.093,4.900000000000001,-29.863157894736844,-34.76315789473684,6.4351334736842105,-39.94486695636036,977.4271186440676
750,16.093,4.9,-29.94210526315789,-34.8421052631579,6.946670315789474,-40.4659188467389,977.4610169491524
751,16.093,4.9,-30.02105263157895,-34.921052631578945,7.458207157894737,-40.96253127791809,977.4949152542372
752,16.093,4.899999999999999,-30.1,-35.0,7.969743999999999,-41.43774782156778,977.528813559322
753,16.093,4.824999999999999,-30.3,-35.125,7.240804,-41.13617423809137,977.5627118644068
754,16.093,4.75,-30.5,-35.25,6.511863999999999,-40.78225409953781,977.5966101694914
755,16.093,4.675000000000001,-30.7,-35.375,5.782924,-40.36491172925109,977.6305084745762
756,16.093,4.600000000000001,-30.9,-35.5,5.053984,-39.86889257551415,977.664406779661
757,16.093,4.550000000000001,-30.925,-35.475,5.053984,-39.8986071733401,977.6983050847456
758,16.093,4.5,-30.95,-35.45,5.053984,-39.92832177116605,977.7322033898304
759,16.093,4.449999999999999,-30.975,-35.425,5.053984,-39.95803636899199,977.7661016949152
760,16.093,4.399999999999999,-31.0,-35.4,5.053984,-39.98775096681794,977.8
761,16.093,4.399999999999999,-31.0,-35.4,6.025904000000001,-40.95365634697703,977.8
762,16.093,4.399999999999999,-31.0,-35.4,6.025904000000001,-40.95365634697703,977.8
763,16.093,4.399999999999999,-31.0,-35.4,6.025904000000001,-40.95365634697703,977.8
764,16.093,4.399999999999999,-31.0,-35.4,6.025904000000001,-40.95365634697703,977.8
765,16.093,4.378947368421051,-31.021052631578947,-35.4,6.2305187368421056,-41.16554872793277,977.86
766,16.093,4.352631578947366,-31.04736842105263,-35.4,6.486287157894737,-41.42349208515647,977.935
767,16.093,4.326315789473682,-31.07368421052632,-35.4,6.742055578947369,-41.67426053791628,978.01
768,16.093,4.299999999999997,-31.1,-35.4,6.9978240000000005,-41.91835143394221,978.085
769,16.093,4.278947368421051,-31.14210526315789,-35.421052631578945,6.58859452631579,-41.62679227734472,978.1
770,16.093,4.252631578947367,-31.194736842105264,-35.44736842105263,6.077057684210526,-41.235531721334134,978.1
771,16.093,4.226315789473683,-31.24736842105263,-35.473684210526315,5.565520842105263,-40.81003897603287,978.1
772,16.093,4.199999999999999,-31.3,-35.5,5.053984,-40.344326140729265,978.1
773,16.093,4.25,-31.275,-35.525,5.296964,-40.57099841327661,978.1
774,16.093,4.300000000000001,-31.25,-35.55,5.539944,-40.787764943043825,978.1
775,16.093,4.350000000000001,-31.225,-35.575,5.782924,-40.995405954084006,978.1
776,16.093,4.400000000000002,-31.2,-35.6,6.025904000000001,-41.19461029952928,978.1
777,16.093,4.300000000000002,-31.3,-35.6,6.268884000000001,-41.537048196438604,978.1
778,16.093,4.200000000000001,-31.4,-35.6,6.511864000000001,-41.873101653709554,978.1
779,16.093,4.1000000000000005,-31.5,-35.6,6.754844,-42.203217684780235,978.1
780,16.093,4.0,-31.6,-35.6,6.9978240000000005,-42.527797839360474,978.1
781,16.093,4.0,-31.575000000000003,-35.575,6.9978240000000005,-42.49732551908956,978.1
782,16.093,4.0,-31.55,-35.55,6.9978240000000005,-42.46685319881865,978.1
783,16.093,4.0,-31.525,-35.525,6.9978240000000005,-42.43638087854773,978.1
784,16.093,4.0,-31.5,-35.5,6.9978240000000005,-42.40590855827682,978.1
785,16.093,3.936842105263159,-31.5,-35.43684210526316,7.2024387368421054,-42.57206032590908,978.1
786,16.093,3.857894736842107,-31.5,-35.357894736842105,7.458207157894737,-42.774262655560406,978.1
787,16.093,3.778947368421055,-31.5,-35.27894736842106,7.713975578947368,-42.9707217465084,978.1
788,16.093,3.700000000000003,-31.5,-35.2,7.969743999999999,-43.161783274395965,978.1
789,16.093,3.72105263157895,-31.563157894736843,-35.28421052631579,6.58859452631579,-42.13759680061837,978.1
790,16.093,3.7473684210526335,-31.64210526315789,-35.38947368421053,6.077057684210526,-41.77486082362734,978.1
791,16.093,3.773684210526317,-31.72105263157895,-35.49473684210526,5.565520842105263,-41.37722829962205,978.1
792,16.093,3.8000000000000007,-31.8,-35.6,5.053984,-40.93861809724815,978.1
793,16.093,3.857894736842108,-31.84210526315789,-35.7,4.849369263157895,-40.762478963441794,978.1
794,16.093,3.805263157894739,-31.894736842105264,-35.7,4.593600842105263,-40.53029466770269,978.1
795,16.093,3.752631578947371,-31.94736842105263,-35.7,4.337832421052632,-40.283472354790064,978.1
796,16.093,3.700000000000003,-32.0,-35.7,4.082064,-40.02040089962387,978.1
797,16.093,3.650000000000002,-32.025,-35.675000000000004,4.325044,-40.35881621335527,978.1
798,16.093,3.6000000000000014,-32.05,-35.650000000000006,4.568023999999999,-40.68321845331721,978.1
799,16.093,3.5500000000000007,-32.075,-35.625,4.811004,-40.9949575326914,978.1
800,16.093,3.5,-32.1,-35.6,5.053984,-41.29519327115949,978.1
801,16.093,3.5250000000000004,-32.1,-35.625,5.296964,-41.55510834741096,978.1
802,16.093,3.5500000000000007,-32.1,-35.650000000000006,5.539944,-41.80519403970814,978.1
803,16.093,3.575000000000001,-32.1,-35.675000000000004,5.782924,-42.04622966213887,978.1
804,16.093,3.6000000000000014,-32.1,-35.7,6.025904000000001,-42.27890308601445,978.1
805,16.093,3.621052631578949,-32.142105263157895,-35.76315789473684,6.2305187368421056,-42.5196618756713,978.1
806,16.093,3.647368421052634,-32.194736842105264,-35.8421052631579,6.486287157894737,-42.81373671470772,978.1
807,16.093,3.6736842105263183,-32.24736842105263,-35.921052631578945,6.742055578947369,-43.100691097129854,978.1
808,16.093,3.700000000000003,-32.3,-36.0,6.9978240000000005,-43.381022806946035,978.1
809,16.093,3.763157894736844,-32.34210526315789,-36.10526315789474,6.793209263157896,-43.259677580056405,978.1
810,16.093,3.842105263157896,-32.39473684210526,-36.23684210526316,6.537440842105264,-43.10140281940127,978.1
811,16.093,3.921052631578948,-32.44736842105263,-36.36842105263158,6.281672421052632,-42.935309521544525,978.1
812,16.093,4.0,-32.5,-36.5,6.025904000000001,-42.76081099111896,978.1
813,16.093,3.9499999999999993,-32.5,-36.45,5.782924,-42.52660621439252,978.1
814,16.093,3.899999999999999,-32.5,-36.4,5.539944,-42.28398420284428,978.1
815,16.093,3.849999999999998,-32.5,-36.35,5.296964,-42.032252557900335,978.1
816,16.093,3.799999999999997,-32.5,-36.3,5.053984,-41.77062683637459,978.1
817,16.093,3.774999999999999,-32.45,-36.225,5.296964,-41.97260953158916,978.1
818,16.093,3.75,-32.4,-36.15,5.539944,-42.16428666206025,978.1
819,16.093,3.7250000000000014,-32.349999999999994,-36.075,5.782924,-42.3464650072974,978.1
820,16.093,3.700000000000003,-32.3,-36.0,6.025904000000001,-42.5198570385667,978.1
821,16.093,3.778947368421055,-32.27894736842105,-36.05789473684211,6.025904000000001,-42.49449346461384,978.1631578947369
822,16.093,3.7526315789473688,-32.252631578947366,-36.00526315789474,6.025904000000001,-42.462788997172744,978.242105263158
823,16.093,3.726315789473682,-32.22631578947369,-35.95263157894737,6.025904000000001,-42.43108452973166,978.3210526315788
824,16.093,3.699999999999996,-32.2,-35.9,6.025904000000001,-42.39938006229058,978.4
825,16.093,3.821052631578945,-32.26315789473684,-36.084210526315786,6.58859452631579,-42.986809320560795,978.4
826,16.093,3.8473684210526296,-32.3421052631579,-36.189473684210526,6.077057684210526,-42.61875224250968,978.4
827,16.093,3.873684210526314,-32.421052631578945,-36.29473684210526,5.565520842105263,-42.21540807781493,978.4
828,16.093,3.899999999999999,-32.5,-36.4,5.053984,-41.77062683637459,978.4
829,16.093,3.8749999999999982,-32.5,-36.375,4.811004,-41.498213189484716,978.4
830,16.093,3.849999999999998,-32.5,-36.35,4.568023999999999,-41.21398666026835,978.4
831,16.093,3.8249999999999975,-32.5,-36.325,4.325044,-40.91676375756305,978.4
832,16.093,3.799999999999997,-32.5,-36.3,4.082064,-40.60516737972822,978.4
833,16.093,3.724999999999998,-32.5,-36.225,4.082064,-40.60516737972822,978.4
834,16.093,3.649999999999999,-32.5,-36.15,4.082064,-40.60516737972822,978.4
835,16.093,3.575,-32.5,-36.075,4.082064,-40.60516737972822,978.4
836,16.093,3.5,-32.5,-36.0,4.082064,-40.60516737972822,978.4
837,16.093,3.563157894736843,-32.56315789473684,-36.126315789473686,4.082064,-40.679032619320346,978.4
838,16.093,3.6421052631578967,-32.642105263157895,-36.28421052631579,4.082064,-40.77136416881051,978.4
839,16.093,3.721052631578951,-32.72105263157894,-36.4421052631579,4.082064,-40.86369571830066,978.4
840,16.093,3.800000000000004,-32.8,-36.6,4.082064,-40.95602726779083,978.4
841,16.093,3.721052631578951,-32.71578947368421,-36.43684210526316,4.286678736842105,-41.12186026354871,978.4
842,16.093,3.7473684210526352,-32.61052631578947,-36.357894736842105,4.5424471578947365,-41.31364296115596,978.4
843,16.093,3.77368421052632,-32.50526315789474,-36.27894736842106,4.798215578947368,-41.489789033515905,978.4
844,16.093,3.800000000000004,-32.4,-36.2,5.053984,-41.65176844507082,978.4
845,16.093,3.800000000000004,-32.4,-36.2,4.811004,-41.37980009376865,978.4
846,16.093,3.800000000000004,-32.4,-36.2,4.568023999999999,-41.096038169834756,978.4
847,16.093,3.800000000000004,-32.4,-36.2,4.325044,-40.7993011166772,978.4
848,16.093,3.800000000000004,-32.4,-36.2,4.082064,-40.488214083707355,978.4
849,16.093,3.800000000000004,-32.375,-36.175,4.082064,-40.458975759702135,978.4
850,16.093,3.800000000000004,-32.349999999999994,-36.150000000000006,4.082064,-40.42973743569691,978.4
851,16.093,3.800000000000004,-32.325,-36.125,4.082064,-40.4004991116917,978.4
852,16.093,3.800000000000004,-32.3,-36.1,4.082064,-40.37126078768648,978.4
853,16.093,3.8210526315789504,-32.34210526315789,-36.16315789473684,2.91576,-38.667850210101506,978.4
854,16.093,3.847368421052633,-32.39473684210526,-36.242105263157896,2.91576,-38.72789281069379,978.4
855,16.093,3.873684210526316,-32.44736842105263,-36.321052631578944,2.91576,-38.78793541128606,978.4
856,16.093,3.899999999999999,-32.5,-36.4,2.91576,-38.847978011878325,978.4
857,16.093,3.957894736842106,-32.584210526315786,-36.54210526315789,4.082064,-40.70365436585105,978.4
858,16.093,3.9052631578947374,-32.689473684210526,-36.59473684210526,4.082064,-40.826763098504614,978.4
859,16.093,3.852631578947372,-32.79473684210526,-36.64736842105263,4.082064,-40.94987183115815,978.4
860,16.093,3.800000000000004,-32.9,-36.7,4.082064,-41.072980563811704,978.4
861,16.093,3.742105263157897,-32.757894736842104,-36.5,2.3019157894736844,0.0,978.4
862,16.093,3.794736842105264,-32.705263157894734,-36.5,1.5346105263157896,0.0,978.4
863,16.093,3.8473684210526313,-32.65263157894737,-36.5,0.7673052631578949,0.0,978.4
864,16.093,3.899999999999999,-32.6,-36.5,0.0,0.0,978.4
865,16.093,3.85,-32.525,-36.375,0.72894,0.0,978.325
866,16.093,3.8000000000000007,-32.45,-36.25,1.45788,0.0,978.25
867,16.093,3.7500000000000018,-32.375,-36.125,2.18682,0.0,978.175
868,16.093,3.700000000000003,-32.3,-36.0,2.91576,-38.61981612962769,978.1
869,16.093,3.7500000000000018,-32.474999999999994,-36.225,2.18682,0.0,978.025
870,16.093,3.8000000000000007,-32.65,-36.45,1.45788,0.0,977.95
871,16.093,3.85,-32.825,-36.675,0.7289400000000001,0.0,977.875
872,16.093,3.899999999999999,-33.0,-36.9,0.0,0.0,977.8
873,16.093,3.878947368421053,-33.00526315789474,-36.88421052631579,3.1612976842105263,-39.84145052726967,978.1
874,16.093,3.8526315789473697,-33.13684210526316,-36.98947368421052,3.468219789473684,-40.47812932371069,978.1
875,16.093,3.826315789473687,-33.26842105263158,-37.09473684210526,3.775141894736842,-41.08194469903512,978.1
876,16.093,3.800000000000004,-33.4,-37.2,4.082064,-41.657747043916046,978.1
877,16.093,3.899999999999999,-33.357894736842105,-37.2578947368421,3.836526315789474,-41.27273417309934,978.1
878,16.093,3.899999999999999,-33.305263157894736,-37.205263157894734,3.529604210526316,-40.76575472289231,978.1
879,16.093,3.899999999999999,-33.25263157894737,-37.15263157894737,3.222682105263158,-40.22572333433672,978.1
880,16.093,3.899999999999999,-33.2,-37.1,2.91576,-39.64654459975556,978.1
881,16.093,3.978947368421052,-33.1,-37.078947368421055,4.082064,-41.306887155853445,978.1
882,16.093,3.952631578947368,-33.1,-37.05263157894737,4.082064,-41.306887155853445,978.1
883,16.093,3.926315789473683,-33.1,-37.026315789473685,4.082064,-41.306887155853445,978.1
884,16.093,3.899999999999999,-33.1,-37.0,4.082064,-41.306887155853445,978.1
885,16.093,3.924999999999999,-33.075,-37.0,4.082064,-41.27764883184823,978.1
886,16.093,3.9499999999999993,-33.05,-37.0,4.082064,-41.248410507843005,978.1
887,16.093,3.975,-33.025,-37.0,4.082064,-41.219172183837784,978.1
888,16.093,4.0,-33.0,-37.0,4.082064,-41.18993385983258,978.1
889,16.093,4.0,-33.21052631578947,-37.21052631578947,5.053984,-42.61514698511196,978.1631578947369
890,16.093,4.0,-33.473684210526315,-37.47368421052632,5.053984,-42.927932225385064,978.242105263158
891,16.093,4.0,-33.73684210526316,-37.73684210526316,5.053984,-43.240717465658165,978.3210526315788
892,16.093,4.0,-34.0,-38.0,5.053984,-43.55350270593126,978.4
893,16.093,3.978947368421052,-34.0,-37.97894736842105,5.821289263157895,-44.36646099406989,978.4
894,16.093,3.952631578947368,-34.0,-37.95263157894737,5.565520842105263,-44.106039156445505,978.4
895,16.093,3.926315789473683,-34.0,-37.92631578947368,5.309752421052632,-43.83536248196465,978.4
896,16.093,3.899999999999999,-34.0,-37.9,5.053984,-43.55350270593126,978.4
897,16.093,3.9578947368421047,-33.60526315789473,-37.56315789473684,6.025904000000001,-44.092398623644605,978.3368421052631
898,16.093,3.905263157894736,-33.23684210526316,-37.142105263157895,6.025904000000001,-43.648536079469395,978.257894736842
899,16.093,3.852631578947366,-32.868421052631575,-36.72105263157894,6.025904000000001,-43.20467353529418,978.1789473684212
900,16.093,3.799999999999997,-32.5,-36.3,6.025904000000001,-42.76081099111896,978.1
901,16.093,3.8749999999999982,-32.6,-36.475,4.519428,-41.273475903070135,978.025
902,16.093,3.9499999999999993,-32.7,-36.65,3.0129520000000003,-39.2437973815896,977.95
903,16.093,4.025,-32.8,-36.825,1.506476,0.0,977.875
904,16.093,4.100000000000001,-32.9,-37.0,0.0,0.0,977.8
905,16.093,4.125000000000002,-33.025,-37.15,0.72894,0.0,977.7
906,16.093,4.150000000000002,-33.15,-37.3,1.45788,0.0,977.6
907,16.093,4.1750000000000025,-33.275,-37.45,2.18682,0.0,977.5
908,16.093,4.200000000000003,-33.4,-37.6,2.91576,-39.87470648200619,977.4
909,16.093,4.078947368421054,-33.53684210526316,-37.61578947368421,3.836526315789474,-41.48105043313211,977.48
910,16.093,4.052631578947369,-33.45789473684211,-37.51052631578948,3.529604210526316,-40.94233865695451,977.58
911,16.093,4.026315789473685,-33.37894736842105,-37.40526315789474,3.222682105263158,-40.37088445885855,977.68
912,16.093,4.0,-33.3,-37.3,2.91576,-39.760625540880866,977.78
913,16.093,4.100000000000001,-33.36315789473684,-37.46315789473684,2.3019157894736844,0.0,977.8
914,16.093,4.100000000000001,-33.44210526315789,-37.54210526315789,1.5346105263157896,0.0,977.8
915,16.093,4.100000000000001,-33.52105263157895,-37.62105263157895,0.7673052631578949,0.0,977.8
916,16.093,4.100000000000001,-33.6,-37.7,0.0,0.0,977.8
917,16.093,4.050000000000001,-33.625,-37.675,0.72894,0.0,977.7
918,16.093,4.0,-33.650000000000006,-37.650000000000006,1.45788,0.0,977.6
919,16.093,3.9499999999999993,-33.675000000000004,-37.625,2.18682,0.0,977.5
920,16.093,3.899999999999999,-33.7,-37.6,2.91576,-40.216949305382144,977.4
921,16.093,3.9499999999999975,-33.575,-37.525,3.450316,-40.95687683427974,977.575
922,16.093,3.999999999999997,-33.45,-37.45,3.984872,-41.58520435194376,977.75
923,16.093,4.049999999999995,-33.325,-37.375,4.519428,-42.127910784749204,977.925
924,16.093,4.099999999999994,-33.2,-37.3,5.053984,-42.60263557550104,978.1
925,16.093,4.1249999999999964,-33.525000000000006,-37.65,4.519428,-42.3636169590055,978.1
926,16.093,4.149999999999999,-33.85,-38.0,3.984872,-42.05217396315389,978.1
927,16.093,4.175000000000001,-34.175000000000004,-38.35,3.450316,-41.64986865687765,978.1
928,16.093,4.200000000000003,-34.5,-38.7,2.91576,-41.12959683438467,978.1
929,16.093,4.057894736842106,-34.10526315789473,-38.16315789473684,2.91576,-40.67927732994262,978.4
930,16.093,4.005263157894737,-33.73684210526316,-37.742105263157896,2.91576,-40.25897912579673,978.4
931,16.093,3.952631578947368,-33.368421052631575,-37.321052631578944,2.91576,-39.83868092165081,978.4
932,16.093,3.899999999999999,-33.0,-36.9,2.91576,-39.41838271750491,978.4
933,16.093,3.799999999999999,-32.625,-36.425,2.18682,0.0,978.4
934,16.093,3.6999999999999993,-32.25,-35.95,1.45788,0.0,978.4
935,16.093,3.6,-31.875,-35.475,0.7289400000000001,0.0,978.4
936,16.093,3.5,-31.5,-35.0,0.0,0.0,978.4
937,16.093,3.5,-31.375,-34.875,0.0,0.0,978.4
938,16.093,3.5,-31.25,-34.75,0.0,0.0,978.4
939,16.093,3.5,-31.125,-34.625,0.0,0.0,978.4
940,16.093,3.5,-31.0,-34.5,0.0,0.0,978.4
941,16.093,3.4210526315789465,-30.73157894736842,-34.152631578947364,2.91576,-36.830546631977974,978.4
942,16.093,3.447368421052631,-30.521052631578947,-33.96842105263158,2.91576,-36.59037622960889,978.4
943,16.093,3.4736842105263155,-30.31052631578948,-33.78421052631579,2.91576,-36.35020582723981,978.4
944,16.093,3.5,-30.1,-33.6,2.91576,-36.110035424870716,978.4
945,16.093,3.5631578947368414,-29.789473684210527,-33.35263157894737,2.91576,-35.75578408137631,978.4
946,16.093,3.642105263157893,-29.526315789473685,-33.16842105263158,2.91576,-35.45557107841495,978.4
947,16.093,3.7210526315789454,-29.26315789473684,-32.984210526315785,2.91576,-35.155358075453584,978.4
948,16.093,3.799999999999997,-29.0,-32.8,2.91576,-34.85514507249223,978.4
949,16.093,3.842105263157898,-28.75263157894737,-32.59473684210526,2.91576,-34.57294484970855,978.4
950,16.093,3.8947368421052673,-28.56842105263157,-32.463157894736845,2.91576,-34.36279574763558,978.4
951,16.093,3.9473684210526354,-28.384210526315787,-32.33157894736842,2.91576,-34.15264664556264,978.4
952,16.093,4.000000000000004,-28.2,-32.2,2.91576,-33.942497543489694,978.4
953,16.093,4.200000000000003,-27.95,-32.150000000000006,3.450316,-34.46007849742432,978.475
954,16.093,4.400000000000002,-27.7,-32.1,3.984872,-34.872516190798144,978.55
955,16.093,4.600000000000001,-27.45,-32.05,4.519428,-35.20404191597059,978.625
956,16.093,4.800000000000001,-27.2,-32.0,5.053984,-35.47113209727439,978.7
957,16.093,4.925000000000001,-27.025,-31.95,5.296964,-35.50134117682696,978.625
958,16.093,5.050000000000001,-26.85,-31.9,5.539944,-35.52107314854625,978.55
959,16.093,5.175000000000001,-26.675,-31.85,5.782924,-35.53112267219872,978.475
960,16.093,5.300000000000001,-26.5,-31.8,6.025904000000001,-35.53219241455119,978.4
961,16.093,5.325000000000001,-26.3,-31.625,5.782924,-35.080769654460916,978.475
962,16.093,5.350000000000001,-26.1,-31.450000000000003,5.539944,-34.62334159266597,978.55
963,16.093,5.375000000000002,-25.9,-31.275,5.296964,-34.15937308482558,978.625
964,16.093,5.400000000000002,-25.7,-31.1,5.053984,-33.68825622771772,978.7
965,16.093,5.378947368421051,-25.494736842105265,-30.87368421052632,5.258598736842106,-33.639973206371664,978.6368421052632
966,16.093,5.352631578947366,-25.363157894736844,-30.71578947368421,5.514367157894737,-33.71834318169583,978.5578947368422
967,16.093,5.326315789473682,-25.231578947368423,-30.557894736842105,5.770135578947369,-33.78659613825599,978.478947368421
968,16.093,5.299999999999997,-25.1,-30.4,6.025904000000001,-33.84551474668538,978.4
969,16.093,5.194736842105261,-25.01578947368421,-30.21052631578948,6.4351334736842105,-34.07502414920973,978.3368421052631
970,16.093,5.0631578947368405,-24.910526315789475,-29.973684210526315,6.946670315789474,-34.336489872335605,978.257894736842
971,16.093,4.931578947368421,-24.805263157894736,-29.73684210526316,7.458207157894737,-34.573115636482015,978.1789473684212
972,16.093,4.800000000000001,-24.7,-29.5,7.969743999999999,-34.787896789230516,978.1
973,14.0815,4.775,-24.7,-29.475,8.212724,-34.94471430575616,978.1
974,12.07,4.75,-24.7,-29.45,8.455703999999999,-35.097681822895126,978.1
975,10.0585,4.725,-24.7,-29.425,8.698684,-35.24700052207831,978.1
976,8.047,4.699999999999999,-24.7,-29.4,8.941664,-35.39285580550593,978.1
977,8.851500000000001,4.625,-24.625,-29.25,8.212724,-34.852134914932435,978.175
978,9.656,4.550000000000001,-24.55,-29.1,7.483784,-34.278014899423724,978.25
979,10.4605,4.475000000000001,-24.475,-28.95,6.754844,-33.664158036024155,978.325
980,11.265,4.400000000000002,-24.4,-28.8,6.025904000000001,-33.00217591275247,978.4
981,10.248578947368422,4.278947368421054,-24.294736842105262,-28.57368421052632,6.4351334736842105,-33.201877064975605,978.28
982,8.978052631578947,4.25263157894737,-24.16315789473684,-28.41578947368421,6.946670315789474,-33.42605167739285,978.13
983,7.707526315789474,4.226315789473687,-24.03157894736842,-28.257894736842108,7.458207157894737,-33.62534157059795,977.98
984,6.437,4.200000000000003,-23.9,-28.1,7.969743999999999,-33.802733673328696,977.83
985,6.0982631578947375,4.278947368421053,-23.73684210526316,-28.01578947368421,7.7651292631578945,-33.469048719492854,977.715789473684
986,5.674842105263158,4.252631578947368,-23.657894736842103,-27.910526315789475,7.509360842105263,-33.20213401026023,977.6105263157896
987,5.25142105263158,4.226315789473684,-23.57894736842105,-27.805263157894736,7.253592421052632,-32.93080700385062,977.5052631578948
988,4.828,4.199999999999999,-23.5,-27.7,6.9978240000000005,-32.654766071584625,977.4
989,5.166736842105263,4.157894736842104,-23.394736842105264,-27.552631578947366,6.2305187368421056,-31.953764920077717,977.4
990,5.590157894736842,4.105263157894736,-23.26315789473684,-27.36842105263158,6.486287157894737,-31.991511318613803,977.4
991,6.013578947368421,4.052631578947368,-23.13157894736842,-27.184210526315788,6.742055578947369,-32.02186720225131,977.4
992,6.437,4.0,-23.0,-27.0,6.9978240000000005,-32.045319666166364,977.4
993,6.8395,4.025,-22.925,-26.95,6.9978240000000005,-31.95390270535362,977.3285714285714
994,7.242000000000001,4.050000000000001,-22.85,-26.9,6.9978240000000005,-31.86248574454089,977.2571428571428
995,7.644500000000001,4.075000000000001,-22.775,-26.85,6.9978240000000005,-31.771068783728147,977.1857142857144
996,8.047,4.100000000000001,-22.7,-26.8,6.9978240000000005,-31.679651822915403,977.1142857142858
997,7.708052631578948,3.9578947368421056,-22.63684210526316,-26.594736842105263,6.9978240000000005,-31.6026691190731,977.0368421052632
998,7.284368421052632,3.905263157894737,-22.557894736842105,-26.46315789473684,6.9978240000000005,-31.50644073927021,976.957894736842
999,6.860684210526316,3.852631578947369,-22.47894736842105,-26.33157894736842,6.9978240000000005,-31.410212359467327,976.878947368421
1000,6.437,3.8000000000000007,-22.4,-26.2,6.9978240000000005,-31.31398397966445,976.8
1001,6.437,3.721052631578949,-22.336842105263155,-26.057894736842105,6.793209263157896,-31.092646851108782,976.715789473684
1002,6.437,3.747368421052632,-22.257894736842104,-26.00526315789474,6.537440842105264,-30.81125873211539,976.6105263157896
1003,6.437,3.7736842105263135,-22.178947368421053,-25.95263157894737,6.281672421052632,-30.524259002312263,976.5052631578948
1004,6.437,3.799999999999997,-22.1,-25.9,6.025904000000001,-30.231205458401497,976.4
1005,6.0982631578947375,3.6999999999999993,-22.07894736842105,-25.77894736842105,6.2305187368421056,-30.364430239633432,976.3368421052631
1006,5.674842105263158,3.6999999999999993,-22.05263157894737,-25.75263157894737,6.486287157894737,-30.524739461747814,976.257894736842
1007,5.25142105263158,3.6999999999999993,-22.026315789473685,-25.726315789473684,6.742055578947369,-30.678591787745248,976.1789473684212
1008,4.828,3.6999999999999993,-22.0,-25.7,6.9978240000000005,-30.826426855329842,976.1
1009,5.23025,3.675,-22.0,-25.675,7.240804000000001,-30.99221083118848,976.1
1010,5.6325,3.65,-22.0,-25.65,7.483784,-31.1533857382577,976.1
1011,6.034750000000001,3.625000000000001,-22.0,-25.625,7.726763999999999,-31.31022329819843,976.1
1012,6.437,3.6000000000000014,-22.0,-25.6,7.969743999999999,-31.462971273061882,976.1
1013,6.437,3.621052631578949,-22.0,-25.621052631578948,7.7651292631578945,-31.334607232072376,976.1
1014,6.437,3.647368421052632,-22.0,-25.64736842105264,7.509360842105263,-31.170094721764478,976.1
1015,6.437,3.673684210526316,-22.0,-25.673684210526314,7.253592421052632,-31.000806141916257,976.1
1016,6.437,3.6999999999999993,-22.0,-25.7,6.9978240000000005,-30.826426855329842,976.1
1017,6.775947368421053,3.642105263157896,-21.957894736842107,-25.6,7.40705347368421,-31.05141777165769,975.7368421052632
1018,7.199631578947368,3.694736842105264,-21.905263157894737,-25.6,7.918590315789474,-31.314537581570768,975.657894736842
1019,7.623315789473684,3.747368421052633,-21.85263157894737,-25.6,8.430127157894736,-31.55967618783926,975.578947368421
1020,8.047,3.8000000000000007,-21.8,-25.6,8.941664,-31.788771105729147,975.5
1021,8.851500000000001,3.75,-21.75,-25.5,8.698684,-31.588837615304065,975.4
1022,9.656,3.6999999999999993,-21.700000000000003,-25.4,8.455703999999999,-31.385908631330683,975.3
1023,10.4605,3.649999999999999,-21.65,-25.3,8.212724,-31.179819078924716,975.2
1024,11.265,3.599999999999998,-21.6,-25.2,7.969743999999999,-30.97038971511097,975.1
1025,12.472,3.6249999999999982,-21.65,-25.275,7.726763999999999,-30.880269409371103,975.0875
1026,13.679,3.649999999999999,-21.700000000000003,-25.35,7.483784,-30.785782307532287,975.075
1027,14.886,3.674999999999999,-21.75,-25.425,7.240804000000001,-30.686669764715496,975.0625
1028,16.093,3.6999999999999993,-21.8,-25.5,6.9978240000000005,-30.582648293162535,975.05
1029,16.093,3.675,-21.85,-25.525,6.9978240000000005,-30.64359293370436,975.0375
1030,16.093,3.65,-21.9,-25.55,6.9978240000000005,-30.70453757424618,975.025
1031,16.093,3.625000000000001,-21.95,-25.575000000000003,6.9978240000000005,-30.765482214788012,975.0125
1032,16.093,3.6000000000000014,-22.0,-25.6,6.9978240000000005,-30.826426855329842,975.0
1033,16.093,3.575000000000001,-22.0,-25.575000000000003,6.9978240000000005,-30.826426855329842,974.9875
1034,16.093,3.5500000000000007,-22.0,-25.55,6.9978240000000005,-30.826426855329842,974.975
1035,16.093,3.5250000000000004,-22.0,-25.525,6.9978240000000005,-30.826426855329842,974.9625
1036,16.093,3.5,-22.0,-25.5,6.9978240000000005,-30.826426855329842,974.95
1037,13.551947368421052,3.4368421052631577,-22.0,-25.43684210526316,6.9978240000000005,-30.826426855329842,974.9375
1038,10.375631578947369,3.357894736842105,-22.0,-25.357894736842105,6.9978240000000005,-30.826426855329842,974.925
1039,7.199315789473683,3.278947368421052,-22.0,-25.27894736842105,6.9978240000000005,-30.826426855329842,974.9125
1040,4.023,3.2,-22.0,-25.2,6.9978240000000005,-30.826426855329842,974.9
1041,4.870157894736842,3.221052631578947,-22.0,-25.221052631578942,6.025904000000001,-30.110728482125367,974.8875
1042,5.929105263157895,3.247368421052632,-22.0,-25.24736842105263,6.025904000000001,-30.110728482125367,974.875
1043,6.988052631578948,3.273684210526316,-22.0,-25.27368421052632,6.025904000000001,-30.110728482125367,974.8625
1044,8.047,3.3000000000000007,-22.0,-25.3,6.025904000000001,-30.110728482125367,974.85
1045,8.851500000000001,3.3000000000000007,-21.95,-25.25,6.268884000000001,-30.23784811391485,974.8375
1046,9.656,3.3000000000000007,-21.9,-25.200000000000003,6.511864000000001,-30.35859969300786,974.825
1047,10.4605,3.3000000000000007,-21.85,-25.15,6.754844,-30.473406209976506,974.8125
1048,11.265,3.3000000000000007,-21.8,-25.1,6.9978240000000005,-30.582648293162535,974.8
1049,10.4605,3.3000000000000007,-21.8,-25.1,7.240804000000001,-30.7477779780101,974.875
1050,9.656,3.3000000000000007,-21.8,-25.1,7.483784,-30.908316784440757,974.95
1051,8.851500000000001,3.3000000000000007,-21.8,-25.1,7.726763999999999,-31.06453536172567,975.025
1052,8.047,3.3000000000000007,-21.8,-25.1,7.969743999999999,-31.216680494086425,975.1
1053,8.047,3.278947368421053,-21.757894736842108,-25.03684210526316,6.2305187368421056,-29.97663257760503,975.04
1054,8.047,3.2526315789473683,-21.705263157894738,-24.957894736842107,6.486287157894737,-30.103839711516695,974.965
1055,8.047,3.226315789473684,-21.65263157894737,-24.87894736842105,6.742055578947369,-30.224436766650346,974.89
1056,8.047,3.2,-21.6,-24.8,6.9978240000000005,-30.338869730995228,974.815
1057,8.724473684210526,3.2578947368421063,-21.5,-24.757894736842108,6.793209263157896,-30.074994096820163,974.9473684210526
1058,9.571315789473685,3.2052631578947377,-21.5,-24.705263157894738,6.537440842105264,-29.892369454561308,975.1315789473684
1059,10.418157894736844,3.1526315789473696,-21.5,-24.65263157894737,6.281672421052632,-29.703641105346108,975.3157894736842
1060,11.265,3.1000000000000014,-21.5,-24.6,6.025904000000001,-29.508343600744716,975.5
1061,11.265,3.125000000000001,-21.425,-24.55,6.268884000000001,-29.603401050457634,975.575
1062,11.265,3.1500000000000004,-21.35,-24.5,6.511864000000001,-29.69197063212513,975.65
1063,11.265,3.175,-21.275,-24.45,6.754844,-29.774479619508924,975.725
1064,11.265,3.2,-21.2,-24.4,6.9978240000000005,-29.851312606660617,975.8
1065,11.265,3.2,-21.175,-24.375,7.240804000000001,-29.98392531182765,975.725
1066,11.265,3.2,-21.15,-24.35,7.483784,-30.11184268453569,975.65
1067,11.265,3.2,-21.125,-24.325,7.726763999999999,-30.23533857613011,975.575
1068,11.265,3.2,-21.1,-24.3,7.969743999999999,-30.354662767672334,975.5
1069,11.265,3.2,-21.075000000000003,-24.275,7.726763999999999,-30.17391659201192,975.65
1070,11.265,3.2,-21.05,-24.25,7.483784,-29.989308207627218,975.8
1071,11.265,3.2,-21.025,-24.225,7.240804000000001,-29.80060067194386,975.95
1072,11.265,3.2,-21.0,-24.2,6.9978240000000005,-29.607534044493313,976.1
1073,11.265,3.1789473684210523,-21.0,-24.178947368421053,6.2305187368421056,-29.061175801669123,976.1
1074,11.265,3.1526315789473687,-21.0,-24.152631578947368,6.486287157894737,-29.24928567316868,976.1
1075,11.265,3.126315789473685,-21.0,-24.126315789473686,6.742055578947369,-29.431264617132477,976.1
1076,11.265,3.1000000000000014,-21.0,-24.1,6.9978240000000005,-29.607534044493313,976.1
1077,15.076578947368422,3.1000000000000014,-21.0,-24.1,7.2024387368421054,-29.744694253262004,976.0368421052632
1078,13.806052631578948,3.1000000000000014,-21.0,-24.1,7.458207157894737,-29.911614618562453,975.957894736842
1079,12.535526315789474,3.1000000000000014,-21.0,-24.1,7.713975578947368,-30.073793873787558,975.878947368421
1080,11.265,3.1000000000000014,-21.0,-24.1,7.969743999999999,-30.231517378184606,975.8
1081,12.472,3.1000000000000005,-20.95,-24.05,8.212724,-30.315744764569956,975.725
1082,13.679,3.1,-20.9,-24.0,8.455703999999999,-30.39610244691349,975.65
1083,14.886,3.0999999999999988,-20.85,-23.95,8.698684,-30.47278791493227,975.575
1084,16.093,3.099999999999998,-20.8,-23.9,8.941664,-30.545983278219907,975.5
1085,16.093,3.0749999999999984,-20.775,-23.85,9.184644,-30.64699331700401,975.5
1086,16.093,3.049999999999999,-20.75,-23.8,9.427624,-30.74496806839923,975.5
1087,16.093,3.0249999999999995,-20.725,-23.75,9.670604,-30.840048026315525,975.5
1088,16.093,3.0,-20.7,-23.7,9.913584,-30.932363802166805,975.5
1089,16.093,3.0,-20.678947368421053,-23.678947368421053,8.327819789473685,-30.04859129051055,975.5
1090,16.093,3.0,-20.652631578947368,-23.652631578947368,7.56051452631579,-29.55104995647964,975.5
1091,16.093,3.0,-20.626315789473686,-23.626315789473686,6.793209263157895,-29.012539020015687,975.5
1092,16.093,3.0,-20.6,-23.6,6.025904000000001,-28.42405081425955,975.5
1093,16.093,3.0,-20.57894736842105,-23.57894736842105,6.2305187368421056,-28.552588703926947,975.5
1094,16.093,3.0,-20.55263157894737,-23.55263157894737,6.486287157894737,-28.707217813022552,975.5
1095,16.093,3.0,-20.526315789473685,-23.526315789473685,6.742055578947369,-28.85557515377274,975.5
1096,16.093,3.0,-20.5,-23.5,6.9978240000000005,-28.998087639075052,975.5
1097,16.093,3.021052631578948,-20.478947368421053,-23.5,6.793209263157896,-28.833329729952286,975.4157894736842
1098,16.093,3.0473684210526324,-20.45263157894737,-23.5,6.537440842105264,-28.62251552238587,975.3105263157896
1099,16.093,3.073684210526317,-20.426315789473684,-23.5,6.281672421052632,-28.405919779911265,975.2052631578948
1100,16.093,3.1000000000000014,-20.4,-23.5,6.025904000000001,-28.183096861707288,975.1
1101,16.093,3.1000000000000014,-20.35,-23.45,5.782924,-27.93516843968784,975.2
1102,16.093,3.1000000000000014,-20.3,-23.4,5.539944,-27.680884227191882,975.3
1103,16.093,3.1000000000000014,-20.25,-23.35,5.296964,-27.41971111166311,975.4
1104,16.093,3.1000000000000014,-20.2,-23.3,5.053984,-27.151044706009962,975.5
1105,16.093,3.1000000000000005,-20.175,-23.275,5.053984,-27.121330108184022,975.5
1106,16.093,3.1,-20.15,-23.25,5.053984,-27.091615510358075,975.5
1107,16.093,3.0999999999999988,-20.125,-23.225,5.053984,-27.06190091253213,975.5
1108,16.093,3.099999999999998,-20.1,-23.2,5.053984,-27.032186314706188,975.5
1109,16.093,3.078947368421051,-20.1,-23.178947368421053,6.2305187368421056,-27.97407088024523,975.4157894736842
1110,16.093,3.052631578947368,-20.1,-23.152631578947368,6.486287157894737,-28.158772683933528,975.3105263157896
1111,16.093,3.026315789473684,-20.1,-23.126315789473686,6.742055578947369,-28.337454636748973,975.2052631578948
1112,16.093,3.0,-20.1,-23.1,6.9978240000000005,-28.510530514740445,975.1
1113,16.093,3.0,-20.07894736842105,-23.07894736842105,6.9978240000000005,-28.484869613459672,975.1
1114,16.093,3.0,-20.05263157894737,-23.05263157894737,6.9978240000000005,-28.452793486858713,975.1
1115,16.093,3.0,-20.026315789473685,-23.026315789473685,6.9978240000000005,-28.42071736025775,975.1
1116,16.093,3.0,-20.0,-23.0,6.9978240000000005,-28.38864123365679,975.1
1117,16.093,3.0,-20.0,-23.0,7.483784,-28.70269620008827,975.025
1118,16.093,3.0,-20.0,-23.0,7.969744,-29.000063483307336,974.95
1119,16.093,3.0,-20.0,-23.0,8.455703999999999,-29.28257048944416,974.875
1120,16.093,3.0,-20.0,-23.0,8.941664,-29.55175301621252,974.8
1121,16.093,2.9578947368421056,-19.957894736842107,-22.91578947368421,8.327819789473685,-29.1575446316167,974.5
1122,16.093,2.905263157894737,-19.905263157894737,-22.81052631578948,7.56051452631579,-28.63452880653648,974.5
1123,16.093,2.852631578947369,-19.85263157894737,-22.705263157894738,6.793209263157895,-28.071690247182808,974.5
1124,16.093,2.8000000000000007,-19.8,-22.6,6.025904000000001,-27.460235004050517,974.5
1125,16.093,2.8000000000000007,-19.77894736842105,-22.57894736842105,6.9978240000000005,-28.119201770208715,974.5
1126,16.093,2.8000000000000007,-19.75263157894737,-22.55263157894737,6.9978240000000005,-28.087125643607756,974.5
1127,16.093,2.8000000000000007,-19.726315789473684,-22.526315789473685,6.9978240000000005,-28.055049517006793,974.5
1128,16.093,2.8000000000000007,-19.7,-22.5,6.9978240000000005,-28.02297339040583,974.5
1129,16.093,2.825,-19.675,-22.5,6.754844,-27.82964041125131,974.575
1130,16.093,2.85,-19.65,-22.5,6.511864000000001,-27.63148080757851,974.65
1131,16.093,2.874999999999999,-19.625,-22.5,6.268884000000001,-27.42815397574718,974.725
1132,16.093,2.8999999999999986,-19.6,-22.5,6.025904000000001,-27.219281051498257,974.8
1133,16.093,2.8749999999999982,-19.6,-22.475,6.025904000000001,-27.219281051498257,974.875
1134,16.093,2.849999999999998,-19.6,-22.45,6.025904000000001,-27.219281051498257,974.95
1135,16.093,2.824999999999997,-19.6,-22.425,6.025904000000001,-27.219281051498257,975.025
1136,16.093,2.799999999999997,-19.6,-22.4,6.025904000000001,-27.219281051498257,975.1
1137,16.093,2.7749999999999977,-19.575000000000003,-22.35,6.025904000000001,-27.189161807429226,975.195238095238
1138,16.093,2.7499999999999982,-19.55,-22.3,6.025904000000001,-27.15904256336019,975.2904761904762
1139,16.093,2.7249999999999988,-19.525,-22.25,6.025904000000001,-27.128923319291154,975.3857142857142
1140,16.093,2.7,-19.5,-22.2,6.025904000000001,-27.098804075222127,975.4809523809524
1141,16.093,2.721052631578947,-19.457894736842107,-22.178947368421053,6.025904000000001,-27.048076927316387,975.4157894736842
1142,16.093,2.747368421052632,-19.405263157894737,-22.152631578947368,6.025904000000001,-26.984667992434215,975.3105263157896
1143,16.093,2.773684210526316,-19.35263157894737,-22.126315789473686,6.025904000000001,-26.921259057552042,975.2052631578948
1144,16.093,2.8000000000000007,-19.3,-22.1,6.025904000000001,-26.857850122669866,975.1
1145,16.093,2.72105263157895,-19.37894736842105,-22.1,6.025904000000001,-26.952963524993123,975.1842105263158
1146,16.093,2.747368421052633,-19.352631578947367,-22.1,6.025904000000001,-26.92125905755204,975.2894736842104
1147,16.093,2.773684210526317,-19.32631578947369,-22.1,6.025904000000001,-26.88955459011096,975.3947368421052
1148,16.093,2.8000000000000007,-19.3,-22.1,6.025904000000001,-26.857850122669866,975.5
1149,16.093,2.8000000000000007,-19.3,-22.1,6.025904000000001,-26.857850122669866,975.4
1150,16.093,2.8000000000000007,-19.3,-22.1,6.025904000000001,-26.857850122669866,975.3
1151,16.093,2.8000000000000007,-19.3,-22.1,6.025904000000001,-26.857850122669866,975.2
1152,16.093,2.8000000000000007,-19.3,-22.1,6.025904000000001,-26.857850122669866,975.1
1153,16.093,2.7750000000000004,-19.3,-22.075000000000003,5.539944,-26.48390881935152,975.1
1154,16.093,2.75,-19.3,-22.05,5.053984,-26.08131918427597,975.1
1155,16.093,2.725,-19.3,-22.025,4.568024,-25.64478592303516,975.1
1156,16.093,2.7,-19.3,-22.0,4.082064,-25.167332304973407,975.1
1157,16.093,2.7,-19.3,-22.0,4.325044,-25.41169516063098,975.1
1158,16.093,2.7,-19.3,-22.0,4.568023999999999,-25.64478592303516,975.1
1159,16.093,2.7,-19.3,-22.0,4.811004,-25.867684554962686,975.1
1160,16.093,2.7,-19.3,-22.0,5.053984,-26.08131918427597,975.1
1161,16.093,2.7,-19.3,-22.0,4.849369263157895,-25.902010255705527,975.1
1162,16.093,2.7,-19.3,-22.0,4.593600842105263,-25.668711655328252,975.1
1163,16.093,2.7,-19.3,-22.0,4.337832421052632,-25.424233942249764,975.1
1164,16.093,2.7,-19.3,-22.0,4.082064,-25.167332304973407,975.1
1165,16.093,2.721052631578947,-19.27894736842105,-22.0,4.849369263157895,-25.87706612023303,975.1
1166,16.093,2.747368421052632,-19.25263157894737,-22.0,4.593600842105263,-25.612817694980833,975.1
1167,16.093,2.773684210526316,-19.226315789473684,-22.0,4.337832421052632,-25.337663264856687,975.1
1168,16.093,2.8000000000000007,-19.2,-22.0,4.082064,-25.050379008952532,975.1
1169,16.093,2.7750000000000004,-19.15,-21.925,4.082064,-24.9919023609421,975.2
1170,16.093,2.75,-19.1,-21.85,4.082064,-24.933425712931665,975.3
1171,16.093,2.725,-19.05,-21.775,4.082064,-24.874949064921232,975.4
1172,16.093,2.7,-19.0,-21.7,4.082064,-24.81647241691079,975.5
1173,16.093,2.675,-19.0,-21.675,4.325044,-25.05930723797343,975.5
1174,16.093,2.6500000000000004,-19.0,-21.65,4.568023999999999,-25.290940451734404,975.5
1175,16.093,2.625000000000001,-19.0,-21.625,4.811004,-25.512445267814456,975.5
1176,16.093,2.6000000000000014,-19.0,-21.6,5.053984,-25.724744010364635,975.5
1177,16.093,2.625000000000001,-19.0,-21.625,5.053984,-25.724744010364635,975.575
1178,16.093,2.6500000000000004,-19.0,-21.65,5.053984,-25.724744010364635,975.65
1179,16.093,2.675,-19.0,-21.675,5.053984,-25.724744010364635,975.725
1180,16.093,2.7,-19.0,-21.7,5.053984,-25.724744010364635,975.8
1181,16.093,2.6789473684210523,-19.0,-21.678947368421053,4.491293473684211,-25.218934877401473,975.8
1182,16.093,2.6526315789473687,-19.0,-21.652631578947368,5.002830315789474,-25.680773331735175,975.8
1183,16.093,2.626315789473685,-19.0,-21.626315789473686,5.514367157894737,-26.10450988641718,975.8
1184,16.093,2.6000000000000014,-19.0,-21.6,6.025904000000001,-26.496419193841476,975.8
1185,16.093,2.6000000000000014,-19.0,-21.6,6.793209263157896,-27.03483649753025,975.7368421052632
1186,16.093,2.6000000000000014,-19.0,-21.6,6.537440842105264,-26.861311073740545,975.657894736842
1187,16.093,2.6000000000000014,-19.0,-21.6,6.281672421052632,-26.68198605837772,975.578947368421
1188,16.093,2.6000000000000014,-19.0,-21.6,6.025904000000001,-26.496419193841476,975.5
1189,16.093,2.575000000000001,-19.0,-21.575000000000003,5.539944,-26.124816196999408,975.5
1190,16.093,2.5500000000000007,-19.0,-21.55,5.053984,-25.724744010364635,975.5
1191,16.093,2.5250000000000004,-19.0,-21.525,4.568024,-25.290940451734404,975.5
1192,16.093,2.5,-19.0,-21.5,4.082064,-24.81647241691079,975.5
1193,16.093,2.5250000000000004,-19.0,-21.525,4.325044,-25.05930723797343,975.575
1194,16.093,2.5500000000000007,-19.0,-21.55,4.568023999999999,-25.290940451734404,975.65
1195,16.093,2.575000000000001,-19.0,-21.575000000000003,4.811004,-25.512445267814456,975.725
1196,16.093,2.6000000000000014,-19.0,-21.6,5.053984,-25.724744010364635,975.8
1197,16.093,2.6000000000000014,-19.0,-21.6,5.296964,-25.9286354538838,975.8
1198,16.093,2.6000000000000014,-19.0,-21.6,5.539944,-26.124816196999408,975.8
1199,16.093,2.6000000000000014,-19.0,-21.6,5.782924,-26.31389757583176,975.8
1200,16.093,2.6000000000000014,-19.0,-21.6,6.025904000000001,-26.496419193841476,975.8
1201,16.093,2.521052631578947,-18.957894736842107,-21.478947368421053,6.025904000000001,-26.445692045935743,975.8631578947368
1202,16.093,2.5473684210526306,-18.905263157894737,-21.45263157894737,6.025904000000001,-26.382283111053567,975.9421052631578
1203,16.093,2.5736842105263142,-18.85263157894737,-21.426315789473684,6.025904000000001,-26.318874176171395,976.021052631579
1204,16.093,2.599999999999998,-18.8,-21.4,6.025904000000001,-26.25546524128922,976.1
1205,16.093,2.599999999999998,-18.757894736842108,-21.357894736842105,5.821289263157895,-26.052237204093284,976.1631578947369
1206,16.093,2.599999999999998,-18.705263157894738,-21.305263157894736,5.565520842105263,-25.79212610811068,976.242105263158
1207,16.093,2.599999999999998,-18.65263157894737,-21.25263157894737,5.309752421052632,-25.524708637796017,976.3210526315788
1208,16.093,2.599999999999998,-18.6,-21.2,5.053984,-25.249310445149526,976.4
1209,16.093,2.521052631578948,-18.57894736842105,-21.1,5.258598736842106,-25.39499405925899,976.4
1210,16.093,2.5473684210526324,-18.55263157894737,-21.1,5.514367157894737,-25.569211433068393,976.4
1211,16.093,2.573684210526317,-18.526315789473685,-21.1,5.770135578947369,-25.735344144071433,976.4
1212,16.093,2.6000000000000014,-18.5,-21.1,6.025904000000001,-25.894034312460832,976.4
1213,16.093,2.6000000000000014,-18.5,-21.1,6.268884000000001,-26.068624554053144,976.325
1214,16.093,2.6000000000000014,-18.5,-21.1,6.511864000000001,-26.237620043914625,976.25
1215,16.093,2.6000000000000014,-18.5,-21.1,6.754844,-26.401399117687127,976.175
1216,16.093,2.6000000000000014,-18.5,-21.1,6.9978240000000005,-26.560302017402,976.1
1217,16.093,2.642105263157896,-18.43684210526316,-21.07894736842105,6.793209263157896,-26.350000996216526,976.1631578947369
1218,16.093,2.6947368421052644,-18.357894736842105,-21.05263157894737,6.537440842105264,-26.082807658035,976.242105263158
1219,16.093,2.747368421052633,-18.27894736842105,-21.026315789473685,6.281672421052632,-25.810477129041573,976.3210526315788
1220,16.093,2.8000000000000007,-18.2,-21.0,6.025904000000001,-25.53260338363244,976.4
1221,12.28142105263158,2.821052631578948,-18.157894736842103,-20.978947368421053,6.025904000000001,-25.481876235726702,976.48
1222,13.551947368421054,2.847368421052632,-18.105263157894736,-20.95263157894737,6.025904000000001,-25.41846730084453,976.58
1223,14.822473684210529,2.873684210526315,-18.05263157894737,-20.926315789473684,6.025904000000001,-25.355058365962357,976.68
1224,16.093,2.8999999999999986,-18.0,-20.9,6.025904000000001,-25.29164943108018,976.78
1225,16.093,2.878947368421052,-17.978947368421053,-20.857894736842105,6.2305187368421056,-25.41206337536905,976.8
1226,16.093,2.852631578947368,-17.95263157894737,-20.805263157894736,6.486287157894737,-25.556846955232103,976.8
1227,16.093,2.8263157894736843,-17.926315789473684,-20.75263157894737,6.742055578947369,-25.69567965488705,976.8
1228,16.093,2.8000000000000007,-17.9,-20.7,6.9978240000000005,-25.828966330900087,976.8
1229,16.093,2.825,-17.799999999999997,-20.625,6.754844,-25.55053196407442,976.8
1230,16.093,2.85,-17.7,-20.55,6.511864000000001,-25.26797777353974,976.8
1231,16.093,2.874999999999999,-17.6,-20.475,6.268884000000001,-24.98100101669792,976.8
1232,16.093,2.8999999999999986,-17.5,-20.4,6.025904000000001,-24.689264549699537,976.8
1233,16.093,2.999999999999999,-17.375,-20.375,6.025904000000001,-24.538668329354373,976.8
1234,16.093,3.1,-17.25,-20.35,6.025904000000001,-24.38807210900921,976.8
1235,16.093,3.2,-17.125,-20.325,6.025904000000001,-24.23747588866405,976.8
1236,16.093,3.3000000000000007,-17.0,-20.3,6.025904000000001,-24.086879668318886,976.8
1237,8.59249152542373,3.313559322033899,-16.91186440677966,-20.22542372881356,6.112296888888889,-24.04132740622746,976.8203389830508
1238,9.27435593220339,3.330508474576272,-16.801694915254238,-20.132203389830508,6.220288000000001,-23.983055621371108,976.8457627118644
1239,9.956220338983051,3.3474576271186445,-16.691525423728812,-20.03898305084746,6.328279111111112,-23.923344847611304,976.871186440678
1240,10.638084745762711,3.3644067796610173,-16.58135593220339,-19.945762711864408,6.436270222222223,-23.862236449129252,976.8966101694916
1241,11.319949152542373,3.38135593220339,-16.471186440677965,-19.85254237288136,6.544261333333334,-23.799769881656506,976.922033898305
1242,12.001813559322034,3.398305084745763,-16.361016949152543,-19.759322033898304,6.652252444444445,-23.735982811111498,976.9474576271186
1243,12.683677966101694,3.415254237288136,-16.250847457627117,-19.66610169491525,6.760243555555556,-23.670911223043937,976.972881355932
1244,13.365542372881356,3.4322033898305087,-16.140677966101695,-19.572881355932203,6.868234666666667,-23.604589523735108,976.9983050847458
1245,14.047406779661015,3.449152542372881,-16.03050847457627,-19.47966101694915,6.9762257777777785,-23.537050633711516,977.0237288135592
1246,14.729271186440675,3.4661016949152543,-15.920338983050849,-19.3864406779661,6.9978240000000005,-23.415971749447447,977.0491525423728
1247,15.41113559322034,3.483050847457627,-15.810169491525423,-19.29322033898305,6.9978240000000005,-23.281686948253586,977.0745762711864
1248,16.093,3.5,-15.7,-19.2,6.9978240000000005,-23.147402147059736,977.1
1249,14.886,3.5,-15.65,-19.15,7.726764,-23.509631315188347,977.175
1250,13.679,3.5,-15.6,-19.1,8.455704,-23.838636475149638,977.25
1251,12.472,3.5,-15.55,-19.05,9.184644,-24.139471329719765,977.325
1252,11.265,3.5,-15.5,-19.0,9.913584,-24.41608726668062,977.4
1253,9.65575,3.5000000000000004,-15.4,-18.9,9.670604,-24.180458006630147,977.325
1254,8.0465,3.500000000000001,-15.3,-18.8,9.427624,-23.942981278168105,977.25
1255,6.43725,3.5000000000000013,-15.2,-18.700000000000003,9.184644,-23.70356076597823,977.175
1256,4.828,3.5000000000000018,-15.1,-18.6,8.941664,-23.46209266141726,977.1
1257,7.64425,3.550000000000001,-15.025,-18.575000000000003,8.698684,-23.24946624308144,976.8619047619048
1258,10.4605,3.6000000000000005,-14.95,-18.55,8.455703999999999,-23.034418950310673,976.6238095238097
1259,13.27675,3.65,-14.875,-18.525,8.212724,-22.816814107848316,976.3857142857144
1260,16.093,3.6999999999999993,-14.8,-18.5,7.969743999999999,-22.59650322994552,976.1476190476192
1261,16.093,3.7421052631578937,-14.694736842105264,-18.43684210526316,8.53243452631579,-22.757219994532498,976.1
1262,16.093,3.7947368421052623,-14.563157894736843,-18.357894736842105,8.020897684210526,-22.33185518571826,976.1
1263,16.093,3.8473684210526304,-14.431578947368422,-18.27894736842105,7.509360842105263,-21.893674096821965,976.1
1264,16.093,3.899999999999999,-14.3,-18.2,6.9978240000000005,-21.4409522118886,976.1
1265,16.093,3.942105263157893,-14.194736842105264,-18.13684210526316,8.37897347368421,-22.06148956621739,975.9736842105264
1266,16.093,3.9947368421052616,-14.063157894736843,-18.057894736842105,8.890510315789474,-22.149154261032038,975.8157894736844
1267,16.093,4.04736842105263,-13.931578947368422,-17.97894736842105,9.402047157894737,-22.22349312904685,975.657894736842
1268,16.093,4.099999999999998,-13.8,-17.9,9.913584,-22.28576609161783,975.5
1269,16.093,4.124999999999998,-13.75,-17.875,9.913584,-22.223109586468926,975.5
1270,16.093,4.15,-13.7,-17.85,9.913584,-22.16045308132002,975.5
1271,16.093,4.175000000000001,-13.65,-17.825,9.913584,-22.097796576171113,975.5
1272,16.093,4.200000000000001,-13.6,-17.8,9.913584,-22.03514007102221,975.5
1273,16.093,4.275000000000001,-13.475,-17.75,9.670604,-21.773000581673458,975.325
1274,16.093,4.350000000000001,-13.35,-17.700000000000003,9.427624,-21.50924288533312,975.15
1275,16.093,4.425000000000002,-13.225,-17.650000000000002,9.184644,-21.243779727722462,974.975
1276,16.093,4.500000000000002,-13.1,-17.6,8.941664,-20.976517006398787,974.8
1277,16.093,4.521052631578949,-12.973684210526317,-17.494736842105265,9.50435452631579,-21.073441895524383,974.7368421052632
1278,16.093,4.547368421052633,-12.81578947368421,-17.363157894736844,8.992817684210527,-20.646842816732864,974.657894736842
1279,16.093,4.573684210526317,-12.657894736842104,-17.231578947368423,8.481280842105264,-20.210796154300432,974.578947368421
1280,16.093,4.600000000000001,-12.5,-17.1,7.969743999999999,-19.76415927172779,974.5
1281,16.093,4.600000000000001,-12.5,-17.1,7.969743999999999,-19.76415927172779,974.5
1282,16.093,4.600000000000001,-12.5,-17.1,7.969743999999999,-19.76415927172779,974.5
1283,16.093,4.600000000000001,-12.5,-17.1,7.969743999999999,-19.76415927172779,974.5
1284,16.093,4.600000000000001,-12.5,-17.1,7.969743999999999,-19.76415927172779,974.5
1285,16.093,4.5,-12.41578947368421,-16.91578947368421,7.40705347368421,-19.368542239533642,974.4368421052632
1286,16.093,4.500000000000001,-12.310526315789474,-16.810526315789474,7.918590315789474,-19.505087905517,974.357894736842
1287,16.093,4.500000000000001,-12.205263157894736,-16.705263157894738,8.430127157894736,-19.62627367582826,974.2789473684212
1288,16.093,4.500000000000002,-12.1,-16.6,8.941664,-19.733729178889547,974.2
1289,16.093,4.500000000000002,-12.075,-16.575000000000003,9.184644,-19.811502161143153,974.2
1290,16.093,4.500000000000001,-12.05,-16.55,9.427624,-19.886750623443127,974.2
1291,16.093,4.5,-12.025,-16.525,9.670604,-19.959591092745047,974.2
1292,16.093,4.5,-12.0,-16.5,9.913584,-20.03013190625723,974.2
1293,16.093,4.475,-12.025,-16.5,10.69112,-20.373926615719895,974.104761904762
1294,16.093,4.45,-12.05,-16.5,11.468656,-20.69955377822928,974.0095238095238
1295,16.093,4.425000000000001,-12.075,-16.5,12.246192,-21.009233620718355,973.9142857142856
1296,16.093,4.4,-12.1,-16.5,13.023728,-21.304795091057407,973.8190476190476
1297,16.093,4.378947368421053,-12.121052631578946,-16.5,13.023728,-21.3317701876935,973.7368421052632
1298,16.093,4.352631578947369,-12.147368421052631,-16.5,13.023728,-21.365489058488617,973.657894736842
1299,16.093,4.326315789473685,-12.173684210526314,-16.5,13.023728,-21.399207929283726,973.578947368421
1300,16.093,4.300000000000001,-12.2,-16.5,13.023728,-21.432926800078846,973.5
1301,16.093,4.257894736842106,-12.178947368421053,-16.436842105263157,11.847193263157896,-21.000658797774364,973.5
1302,16.093,4.205263157894737,-12.152631578947368,-16.357894736842105,11.591424842105264,-20.874702983430517,973.5
1303,16.093,4.152631578947369,-12.126315789473685,-16.27894736842105,11.335656421052631,-20.7471368963882,973.5
1304,16.093,4.1,-12.1,-16.2,11.079888,-20.617891429937348,973.5
1305,16.093,4.075,-12.1,-16.175,11.565848,-20.798574822847975,973.5
1306,16.093,4.050000000000001,-12.1,-16.15,12.051808,-20.972989804509247,973.5
1307,16.093,4.025000000000001,-12.1,-16.125,12.537768,-21.141593910666206,973.5
1308,16.093,4.000000000000002,-12.1,-16.1,13.023728,-21.304795091057407,973.5
1309,14.886,3.975000000000002,-12.125,-16.1,14.044244,-21.663744724284886,973.425
1310,13.679,3.950000000000002,-12.15,-16.1,15.06476,-22.003702006508462,973.35
1311,12.472,3.925000000000002,-12.175,-16.1,16.085276,-22.32698611481434,973.275
1312,11.265,3.900000000000002,-12.2,-16.1,17.105792,-22.635507811734296,973.2
1313,12.28142105263158,3.694736842105264,-12.2,-15.894736842105264,16.65563957894737,-22.515551105817117,973.2
1314,13.551947368421054,3.5631578947368427,-12.2,-15.763157894736842,16.092949052631578,-22.361714592022096,973.2
1315,14.822473684210529,3.431578947368422,-12.2,-15.63157894736842,15.530258526315787,-22.2032914491805,973.2
1316,16.093,3.3000000000000007,-12.2,-15.5,14.967568,-22.039971065276607,973.2
1317,15.076578947368422,3.052631578947369,-12.2,-15.25263157894737,15.939488,-22.318975654252206,973.14
1318,13.806052631578948,2.86842105263158,-12.2,-15.068421052631578,15.939488,-22.318975654252206,973.065
1319,12.535526315789474,2.68421052631579,-12.2,-14.884210526315789,15.939488,-22.318975654252206,972.99
1320,11.265,2.5,-12.2,-14.7,15.939488,-22.318975654252206,972.915
1321,11.265,2.378947368421053,-12.26315789473684,-14.642105263157896,15.530258526315787,-22.285407039301262,972.8157894736842
1322,11.265,2.352631578947369,-12.342105263157894,-14.694736842105264,15.018721684210526,-22.239274175391174,972.7105263157896
1323,11.265,2.326315789473685,-12.421052631578949,-14.747368421052633,14.507184842105264,-22.188241042854397,972.6052631578948
1324,11.265,2.3000000000000007,-12.5,-14.8,13.995648,-22.131997063547797,972.5
1325,12.472,2.3000000000000007,-12.55,-14.85,13.752668,-22.119446625391845,972.425
1326,13.679,2.3000000000000007,-12.6,-14.9,13.509688,-22.105556679075697,972.35
1327,14.886,2.3000000000000007,-12.65,-14.95,13.266708,-22.09028454701519,972.275
1328,16.093,2.3000000000000007,-12.7,-15.0,13.023728,-22.073585345186025,972.2
1329,16.093,2.3250000000000006,-12.7,-15.025,12.780748,-21.99144523111986,972.2
1330,16.093,2.3500000000000005,-12.7,-15.05,12.537768,-21.907982729780144,972.2
1331,16.093,2.3750000000000004,-12.7,-15.075,12.294788,-21.823150294406744,972.2
1332,16.093,2.4000000000000004,-12.7,-15.1,12.051808,-21.736897686885026,972.2
1333,16.093,2.4000000000000004,-12.7,-15.1,12.256422736842106,-21.80962720565214,972.1368421052632
1334,16.093,2.4000000000000004,-12.7,-15.1,12.512191157894735,-21.899118360662136,972.0578947368422
1335,16.093,2.4000000000000004,-12.7,-15.1,12.76795957894737,-21.987085840950535,971.978947368421
1336,16.093,2.4000000000000004,-12.7,-15.1,13.023728,-22.073585345186025,971.9
1337,16.093,2.421052631578948,-12.678947368421053,-15.1,13.023728,-22.046610248549936,971.9
1338,16.093,2.447368421052632,-12.652631578947368,-15.1,13.023728,-22.01289137775482,971.9
1339,16.093,2.473684210526316,-12.626315789473685,-15.1,13.023728,-21.979172506959706,971.9
1340,16.093,2.5,-12.6,-15.1,13.023728,-21.945453636164594,971.9
1341,16.093,2.5210526315789474,-12.578947368421051,-15.1,12.051808,-21.58277592114254,971.9
1342,16.093,2.5473684210526315,-12.552631578947368,-15.1,12.051808,-21.549271189459397,971.9
1343,16.093,2.573684210526316,-12.526315789473683,-15.1,12.051808,-21.515766457776245,971.9
1344,16.093,2.6,-12.5,-15.1,12.051808,-21.4822617260931,971.9
1345,16.093,2.6421052631578945,-12.43684210526316,-15.078947368421051,12.256422736842106,-21.47411731663607,971.8368421052631
1346,16.093,2.694736842105263,-12.357894736842104,-15.052631578947368,12.512191157894735,-21.46221557216416,971.757894736842
1347,16.093,2.747368421052632,-12.278947368421052,-15.026315789473683,12.76795957894737,-21.44846415086621,971.6789473684212
1348,16.093,2.8000000000000007,-12.2,-15.0,13.023728,-21.432926800078846,971.6
1349,16.093,2.821052631578948,-12.2,-15.021052631578948,13.43295747368421,-21.56676573669168,971.5157894736842
1350,16.093,2.847368421052632,-12.2,-15.047368421052632,13.944494315789472,-21.729329748852166,971.4105263157896
1351,16.093,2.8736842105263163,-12.2,-15.073684210526316,14.456031157894737,-21.886959296440292,971.3052631578948
1352,16.093,2.9000000000000004,-12.2,-15.1,14.967568,-22.039971065276607,971.2
1353,16.093,2.9250000000000003,-12.2,-15.125,14.481608,-21.89471706066534,971.2
1354,16.093,2.95,-12.2,-15.15,13.995648,-21.74530927237046,971.2
1355,16.093,2.975,-12.2,-15.175,13.509688,-21.591478303349255,971.2
1356,16.093,3.0,-12.2,-15.2,13.023728,-21.432926800078846,971.2
1357,16.093,2.95,-12.2,-15.15,13.509688,-21.591478303349255,971.125
1358,16.093,2.9000000000000004,-12.2,-15.1,13.995648,-21.74530927237046,971.05
1359,16.093,2.8500000000000005,-12.2,-15.05,14.481608,-21.89471706066534,970.975
1360,16.093,2.8000000000000007,-12.2,-15.0,14.967568,-22.039971065276607,970.9
1361,16.093,2.8000000000000007,-12.2,-15.0,14.762953263157897,-21.979301531647057,970.6631578947369
1362,16.093,2.8000000000000007,-12.2,-15.0,14.507184842105264,-21.90246332419228,970.742105263158
1363,16.093,2.8000000000000007,-12.2,-15.0,14.251416421052632,-21.824478621358274,970.8210526315788
1364,16.093,2.8000000000000007,-12.2,-15.0,13.995648,-21.74530927237046,970.9
1365,16.093,2.821052631578948,-12.073684210526316,-14.894736842105264,14.200262736842106,-21.645728848599404,970.84
1366,16.093,2.847368421052632,-11.91578947368421,-14.763157894736842,14.456031157894737,-21.519638600634252,970.765
1367,16.093,2.8736842105263163,-11.757894736842104,-14.63157894736842,14.71179957894737,-21.39180257928188,970.69
1368,16.093,2.9000000000000004,-11.6,-14.5,14.967568,-21.26227026894228,970.615
1369,16.093,2.8789473684210525,-11.557894736842105,-14.43684210526316,15.622335157894735,-21.394287533457977,970.5157894736842
1370,16.093,2.852631578947368,-11.505263157894737,-14.357894736842104,16.44079410526316,-21.54974702377419,970.4105263157896
1371,16.093,2.8263157894736834,-11.452631578947368,-14.278947368421052,17.25925305263158,-21.69545593088439,970.3052631578948
1372,16.093,2.799999999999999,-11.4,-14.2,18.077712,-21.832233762504508,970.2
1373,16.093,2.825,-11.45,-14.275,18.077712,-21.8980766951696,970.2
1374,16.093,2.85,-11.5,-14.35,18.077712,-21.9639196278347,970.2
1375,16.093,2.875,-11.55,-14.425,18.077712,-22.029762560499798,970.2
1376,16.093,2.9000000000000004,-11.6,-14.5,18.077712,-22.095605493164893,970.2
