idx,VIS_km,TD_SPREAD,TEMP_C,DEWP_C,WND_KT,WIND_CHILL,SLP_hPa
0,11.265,2.8000000000000007,-10.0,-12.8,5.053984,-15.027488793024663,1020.2
1,11.265,2.8000000000000007,-10.0,-12.8,5.053984,-15.027488793024663,1020.2
2,11.265,2.8000000000000007,-10.0,-12.8,5.053984,-15.027488793024663,1020.2
3,11.265,2.8000000000000007,-10.0,-12.8,5.053984,-15.027488793024663,1020.2
4,10.883842105263158,2.7052631578947377,-10.052631578947368,-12.757894736842106,5.002830315789473,-15.054327167002082,1015.4105263157896
5,8.978052631578947,2.2315789473684218,-10.31578947368421,-12.547368421052632,4.7470618947368415,-15.182288533612297,991.4631578947368
6,7.072263157894737,1.7578947368421056,-10.578947368421051,-12.33684210526316,4.491293473684211,-15.299148848853852,967.5157894736842
7,5.166473684210526,1.2842105263157897,-10.842105263157894,-12.126315789473685,4.235525052631579,-15.403803692885399,943.5684210526316
8,3.872125,1.0,-11.0,-12.0,4.325044,-15.662295967105512,929.2
9,3.4949375,1.0,-11.0,-12.0,4.932494,-16.128649093632298,929.2
10,3.11775,1.0,-11.0,-12.0,5.539944,-16.54901293427652,929.2
11,2.816,1.024,-10.984,-12.008,6.025904000000001,-16.838984775546933,932.876
12,2.816,1.144,-10.904,-12.048,6.025904000000001,-16.74260319452603,951.256
13,2.816,1.2639999999999998,-10.824,-12.088,6.025904000000001,-16.646221613505126,969.636
14,2.816,1.384,-10.744,-12.128,6.025904000000001,-16.549840032484223,988.016
15,2.816,1.5039999999999996,-10.664,-12.168,6.025904000000001,-16.45345845146332,1006.396
16,2.835190476190476,1.5714285714285712,-10.61904761904762,-12.19047619047619,5.979622095238096,-16.371044534074652,1016.7523809523808
17,2.931142857142857,1.4285714285714284,-10.714285714285714,-12.142857142857142,5.748212571428572,-16.341264849499524,995.0142857142856
18,3.027095238095238,1.2857142857142856,-10.80952380952381,-12.095238095238097,5.516803047619048,-16.30580434147755,973.2761904761904
19,3.123047619047619,1.1428571428571428,-10.904761904761903,-12.047619047619047,5.285393523809524,-16.264234387915455,951.5380952380953
20,3.219,1.0,-11.0,-12.0,5.053984,-16.216072706062437,929.8
21,3.528423076923077,1.0,-11.0,-12.0,4.642787076923077,-15.912639983226681,929.8
22,3.837846153846154,1.0,-11.0,-12.0,4.231590153846154,-15.585726774566702,929.8
23,4.147269230769231,1.0,-11.0,-12.0,3.820393230769231,-15.230944794592197,929.8
24,4.456692307692308,1.0,-11.0,-12.0,3.409196307692308,-14.842495059534084,929.8
25,4.766115384615385,1.0,-11.0,-12.0,2.9979993846153845,-14.412475361567925,929.8
26,5.323076923076924,1.0307692307692309,-11.03076923076923,-12.06153846153846,2.91576,-14.355677497973685,957.9846153846154
27,5.941923076923077,1.069230769230769,-11.069230769230767,-12.138461538461538,2.91576,-14.39955478302188,993.2153846153846
28,6.251307692307693,1.092307692307692,-11.092307692307692,-12.184615384615384,2.91576,-14.425881154050803,1014.376923076923
29,5.322846153846154,1.0538461538461537,-11.053846153846154,-12.107692307692307,2.91576,-14.382003869002606,979.2615384615384
30,4.394384615384615,1.015384615384615,-11.015384615384615,-12.03076923076923,2.91576,-14.338126583954406,944.146153846154
31,4.505879999999999,1.12,-11.0,-12.12,2.91576,-14.320575669935128,930.136
32,5.31068,1.32,-11.0,-12.32,2.91576,-14.320575669935128,930.196
33,6.11548,1.52,-11.0,-12.52,2.91576,-14.320575669935128,930.256
34,6.92028,1.72,-11.0,-12.72,2.91576,-14.320575669935128,930.316
35,7.72508,1.92,-11.0,-12.92,2.91576,-14.320575669935128,930.376
36,9.161153846153846,1.7692307692307692,-11.461538461538462,-13.23076923076923,4.306353230769231,-16.189052502882188,930.4923076923076
37,11.018076923076922,1.3846153846153846,-12.23076923076923,-13.615384615384617,6.624008615384615,-18.70506968101008,930.6461538461538
38,12.875,1.0,-13.0,-14.0,8.941664,-20.852238223647866,930.8
39,13.768888888888888,1.0555555555555554,-13.166666666666668,-14.222222222222223,8.401708444444443,-20.801580834552546,982.0777777777778
40,14.484,1.1099999999999997,-13.281666666666668,-14.391666666666667,7.904949333333333,-20.693340833830778,1023.1133333333332
41,14.484,1.1599999999999997,-13.19,-14.35,7.580976,-20.410344988511902,1023.18
42,14.484,1.21,-13.098333333333334,-14.308333333333334,7.257002666666667,-20.121885079886887,1023.2466666666668
43,14.484,1.26,-13.006666666666668,-14.266666666666667,6.933029333333333,-19.827483043965692,1023.3133333333334
44,14.484,1.31,-12.915,-14.225,6.609056,-19.52659523328592,1023.38
45,14.484,1.3600000000000003,-12.823333333333334,-14.183333333333334,6.285082666666666,-19.21859972323738,1023.4466666666668
46,14.484,1.4100000000000004,-12.731666666666667,-14.141666666666667,5.961109333333333,-18.902780365571218,1023.5133333333332
47,14.484,1.4600000000000004,-12.64,-14.1,5.637136,-18.578306528255595,1023.58
48,14.484,1.510000000000001,-12.548333333333334,-14.058333333333334,5.313162666666667,-18.244207031862132,1023.6466666666666
49,14.484,1.5600000000000007,-12.456666666666669,-14.016666666666667,4.989189333333333,-17.899336152397197,1023.7133333333334
50,14.484,1.6100000000000008,-12.365,-13.975,4.665216,-17.542328583704602,1023.78
51,14.484,1.660000000000001,-12.273333333333332,-13.933333333333334,4.341242666666666,-17.171538725472892,1023.8466666666668
52,14.510816666666669,1.700000000000001,-12.2,-13.9,4.098262666666667,-16.87784771817192,1023.9183333333332
53,14.6449,1.700000000000001,-12.2,-13.9,4.179256,-16.948145627697762,1024.01
54,14.778983333333333,1.700000000000001,-12.2,-13.9,4.260249333333333,-17.0173083169705,1024.1016666666667
55,14.913066666666667,1.700000000000001,-12.2,-13.9,4.341242666666666,-17.085375186460332,1024.1933333333334
56,15.04715,1.700000000000001,-12.2,-13.9,4.422236,-17.15238356496103,1024.285
57,15.181233333333331,1.700000000000001,-12.2,-13.9,4.5032293333333335,-17.21836885420121,1024.3766666666666
58,15.315316666666666,1.700000000000001,-12.2,-13.9,4.584222666666666,-17.28336466095914,1024.4683333333332
59,15.4494,1.700000000000001,-12.2,-13.9,4.665216,-17.347402917961368,1024.56
60,15.583483333333334,1.700000000000001,-12.2,-13.9,4.746209333333333,-17.41051399469417,1024.6516666666666
61,15.717566666666666,1.700000000000001,-12.2,-13.9,4.8272026666666665,-17.472726799126335,1024.743333333333
62,15.85165,1.700000000000001,-12.2,-13.9,4.908196,-17.534068871227646,1024.835
63,15.985733333333332,1.700000000000001,-12.2,-13.9,4.989189333333333,-17.594566469068507,1024.9266666666667
64,16.093,1.7183333333333344,-12.163333333333332,-13.881666666666668,5.037785333333333,-17.58689941838097,1025.0083333333334
65,16.093,1.810000000000001,-11.98,-13.79,4.956792,-17.30936568613434,1025.05
66,16.093,1.901666666666668,-11.796666666666669,-13.698333333333334,4.875798666666666,-17.03154907667018,1025.0916666666667
67,16.093,1.9933333333333343,-11.613333333333332,-13.606666666666667,4.794805333333333,-16.75343558747838,1025.1333333333334
68,16.093,2.085000000000001,-11.43,-13.515,4.713812,-16.47501046375257,1025.175
69,16.093,2.176666666666668,-11.246666666666666,-13.423333333333334,4.632818666666666,-16.196258145975737,1025.2166666666667
70,16.093,2.2683333333333344,-11.063333333333333,-13.331666666666669,4.551825333333333,-15.91716221291656,1025.2583333333334
71,16.093,2.3600000000000008,-10.88,-13.24,4.470832,-15.637705319547596,1025.3
72,16.093,2.4516666666666675,-10.696666666666664,-13.148333333333332,4.389838666666667,-15.357869129334677,1025.3416666666667
73,16.093,2.543333333333334,-10.513333333333334,-13.056666666666668,4.308845333333333,-15.077634240275948,1025.3833333333334
74,16.093,2.6350000000000007,-10.33,-12.965,4.227852,-14.796980103987405,1025.425
75,16.093,2.7266666666666675,-10.146666666666668,-12.873333333333337,4.146858666666667,-14.51588493703804,1025.4666666666667
76,16.093,2.7983333333333342,-10.01,-12.808333333333334,4.098262666666667,-14.315809775494316,1025.513333333333
77,16.093,2.790000000000001,-10.06,-12.85,4.179256,-14.440921355514377,1025.58
78,16.093,2.781666666666668,-10.11,-12.891666666666667,4.260249333333333,-14.565127738302323,1025.6466666666668
79,16.093,2.7733333333333343,-10.16,-12.933333333333334,4.341242666666666,-14.688462192110855,1025.7133333333334
80,16.093,2.765000000000001,-10.21,-12.975,4.422236,-14.810956207154424,1025.78
81,16.093,2.756666666666668,-10.26,-13.016666666666667,4.5032293333333335,-14.932639620686674,1025.8466666666666
82,16.093,2.7483333333333344,-10.31,-13.058333333333334,4.584222666666666,-15.053540731220512,1025.9133333333334
83,16.093,2.740000000000001,-10.36,-13.1,4.665216,-15.173686403006508,1025.98
84,16.093,2.731666666666668,-10.41,-13.141666666666667,4.746209333333333,-15.293102161753195,1026.0466666666666
85,16.093,2.7233333333333345,-10.46,-13.183333333333334,4.8272026666666665,-15.411812282458829,1026.1133333333332
86,16.093,2.715000000000001,-10.51,-13.225,4.908196,-15.529839870124654,1026.18
87,16.093,2.706666666666668,-10.56,-13.266666666666667,4.989189333333333,-15.647206934033278,1026.246666666667
88,16.093,2.672000000000001,-10.616,-13.288,5.053984,-15.75965648345593,1022.616
89,16.093,2.532000000000001,-10.696,-13.228,5.053984,-15.854743196498951,1004.196
90,16.093,2.392000000000001,-10.776,-13.168,5.053984,-15.949829909541975,985.776
91,16.093,2.2520000000000007,-10.856,-13.108,5.053984,-16.044916622584996,967.356
92,16.093,2.112,-10.936,-13.048,5.053984,-16.140003335628016,948.936
93,16.093,2.0,-11.0,-13.0,5.105137684210527,-16.252355323501856,934.2
94,16.093,2.0,-11.0,-13.0,5.360906105263158,-16.429315051982833,934.2
95,16.093,2.0,-11.0,-13.0,5.61667452631579,-16.599319437422626,934.2
96,16.093,2.0,-11.0,-13.0,5.872442947368421,-16.762940649669698,934.2
97,16.093,2.0875000000000004,-10.95,-13.0375,6.025904000000001,-16.79802260361305,945.75
98,16.093,2.3062500000000004,-10.825,-13.13125,6.025904000000001,-16.647426383267888,974.625
99,16.093,2.525000000000001,-10.7,-13.225,6.025904000000001,-16.496830162922727,1003.5
100,16.093,2.7016666666666675,-10.59,-13.291666666666668,6.0583013333333335,-16.383962327537517,1026.6016666666667
101,16.093,2.710000000000001,-10.54,-13.25,6.220288000000001,-16.420555015534166,1026.61
102,16.093,2.718333333333334,-10.49,-13.208333333333334,6.382274666666667,-16.454807337315827,1026.618333333333
103,16.093,2.7266666666666675,-10.44,-13.166666666666668,6.544261333333334,-16.486823934865065,1026.6266666666666
104,16.093,2.7350000000000008,-10.39,-13.125,6.706248,-16.516702240628494,1026.635
105,16.093,2.743333333333334,-10.34,-13.083333333333334,6.868234666666667,-16.5445331365066,1026.6433333333332
106,16.093,2.751666666666668,-10.29,-13.041666666666668,7.030221333333333,-16.570401538544456,1026.6516666666666
107,16.093,2.7600000000000007,-10.24,-13.0,7.192208,-16.5943869172105,1026.66
108,16.093,2.768333333333334,-10.19,-12.958333333333334,7.354194666666666,-16.616563761643047,1026.6683333333333
109,16.093,2.776666666666668,-10.14,-12.916666666666668,7.516181333333333,-16.637001994994343,1026.6766666666667
110,16.093,2.7850000000000006,-10.09,-12.875,7.678167999999999,-16.655767346961643,1026.685
111,16.093,2.793333333333334,-10.04,-12.833333333333334,7.840154666666667,-16.672921688724607,1026.6933333333334
112,16.093,2.8000000000000007,-10.0,-12.8,8.002141333333332,-16.70084183415002,1026.7050000000002
113,16.093,2.8000000000000007,-10.0,-12.8,8.164128,-16.776655926192756,1026.73
114,16.093,2.8000000000000007,-10.0,-12.8,8.326114666666665,-16.851216805710177,1026.755
115,16.093,2.8000000000000007,-10.0,-12.8,8.488101333333333,-16.92456897581185,1026.78
116,16.093,2.8000000000000007,-10.0,-12.8,8.650088,-16.99675454645852,1026.805
117,16.093,2.8000000000000007,-10.0,-12.8,8.812074666666666,-17.067813405239335,1026.83
118,16.093,2.8000000000000007,-10.0,-12.8,8.974061333333333,-17.137783373068434,1026.855
119,16.093,2.8000000000000007,-10.0,-12.8,9.136048,-17.206700346378888,1026.88
120,16.093,2.8000000000000007,-10.0,-12.8,9.298034666666666,-17.27459842720218,1026.905
121,16.093,2.8000000000000007,-10.0,-12.8,9.460021333333334,-17.3415100423571,1026.93
122,16.093,2.8000000000000007,-10.0,-12.8,9.622008,-17.407466052829466,1026.955
123,16.093,2.8000000000000007,-10.0,-12.8,9.783994666666668,-17.472495854300572,1026.98
124,16.093,2.836666666666668,-10.01,-12.846666666666668,9.965419733333334,-17.556800761637714,1027.013333333333
125,16.093,3.0200000000000005,-10.06,-13.08,10.2245984,-17.720285305757113,1027.08
126,16.093,3.203333333333334,-10.11,-13.313333333333334,10.483777066666669,-17.88190335864541,1027.1466666666668
127,16.093,3.386666666666667,-10.16,-13.546666666666669,10.742955733333334,-18.04174258161669,1027.2133333333334
128,16.093,3.5700000000000003,-10.21,-13.78,11.0021344,-18.199884616123033,1027.28
129,16.093,3.753333333333334,-10.26,-14.013333333333334,11.261313066666666,-18.356405626233098,1027.3466666666666
130,16.093,3.936666666666667,-10.31,-14.246666666666666,11.520491733333332,-18.51137678104067,1027.4133333333334
131,16.093,4.12,-10.36,-14.48,11.7796704,-18.664864684841657,1027.48
132,16.093,4.303333333333334,-10.41,-14.713333333333331,12.038849066666668,-18.816931761746684,1027.5466666666666
133,16.093,4.486666666666666,-10.46,-14.946666666666664,12.298027733333331,-18.967636600421727,1027.6133333333332
134,16.093,4.67,-10.51,-15.18,12.5572064,-19.117034263834103,1027.68
135,16.093,4.8533333333333335,-10.56,-15.413333333333334,12.816385066666667,-19.265176568197163,1027.746666666667
136,16.093,5.035714285714286,-10.614285714285714,-15.65,13.058439428571427,-19.412166788569678,1024.5142857142855
137,16.093,5.214285714285714,-10.685714285714283,-15.9,13.231996571428573,-19.558656182737995,1008.0857142857144
138,16.093,5.392857142857143,-10.757142857142856,-16.15,13.405553714285714,-19.704741809960527,991.6571428571428
139,16.093,5.571428571428571,-10.82857142857143,-16.4,13.579110857142858,-19.85043471030104,975.2285714285714
140,16.093,5.75,-10.9,-16.65,13.752668,-19.995745509466648,958.8
141,16.093,5.928571428571429,-10.971428571428572,-16.9,13.926225142857144,-20.140684439146806,942.3714285714284
142,16.093,6.0,-11.0,-17.0,13.683245142857144,-20.103080317894843,935.8321428571428
143,16.093,6.0,-11.0,-17.0,13.162573714285717,-19.93980239124114,935.8857142857142
144,16.093,6.0,-11.0,-17.0,12.641902285714286,-19.77100586827942,935.9392857142856
145,16.093,6.0,-11.0,-17.0,12.12123085714286,-19.596264976198494,935.9928571428572
146,16.093,6.0,-11.0,-17.0,11.60055942857143,-19.415101011059214,936.0464285714286
147,16.093,6.0,-11.0,-17.0,11.079888,-19.226973031334758,936.1
148,16.093,4.9716666666666685,-11.128333333333334,-16.1,11.128484,-19.407173840385543,1028.618333333333
149,16.093,4.830000000000002,-11.27,-16.1,11.371464,-19.67534741823701,1028.71
150,16.093,4.688333333333335,-11.411666666666669,-16.1,11.614444,-19.94256355066777,1028.8016666666665
151,16.093,4.546666666666669,-11.553333333333333,-16.1,11.857424,-20.20886623428009,1028.8933333333332
152,16.093,4.405000000000001,-11.695,-16.1,12.100404,-20.47429679935656,1028.985
153,16.093,4.263333333333335,-11.836666666666666,-16.1,12.343384,-20.738894118441973,1029.0766666666666
154,16.093,4.121666666666668,-11.978333333333332,-16.1,12.586364,-21.002694794952163,1029.1683333333333
155,16.093,3.980000000000001,-12.12,-16.1,12.829344,-21.265733334063043,1029.26
156,16.093,3.838333333333335,-12.261666666666668,-16.1,13.072324000000002,-21.52804229784161,1029.3516666666667
157,16.093,3.696666666666668,-12.403333333333334,-16.1,13.315304,-21.78965244633193,1029.4433333333334
158,16.093,3.555000000000001,-12.545,-16.1,13.558284,-22.050592866095222,1029.535
159,16.093,3.413333333333334,-12.686666666666667,-16.1,13.801264000000002,-22.310891087519664,1029.6266666666668
160,15.932066666666667,3.2916666666666674,-12.808333333333334,-16.1,13.963250666666667,-22.519160995144894,1029.72
161,15.1274,3.250000000000001,-12.85,-16.1,13.801264000000002,-22.521177418794807,1029.8200000000002
162,14.322733333333334,3.208333333333334,-12.891666666666667,-16.1,13.639277333333334,-22.52257756155697,1029.92
163,13.518066666666666,3.1666666666666674,-12.933333333333334,-16.1,13.477290666666669,-22.52334861311035,1030.02
164,12.7134,3.125000000000001,-12.975,-16.1,13.315304,-22.52347733097548,1030.12
165,11.908733333333334,3.083333333333334,-13.016666666666667,-16.1,13.153317333333334,-22.522950020386574,1030.22
166,11.104066666666668,3.0416666666666674,-13.058333333333334,-16.1,12.991330666666668,-22.52175251296334,1030.3200000000002
167,10.299400000000002,3.000000000000001,-13.1,-16.1,12.829344,-22.51987014409501,1030.42
168,9.494733333333334,2.958333333333334,-13.141666666666667,-16.1,12.667357333333335,-22.51728772894129,1030.52
169,8.690066666666667,2.9166666666666674,-13.183333333333334,-16.1,12.505370666666668,-22.51398953694678,1030.62
170,7.885400000000001,2.875000000000001,-13.225,-16.1,12.343384,-22.509959264756134,1030.72
171,7.080733333333335,2.833333333333334,-13.266666666666667,-16.1,12.181397333333337,-22.505180007406977,1030.8200000000002
172,6.4638333333333335,2.8000000000000007,-13.31,-16.110000000000003,12.116602666666669,-22.53702105898221,1030.9216666666669
173,6.598000000000001,2.8000000000000007,-13.36,-16.16,12.440576000000002,-22.7167059904087,1031.0300000000002
174,6.732166666666667,2.8000000000000003,-13.41,-16.21,12.764549333333337,-22.89415358348696,1031.138333333333
175,6.866333333333333,2.8000000000000003,-13.46,-16.26,13.088522666666668,-23.069471172956128,1031.246666666667
176,7.000500000000001,2.8000000000000003,-13.51,-16.310000000000002,13.412496,-23.24275854317015,1031.355
177,7.134666666666667,2.8,-13.56,-16.36,13.736469333333334,-23.414108625149673,1031.4633333333334
178,7.268833333333334,2.8,-13.61,-16.41,14.060442666666669,-23.58360811458288,1031.5716666666667
179,7.403,2.8,-13.66,-16.46,14.384416,-23.751338021335226,1031.68
180,7.537166666666668,2.7999999999999994,-13.71,-16.51,14.708389333333333,-23.917374159413644,1031.7883333333334
181,7.671333333333334,2.7999999999999994,-13.76,-16.56,15.032362666666666,-24.081787584992885,1031.8966666666668
182,7.8055,2.7999999999999994,-13.81,-16.61,15.356336,-24.244644988998203,1032.005
183,7.9396666666666675,2.799999999999999,-13.86,-16.66,15.680309333333334,-24.406009049808006,1032.1133333333337
184,7.8056,2.809999999999999,-13.955,-16.765,15.890892,-24.591539266740256,1027.54
185,6.5986,2.8599999999999994,-14.23,-17.09,15.647912,-24.877806958286598,1004.24
186,5.3916,2.91,-14.505,-17.415,15.404932,-25.16220124150138,980.94
187,4.1846,2.96,-14.78,-17.74,15.161952,-25.444675987877368,957.64
188,3.420125,2.9375,-15.0625,-18.0,14.967568,-25.750251947788286,939.01875
189,4.42575,2.625,-15.375,-18.0,14.967568,-26.155304445879075,939.1125
190,5.431375,2.3125,-15.6875,-18.0,14.967568,-26.56035694396987,939.20625
191,6.437,2.0,-16.0,-18.0,14.967568,-26.96540944206067,939.3
192,5.9341875,2.3125,-16.0,-18.3125,15.635763,-27.176775571698506,939.39375
193,5.431375,2.625,-16.0,-18.625,16.303958,-27.38068560335374,939.4875
194,4.9285625,2.9375,-16.0,-18.9375,16.972153000000002,-27.577692541851643,939.58125
195,4.0235,2.8999999999999986,-16.05,-18.95,17.105792,-27.681846702993653,986.4
196,3.1787,2.8199999999999976,-16.09,-18.91,17.105792,-27.734276197967773,1023.84
197,2.9772,2.919999999999999,-16.04,-18.96,17.105792,-27.66873932925012,977.04
198,2.887,2.9411764705882355,-16.058823529411764,-19.0,17.105792,-27.693412032767355,939.6
199,3.242,2.647058823529412,-16.352941176470587,-19.0,17.105792,-28.078923025224142,939.6
200,3.5969999999999995,2.3529411764705883,-16.647058823529413,-19.0,17.105792,-28.46443401768093,939.6
201,3.952,2.0588235294117645,-16.941176470588236,-19.0,17.105792,-28.849945010137716,939.6
202,4.3156060606060604,2.1575757575757577,-16.963636363636365,-19.12121212121212,17.34140896969697,-28.948311914309926,951.078787878788
203,4.681363636363637,2.3545454545454545,-16.918181818181818,-19.27272727272728,17.635930181818182,-28.97364167189069,965.4272727272728
204,5.047121212121212,2.551515151515152,-16.87272727272727,-19.424242424242426,17.930451393939396,-28.997619352314693,979.7757575757576
205,5.412878787878788,2.748484848484849,-16.827272727272728,-19.57575757575757,18.224972606060607,-29.02028396195631,994.1242424242424
206,5.778636363636364,2.9454545454545458,-16.78181818181818,-19.727272727272727,18.51949381818182,-29.041672750196902,1008.4727272727272
207,6.14439393939394,3.142424242424243,-16.736363636363635,-19.87878787878788,18.814015030303032,-29.06182131540312,1022.821212121212
208,6.31323076923077,3.2769230769230777,-16.723076923076924,-20.0,18.90010584615385,-29.067481599497228,1027.1076923076923
209,5.694384615384616,3.161538461538462,-16.838461538461537,-20.0,18.15247507692308,-29.014824760099795,991.1461538461538
210,5.0755384615384616,3.0461538461538464,-16.953846153846154,-20.0,17.404844307692308,-28.953883826044923,955.1846153846152
211,4.828,2.987234042553192,-17.051063829787235,-20.038297872340426,16.907272170212767,-28.935168793146907,946.831914893617
212,4.828,2.9659574468085106,-17.136170212765958,-20.102127659574467,16.576405787234044,-28.947108756139396,956.8851063829788
213,4.828,2.94468085106383,-17.22127659574468,-20.16595744680852,16.24553940425532,-28.956993362562223,966.9382978723404
214,4.828,2.923404255319149,-17.306382978723406,-20.22978723404256,15.914673021276595,-28.96474939564731,976.991489361702
215,4.828,2.9021276595744685,-17.391489361702128,-20.2936170212766,15.583806638297872,-28.970299355820483,987.0446808510636
216,4.828,2.8808510638297875,-17.47659574468085,-20.35744680851064,15.25294025531915,-28.973561111428978,997.0978723404256
217,4.828,2.859574468085107,-17.561702127659576,-20.421276595744683,14.922073872340428,-28.974447512646144,1007.1510638297872
218,4.828,2.838297872340426,-17.646808510638298,-20.485106382978724,14.591207489361704,-28.972865963755403,1017.2042553191488
219,4.828,2.8170212765957454,-17.731914893617024,-20.54893617021277,14.26034110638298,-28.968717948266058,1027.2574468085106
220,4.865418604651163,2.827906976744187,-17.804651162790698,-20.632558139534886,14.018250790697676,-28.9774876096946,1033.132558139535
221,5.052511627906977,2.967441860465117,-17.82790697674419,-20.795348837209303,14.131264744186048,-29.04738075120711,1022.2953488372092
222,5.239604651162791,3.106976744186047,-17.851162790697675,-20.95813953488372,14.24427869767442,-29.117046441891468,1011.4581395348836
223,5.426697674418605,3.246511627906977,-17.87441860465116,-21.12093023255814,14.35729265116279,-29.18648817309721,1000.620930232558
224,5.613790697674419,3.3860465116279075,-17.89767441860465,-21.28372093023256,14.470306604651164,-29.255709357180955,989.7837209302326
225,5.800883720930233,3.525581395348837,-17.92093023255814,-21.44651162790698,14.583320558139537,-29.3247133298849,978.946511627907
226,5.987976744186047,3.665116279069768,-17.94418604651163,-21.6093023255814,14.696334511627906,-29.39350335262611,968.1093023255814
227,6.175069767441861,3.804651162790698,-17.967441860465115,-21.772093023255813,14.80934846511628,-29.46208261470042,957.2720930232558
228,6.362162790697675,3.944186046511628,-17.990697674418605,-21.93488372093024,14.922362418604653,-29.530454235404903,946.4348837209302
229,6.153058823529412,3.788235294117648,-18.15882352941177,-21.94705882352941,14.967568,-29.763607405342018,958.7411764705882
230,5.679823529411765,3.435294117647059,-18.423529411764704,-21.858823529411765,14.967568,-30.106710697842445,986.4764705882352
231,5.206588235294118,3.082352941176471,-18.688235294117646,-21.77058823529412,14.967568,-30.449813990342882,1014.2117647058824
232,4.878281250000001,2.806250000000001,-18.903125,-21.709375,14.9979405,-30.738760373662103,1033.4718750000002
233,5.1296875,2.8375000000000004,-18.91875,-21.75625,15.149803,-30.81083537893539,1018.83125
234,5.38109375,2.8687500000000004,-18.934375,-21.803125,15.3016655,-30.882509760270565,1004.190625
235,5.6325,2.9000000000000004,-18.95,-21.85,15.453528,-30.953790996785685,989.55
236,5.883906250000001,2.9312500000000004,-18.965625,-21.896875,15.6053905,-31.024686358125933,974.909375
237,6.1353125,2.9625000000000004,-18.98125,-21.94375,15.757253,-31.095202912288222,960.26875
238,6.38671875,2.99375,-18.996875,-21.990625,15.9091155,-31.16534753308143,945.628125
239,6.437,3.0571428571428574,-19.057142857142857,-22.11428571428572,15.661796571428573,-31.162443209300008,956.2285714285716
240,6.437,3.128571428571429,-19.128571428571423,-22.257142857142856,15.314682285714284,-31.139088299873432,973.1392857142856
241,6.437,3.200000000000001,-19.2,-22.4,14.967568,-31.113147022510397,990.05
242,6.437,3.2714285714285727,-19.27142857142857,-22.542857142857144,14.620453714285714,-31.08451272304668,1006.9607142857144
243,6.437,3.3428571428571447,-19.34285714285714,-22.685714285714287,14.273339428571427,-31.053071579055697,1023.8714285714286
244,6.5174666666666665,3.398333333333335,-19.42,-22.81833333333333,13.979449333333337,-31.045647727870936,1037.42
245,6.9198,3.390000000000001,-19.52,-22.91,13.898456,-31.14464355633541,1037.52
246,7.322133333333333,3.381666666666668,-19.62,-23.00166666666667,13.817462666666668,-31.24336839102654,1037.62
247,7.724466666666667,3.373333333333334,-19.72,-23.093333333333334,13.736469333333334,-31.341819726691284,1037.72
248,8.1268,3.365,-19.82,-23.185,13.655476,-31.439995018129906,1037.82
249,8.529133333333334,3.3566666666666665,-19.92,-23.276666666666667,13.574482666666666,-31.53789167930691,1037.92
250,8.931466666666667,3.3483333333333327,-20.02,-23.36833333333333,13.493489333333336,-31.63550708243669,1038.02
251,9.3338,3.339999999999999,-20.12,-23.46,13.412496,-31.73283855704291,1038.12
252,9.736133333333331,3.331666666666665,-20.22,-23.551666666666662,13.331502666666667,-31.82988338899074,1038.22
253,10.138466666666666,3.3233333333333315,-20.32,-23.64333333333333,13.250509333333332,-31.92663881949106,1038.32
254,10.5408,3.3149999999999977,-20.42,-23.735,13.169516,-32.02310204407543,1038.4199999999998
255,10.943133333333334,3.306666666666664,-20.520000000000003,-23.826666666666664,13.088522666666666,-32.11927021154107,1038.52
256,11.184533333333334,3.291666666666664,-20.60833333333333,-23.9,12.971892266666666,-32.185924943524114,1038.6083333333331
257,10.7822,3.2499999999999973,-20.65,-23.9,12.7127136,-32.13443518864096,1038.65
258,10.379866666666668,3.2083333333333304,-20.691666666666663,-23.9,12.453534933333334,-32.08095532835797,1038.6916666666666
259,9.977533333333334,3.166666666666664,-20.73333333333333,-23.9,12.194356266666666,-32.025410668536956,1038.7333333333331
260,9.5752,3.1249999999999973,-20.775,-23.9,11.9351776,-31.967722004591934,1038.775
261,9.172866666666668,3.0833333333333304,-20.816666666666663,-23.9,11.675998933333334,-31.907805243425415,1038.8166666666666
262,8.770533333333333,3.041666666666664,-20.85833333333333,-23.9,11.416820266666669,-31.845570984455247,1038.8583333333331
263,8.368200000000002,2.9999999999999973,-20.9,-23.9,11.1576416,-31.78092405426329,1038.9
264,7.965866666666667,2.9583333333333304,-20.941666666666663,-23.9,10.898462933333334,-31.713762988520646,1038.9416666666666
265,7.563533333333334,2.916666666666664,-20.98333333333333,-23.9,10.639284266666667,-31.643979453802014,1038.9833333333331
266,7.161200000000001,2.8749999999999973,-21.025,-23.9,10.3801056,-31.57145760065913,1039.025
267,6.758866666666667,2.8333333333333304,-21.066666666666663,-23.9,10.120926933333331,-31.496073337834762,1039.0666666666666
268,6.597933333333334,2.8099999999999974,-21.118333333333336,-23.92833333333333,9.949221066666668,-31.47465242122778,1039.1066666666666
269,7.4026,2.8599999999999977,-21.21,-24.07,10.1274064,-31.679226423993505,1039.14
270,8.207266666666667,2.909999999999998,-21.30166666666667,-24.211666666666662,10.305591733333332,-31.882811938013475,1039.1733333333332
271,9.011933333333332,2.959999999999998,-21.39333333333333,-24.35333333333333,10.483777066666669,-32.08544342008014,1039.2066666666667
272,9.8166,3.009999999999999,-21.485,-24.495,10.6619624,-32.28715362954162,1039.24
273,10.621266666666669,3.059999999999999,-21.576666666666668,-24.636666666666667,10.840147733333334,-32.48797373789051,1039.2733333333333
274,11.425933333333331,3.11,-21.668333333333333,-24.77833333333333,11.018333066666669,-32.68793342962768,1039.3066666666666
275,12.2306,3.16,-21.76,-24.92,11.1965184,-32.88706099522343,1039.34
276,13.035266666666663,3.2100000000000004,-21.851666666666667,-25.061666666666667,11.374703733333334,-33.085383416909586,1039.3733333333332
277,13.839933333333333,3.260000000000001,-21.94333333333333,-25.203333333333333,11.552889066666667,-33.28292644795721,1039.4066666666668
278,14.6446,3.3100000000000014,-22.035,-25.345,11.7310744,-33.47971468602641,1039.44
279,15.449266666666666,3.360000000000002,-22.126666666666665,-25.486666666666668,11.909259733333334,-33.6757716411132,1039.4733333333334
280,16.093,3.398333333333336,-22.22833333333333,-25.62666666666667,12.068006666666667,-33.87530926489602,1039.51
281,16.093,3.390000000000002,-22.37,-25.76,12.149,-34.09132506440513,1039.56
282,16.093,3.3816666666666686,-22.511666666666667,-25.89333333333333,12.229993333333336,-34.307339105717816,1039.61
283,16.093,3.373333333333336,-22.65333333333333,-26.026666666666667,12.310986666666668,-34.52335216348553,1039.66
284,16.093,3.365000000000001,-22.795,-26.16,12.39198,-34.739364993774075,1039.71
285,16.093,3.356666666666668,-22.936666666666667,-26.293333333333333,12.472973333333334,-34.95537833457859,1039.76
286,16.093,3.348333333333335,-23.078333333333333,-26.426666666666662,12.553966666666668,-35.17139290632147,1039.81
287,16.093,3.340000000000001,-23.22,-26.56,12.63496,-35.38740941233393,1039.86
288,16.093,3.331666666666668,-23.361666666666665,-26.69333333333333,12.715953333333331,-35.603428539321776,1039.91
289,16.093,3.3233333333333346,-23.50333333333333,-26.826666666666668,12.796946666666669,-35.819450957816,1039.96
290,16.093,3.315000000000001,-23.645,-26.96,12.87794,-36.03547732260886,1040.01
291,16.093,3.3066666666666675,-23.786666666666665,-27.093333333333334,12.958933333333334,-36.25150827317589,1040.06
292,16.093,3.3000000000000007,-23.9,-27.2,12.991330666666666,-36.41051514924147,1040.1166666666666
293,16.093,3.3000000000000007,-23.9,-27.2,12.829344,-36.3409696832228,1040.1999999999998
294,16.093,3.3000000000000007,-23.9,-27.2,12.667357333333332,-36.27068266024913,1040.2833333333333
295,16.093,3.3000000000000007,-23.9,-27.2,12.505370666666668,-36.19963653691597,1040.3666666666666
296,16.093,3.3000000000000007,-23.9,-27.2,12.343384,-36.12781312086922,1040.4499999999998
297,16.093,3.3000000000000007,-23.9,-27.2,12.181397333333331,-36.055193537918385,1040.5333333333333
298,16.093,3.3000000000000007,-23.9,-27.2,12.019410666666667,-35.98175819702094,1040.6166666666666
299,16.093,3.3000000000000007,-23.9,-27.2,11.857424,-35.90748675296946,1040.6999999999998
300,16.093,3.3000000000000007,-23.9,-27.2,11.695437333333334,-35.83235806659721,1040.7833333333333
301,16.093,3.3000000000000007,-23.9,-27.2,11.533450666666669,-35.75635016230004,1040.8666666666666
302,16.093,3.3000000000000007,-23.9,-27.2,11.371464,-35.67944018265335,1040.9499999999998
303,16.093,3.3000000000000007,-23.9,-27.2,11.209477333333334,-35.60160433988093,1041.0333333333333
304,16.093,3.3000000000000007,-23.9,-27.2,11.112285333333334,-35.55444815806937,1041.1166666666666
305,16.093,3.3000000000000007,-23.9,-27.2,11.274272,-35.63285134321602,1041.1999999999998
306,16.093,3.3000000000000007,-23.9,-27.2,11.436258666666667,-35.710313924543286,1041.2833333333333
307,16.093,3.3000000000000007,-23.9,-27.2,11.598245333333336,-35.78686027274228,1041.3666666666666
308,16.093,3.3000000000000007,-23.9,-27.2,11.760232,-35.86251379741255,1041.4499999999998
309,16.093,3.3000000000000007,-23.9,-27.2,11.922218666666668,-35.93729699760875,1041.5333333333333
310,16.093,3.3000000000000007,-23.9,-27.2,12.084205333333331,-36.011231509081995,1041.6166666666666
311,16.093,3.3000000000000007,-23.9,-27.2,12.246192,-36.08433814847296,1041.6999999999998
312,16.093,3.3000000000000007,-23.9,-27.2,12.408178666666666,-36.156636954691045,1041.7833333333333
313,16.093,3.3000000000000007,-23.9,-27.2,12.570165333333334,-36.22814722769304,1041.8666666666666
314,16.093,3.3000000000000007,-23.9,-27.2,12.732152,-36.29888756485585,1041.9499999999998
315,16.093,3.3000000000000007,-23.9,-27.2,12.894138666666668,-36.36887589512117,1042.0333333333333
316,16.093,3.3000000000000007,-23.918333333333333,-27.218333333333334,12.991330666666666,-36.434001142938484,1042.111666666667
317,16.093,3.3000000000000007,-24.01,-27.31,12.829344,-36.4817401414917,1042.1699999999998
318,16.093,3.3000000000000007,-24.101666666666667,-27.401666666666667,12.667357333333332,-36.52849223216056,1042.2283333333332
319,16.093,3.3000000000000007,-24.19333333333333,-27.49333333333333,12.505370666666668,-36.574235894924456,1042.2866666666666
320,16.093,3.3000000000000007,-24.285,-27.585,12.343384,-36.61894883371265,1042.345
321,16.093,3.3000000000000007,-24.376666666666665,-27.676666666666662,12.181397333333331,-36.662607937562,1042.4033333333332
322,16.093,3.3000000000000007,-24.468333333333334,-27.76833333333333,12.019410666666667,-36.70518923927898,1042.4616666666666
323,16.093,3.3000000000000007,-24.56,-27.86,11.857424,-36.746667871409116,1042.52
324,16.093,3.3000000000000007,-24.651666666666667,-27.951666666666668,11.695437333333334,-36.787018019299246,1042.5783333333334
325,16.093,3.3000000000000007,-24.74333333333333,-28.043333333333333,11.533450666666669,-36.826212871016594,1042.6366666666663
326,16.093,3.3000000000000007,-24.835,-28.135,11.371464,-36.86422456386707,1042.695
327,16.093,3.3000000000000007,-24.926666666666662,-28.226666666666667,11.209477333333334,-36.90102412722898,1042.753333333333
328,16.093,3.3000000000000007,-25.01,-28.31,11.0604496,-36.93251899353183,1042.8133333333333
329,16.093,3.3000000000000003,-25.06,-28.36,10.9632576,-36.946989604096885,1042.88
330,16.093,3.3000000000000003,-25.11,-28.41,10.8660656,-36.961004817141756,1042.9466666666667
331,16.093,3.3,-25.16,-28.46,10.7688736,-36.97455758523742,1043.013333333333
332,16.093,3.2999999999999994,-25.21,-28.51,10.6716816,-36.98764068324594,1043.08
333,16.093,3.2999999999999994,-25.26,-28.56,10.5744896,-37.000246702142334,1043.1466666666663
334,16.093,3.299999999999999,-25.31,-28.61,10.4772976,-37.01236804256207,1043.2133333333334
335,16.093,3.2999999999999985,-25.36,-28.66,10.3801056,-37.023996908059544,1043.28
336,16.093,3.2999999999999985,-25.41,-28.71,10.2829136,-37.035125298061374,1043.3466666666666
337,16.093,3.299999999999998,-25.46,-28.76,10.1857216,-37.04574500049798,1043.4133333333332
338,16.093,3.2999999999999976,-25.51,-28.81,10.0885296,-37.055847584095325,1043.48
339,16.093,3.2999999999999976,-25.56,-28.86,9.9913376,-37.06542439030783,1043.5466666666666
340,16.093,3.3099999999999974,-25.59,-28.9,9.9816184,-37.09769835450513,1043.61
341,16.093,3.359999999999997,-25.540000000000003,-28.9,10.3217904,-37.219317704400154,1043.66
342,16.093,3.409999999999997,-25.49,-28.9,10.6619624,-37.33556806341835,1043.71
343,16.093,3.4599999999999977,-25.44,-28.9,11.0021344,-37.446754499469776,1043.76
344,16.093,3.5099999999999976,-25.39,-28.9,11.3423064,-37.55315578152049,1043.81
345,16.093,3.559999999999998,-25.34,-28.9,11.6824784,-37.655027363538835,1043.86
346,16.093,3.609999999999998,-25.29,-28.9,12.0226504,-37.75260395347196,1043.91
347,16.093,3.659999999999998,-25.24,-28.9,12.3628224,-37.84610173497997,1043.96
348,16.093,3.709999999999998,-25.19,-28.9,12.7029944,-37.93572029705654,1044.01
349,16.093,3.7599999999999993,-25.14,-28.9,13.0431664,-38.021644316680764,1044.06
350,16.093,3.8099999999999983,-25.09,-28.9,13.3833384,-38.104045031681565,1044.11
351,16.093,3.859999999999999,-25.04,-28.9,13.723510400000002,-38.18308153460187,1044.16
352,16.093,3.899999999999999,-25.0,-28.9,13.9276136,-38.21606625475519,1044.2033333333334
353,16.093,3.899999999999999,-25.0,-28.9,13.5874416,-38.074712588653405,1044.22
354,16.093,3.899999999999999,-25.0,-28.9,13.2472696,-37.93035432040152,1044.236666666667
355,16.093,3.899999999999999,-25.0,-28.9,12.9070976,-37.782847912685746,1044.253333333333
356,16.093,3.899999999999999,-25.0,-28.9,12.5669256,-37.63203896149233,1044.27
357,16.093,3.899999999999999,-25.0,-28.9,12.2267536,-37.477761053205384,1044.2866666666666
358,16.093,3.899999999999999,-25.0,-28.9,11.8865816,-37.319834465918504,1044.3033333333335
359,16.093,3.899999999999999,-25.0,-28.9,11.5464096,-37.15806468859349,1044.3200000000002
360,16.093,3.899999999999999,-25.0,-28.9,11.2062376,-36.9922407263161,1044.3366666666668
361,16.093,3.899999999999999,-25.0,-28.9,10.8660656,-36.822133153217045,1044.3533333333337
362,16.093,3.899999999999999,-25.0,-28.9,10.5258936,-36.64749186628151,1044.37
363,16.093,3.899999999999999,-25.0,-28.9,10.1857216,-36.4680434827804,1044.3866666666668
364,16.093,3.909999999999999,-24.99,-28.9,9.881186666666666,-36.290543642913974,1044.4050000000002
365,16.093,3.959999999999999,-24.94,-28.9,9.7192,-36.13850534129711,1044.43
366,16.093,4.009999999999999,-24.89,-28.9,9.557213333333332,-35.98537449139337,1044.4550000000002
367,16.093,4.059999999999999,-24.84,-28.9,9.395226666666666,-35.83111509913327,1044.48
368,16.093,4.109999999999999,-24.79,-28.9,9.23324,-35.67568937049781,1044.505
369,16.093,4.159999999999999,-24.74,-28.9,9.071253333333331,-35.519057588546545,1044.53
370,16.093,4.209999999999999,-24.69,-28.9,8.909266666666667,-35.361177979694624,1044.555
371,16.093,4.26,-24.64,-28.9,8.74728,-35.20200656808518,1044.5800000000002
372,16.093,4.31,-24.59,-28.9,8.585293333333333,-35.04149701675622,1044.605
373,16.093,4.359999999999999,-24.54,-28.9,8.423306666666667,-34.87960045413135,1044.63
374,16.093,4.41,-24.49,-28.9,8.26132,-34.716265284168344,1044.655
375,16.093,4.46,-24.44,-28.9,8.099333333333334,-34.551436978273955,1044.68
376,16.093,4.498333333333333,-24.391666666666666,-28.89,8.002141333333332,-34.42921551394804,1044.695
377,16.093,4.49,-24.35,-28.84,8.164128,-34.48183197591257,1044.67
378,16.093,4.481666666666667,-24.308333333333334,-28.79,8.326114666666665,-34.532568240210686,1044.645
379,16.093,4.473333333333334,-24.266666666666666,-28.74,8.488101333333333,-34.58148927650356,1044.62
380,16.093,4.465000000000001,-24.225,-28.69,8.650088,-34.62865658932563,1044.595
381,16.093,4.456666666666668,-24.183333333333334,-28.64,8.812074666666666,-34.67412846438069,1044.5700000000002
382,16.093,4.448333333333334,-24.141666666666666,-28.59,8.974061333333333,-34.717960193139355,1044.545
383,16.093,4.440000000000001,-24.1,-28.54,9.136048,-34.76020427800479,1044.52
384,16.093,4.431666666666668,-24.058333333333334,-28.49,9.298034666666666,-34.800910620041336,1044.495
385,16.093,4.423333333333335,-24.016666666666666,-28.44,9.460021333333334,-34.840126691024906,1044.47
386,16.093,4.415000000000002,-23.975,-28.39,9.622008,-34.877897691369256,1044.4450000000002
387,16.093,4.406666666666669,-23.933333333333334,-28.34,9.783994666666668,-34.91426669530527,1044.42
388,16.093,4.410000000000002,-23.89,-28.3,9.897385333333334,-34.92116255026811,1044.395
389,16.093,4.460000000000002,-23.84,-28.3,9.816392,-34.8149444128317,1044.37
390,16.093,4.510000000000002,-23.79,-28.3,9.735398666666669,-34.70850650571144,1044.345
391,16.093,4.560000000000001,-23.74,-28.3,9.654405333333331,-34.60184504830992,1044.32
392,16.093,4.610000000000001,-23.69,-28.3,9.573412,-34.49495616677324,1044.295
393,16.093,4.660000000000001,-23.64,-28.3,9.492418666666666,-34.38783589090575,1044.27
394,16.093,4.710000000000001,-23.59,-28.3,9.411425333333334,-34.280480150955796,1044.245
395,16.093,4.760000000000001,-23.54,-28.3,9.330432,-34.172884774266045,1044.22
396,16.093,4.8100000000000005,-23.49,-28.3,9.249438666666666,-34.06504548178132,1044.195
397,16.093,4.86,-23.44,-28.3,9.168445333333333,-33.95695788440661,1044.1699999999998
398,16.093,4.91,-23.39,-28.3,9.087452,-33.84861747920761,1044.145
399,16.093,4.96,-23.34,-28.3,9.006458666666665,-33.74001964544525,1044.12
400,16.093,5.0,-23.3,-28.3,8.977301066666666,-33.67351046360844,1044.0916666666665
401,16.093,5.0,-23.3,-28.3,9.1554864,-33.77528186226619,1044.05
402,16.093,5.0,-23.3,-28.3,9.333671733333333,-33.87540286154348,1044.0083333333332
403,16.093,5.0,-23.3,-28.3,9.511857066666666,-33.97393097914318,1043.9666666666665
404,16.093,5.0,-23.3,-28.3,9.6900424,-34.070920696220156,1043.925
405,16.093,5.0,-23.3,-28.3,9.868227733333333,-34.16642367018861,1043.8833333333332
406,16.093,5.0,-23.3,-28.3,10.046413066666666,-34.26048892906793,1043.8416666666665
407,16.093,5.0,-23.3,-28.3,10.2245984,-34.35316304926561,1043.8
408,16.093,5.0,-23.3,-28.3,10.402783733333331,-34.444490318470976,1043.7583333333332
409,16.093,5.0,-23.3,-28.3,10.580969066666666,-34.53451288513882,1043.7166666666665
410,16.093,5.0,-23.3,-28.3,10.7591544,-34.623270895872665,1043.675
411,16.093,5.0,-23.3,-28.3,10.937339733333332,-34.710802621870286,1043.6333333333332
412,16.093,4.991666666666666,-23.3,-28.291666666666668,11.028052266666666,-34.754904969128525,1043.5933333333332
413,16.093,4.95,-23.3,-28.25,10.7688736,-34.628076635064374,1043.56
414,16.093,4.908333333333333,-23.3,-28.208333333333336,10.509694933333334,-34.49865781007329,1043.5266666666666
415,16.093,4.866666666666666,-23.3,-28.166666666666668,10.250516266666668,-34.36652969779104,1043.493333333333
416,16.093,4.825,-23.3,-28.125,9.9913376,-34.23156487776254,1043.46
417,16.093,4.783333333333333,-23.3,-28.083333333333336,9.732158933333334,-34.09362643665954,1043.4266666666667
418,16.093,4.741666666666667,-23.3,-28.041666666666668,9.472980266666667,-33.9525669862065,1043.3933333333332
419,16.093,4.7,-23.3,-28.0,9.2138016,-33.80822754949361,1043.36
420,16.093,4.658333333333333,-23.3,-27.958333333333336,8.954622933333333,-33.66043629378704,1043.3266666666666
421,16.093,4.616666666666667,-23.3,-27.916666666666668,8.695444266666666,-33.50900708355648,1043.2933333333333
422,16.093,4.575,-23.3,-27.875,8.436265599999999,-33.35373782201123,1043.26
423,16.093,4.533333333333333,-23.3,-27.833333333333336,8.177086933333333,-33.194408542681266,1043.2266666666667
424,16.093,4.495,-23.31416666666667,-27.809166666666663,7.995661866666667,-33.09778476099436,1043.1991666666668
425,16.093,4.47,-23.385,-27.855,8.1252512,-33.26686887304389,1043.195
426,16.093,4.445,-23.45583333333333,-27.90083333333333,8.254840533333333,-33.4350850964599,1043.190833333333
427,16.093,4.42,-23.526666666666667,-27.946666666666665,8.384429866666666,-33.60246032575502,1043.1866666666667
428,16.093,4.395,-23.5975,-27.9925,8.5140192,-33.76902025677455,1043.1825
429,16.093,4.37,-23.668333333333333,-28.03833333333333,8.643608533333333,-33.934789457032046,1043.1783333333333
430,16.093,4.345,-23.739166666666662,-28.08416666666667,8.773197866666667,-34.09979143094209,1043.174166666667
431,16.093,4.319999999999999,-23.81,-28.13,8.9027872,-34.26404868038962,1043.17
432,16.093,4.295,-23.88083333333333,-28.175833333333333,9.032376533333334,-34.42758276103129,1043.1658333333332
433,16.093,4.27,-23.951666666666668,-28.221666666666668,9.161965866666666,-34.590414334686024,1043.1616666666666
434,16.093,4.244999999999999,-24.0225,-28.2675,9.2915552,-34.752563218137,1043.1575
435,16.093,4.219999999999999,-24.093333333333334,-28.313333333333333,9.421144533333331,-34.914048428637145,1043.1533333333334
436,16.093,4.194999999999999,-24.164166666666667,-28.359166666666667,9.550733866666668,-35.07488822638237,1043.1491666666666
437,16.093,4.169999999999999,-24.235,-28.405,9.6803232,-35.235100154192594,1043.145
438,16.093,4.145,-24.30583333333333,-28.45083333333333,9.809912533333334,-35.394701074618645,1043.1408333333334
439,16.093,4.119999999999999,-24.37666666666667,-28.496666666666663,9.939501866666667,-35.55370720467337,1043.1366666666663
440,16.093,4.094999999999999,-24.4475,-28.5425,10.0690912,-35.71213414836766,1043.1325
441,16.093,4.069999999999999,-24.51833333333333,-28.58833333333333,10.198680533333334,-35.86999692721625,1043.128333333333
442,16.093,4.044999999999999,-24.589166666666667,-28.634166666666665,10.328269866666666,-36.02731000886402,1043.1241666666665
443,16.093,4.019999999999999,-24.66,-28.68,10.4578592,-36.18408733397019,1043.12
444,16.093,3.994999999999999,-24.730833333333333,-28.72583333333333,10.587448533333331,-36.340342341476585,1043.1158333333333
445,16.093,3.969999999999999,-24.801666666666662,-28.771666666666665,10.717037866666669,-36.496087992375486,1043.111666666667
446,16.093,3.945,-24.8725,-28.8175,10.8466272,-36.651336792082866,1043.1074999999998
447,16.093,3.919999999999999,-24.94333333333333,-28.863333333333333,10.976216533333334,-36.806100811514455,1043.1033333333332
448,16.093,3.909999999999999,-25.01833333333333,-28.92833333333333,10.995654933333334,-36.910624157228646,1043.1016666666667
449,16.093,3.959999999999999,-25.11,-29.07,10.5744896,-36.8112937706305,1043.11
450,16.093,4.009999999999999,-25.201666666666668,-29.211666666666662,10.153324266666669,-36.703894269821774,1043.118333333333
451,16.093,4.059999999999999,-25.293333333333333,-29.35333333333333,9.732158933333334,-36.58781715511354,1043.1266666666666
452,16.093,4.109999999999999,-25.385,-29.495,9.3109936,-36.462378393132795,1043.135
453,16.093,4.159999999999999,-25.476666666666667,-29.636666666666667,8.889828266666667,-36.326805089191666,1043.1433333333332
454,16.093,4.209999999999999,-25.56833333333333,-29.77833333333333,8.468662933333334,-36.18021904593877,1043.1516666666666
455,16.093,4.26,-25.66,-29.92,8.0474976,-36.021616284856734,1043.16
456,16.093,4.31,-25.75166666666667,-30.061666666666667,7.626332266666667,-35.84984126896234,1043.1683333333333
457,16.093,4.359999999999999,-25.843333333333334,-30.203333333333333,7.205166933333334,-35.66355407674223,1043.1766666666667
458,16.093,4.41,-25.935,-30.345,6.784001600000001,-35.46118805923777,1043.185
459,16.093,4.46,-26.026666666666667,-30.486666666666668,6.362836266666667,-35.240894434476544,1043.1933333333334
460,16.093,4.5,-26.1,-30.6,5.974068266666667,-35.00615179355883,1043.2033333333334
461,16.093,4.5,-26.1,-30.6,5.7148896,-34.78053920857296,1043.22
462,16.093,4.5,-26.1,-30.6,5.455710933333334,-34.546161699119544,1043.236666666667
463,16.093,4.5,-26.1,-30.6,5.196532266666667,-34.30223703349009,1043.253333333333
464,16.093,4.5,-26.1,-30.6,4.937353600000001,-34.047869707398476,1043.27
465,16.093,4.5,-26.1,-30.6,4.678174933333334,-33.78202756764395,1043.2866666666666
466,16.093,4.5,-26.1,-30.6,4.418996266666667,-33.503512007889356,1043.3033333333335
467,16.093,4.5,-26.1,-30.6,4.1598176,-33.21091947461572,1043.3200000000002
468,16.093,4.5,-26.1,-30.6,3.9006389333333336,-32.902591028886874,1043.3366666666668
469,16.093,4.5,-26.1,-30.6,3.641460266666667,-32.5765451835952,1043.3533333333337
470,16.093,4.5,-26.1,-30.6,3.3822816,-32.23038682895398,1043.37
471,16.093,4.5,-26.1,-30.6,3.1231029333333336,-31.861181151759077,1043.3866666666668
472,16.093,4.49,-26.155,-30.645000000000003,3.016191733333333,-31.76424347340524,1043.41
473,16.093,4.44,-26.43,-30.87,3.5183504,-32.796489674754255,1043.46
474,16.093,4.39,-26.705,-31.095,4.0205090666666665,-33.754029006784506,1043.51
475,16.093,4.34,-26.98,-31.32,4.522667733333333,-34.653687128481664,1043.5600000000002
476,16.093,4.289999999999999,-27.255,-31.545,5.0248264,-35.50715530593344,1043.61
477,16.093,4.239999999999999,-27.53,-31.77,5.526985066666667,-36.32289873895139,1043.66
478,16.093,4.19,-27.805,-31.995,6.029143733333333,-37.107250174139836,1043.71
479,16.093,4.139999999999999,-28.08,-32.22,6.5313024,-37.86507449254062,1043.76
480,16.093,4.089999999999999,-28.355,-32.445,7.033461066666666,-38.600192101270494,1043.81
481,16.093,4.039999999999999,-28.63,-32.67,7.535619733333332,-39.31565935335189,1043.86
482,16.093,3.989999999999999,-28.905,-32.895,8.037778399999999,-40.01396042474474,1043.91
483,16.093,3.939999999999999,-29.18,-33.12,8.539937066666665,-40.69714229655402,1043.96
484,16.093,3.899999999999999,-29.381666666666664,-33.281666666666666,8.977301066666666,-41.23413720076374,1043.996666666667
485,16.093,3.899999999999999,-29.29,-33.19,9.1554864,-41.23367884058078,1043.98
486,16.093,3.899999999999999,-29.19833333333333,-33.09833333333333,9.333671733333333,-41.23102381461988,1043.9633333333334
487,16.093,3.9,-29.106666666666666,-33.00666666666667,9.511857066666666,-41.226244798488665,1043.9466666666667
488,16.093,3.9,-29.015,-32.915,9.6900424,-41.2194106916023,1043.93
489,16.093,3.9,-28.92333333333333,-32.82333333333333,9.868227733333333,-41.21058687979156,1043.9133333333334
490,16.093,3.9,-28.831666666666667,-32.73166666666667,10.046413066666666,-41.19983547523273,1043.8966666666663
491,16.093,3.900000000000001,-28.74,-32.64,10.2245984,-41.18721553602439,1043.88
492,16.093,3.900000000000001,-28.648333333333333,-32.54833333333333,10.402783733333331,-41.17278326746176,1043.8633333333332
493,16.093,3.900000000000001,-28.55666666666667,-32.45666666666667,10.580969066666666,-41.15659220682095,1043.8466666666666
494,16.093,3.9000000000000017,-28.465,-32.365,10.7591544,-41.13869339325858,1043.83
495,16.093,3.9000000000000017,-28.37333333333333,-32.27333333333333,10.937339733333332,-41.11913552425222,1043.8133333333333
496,16.093,3.900000000000002,-28.3,-32.2,11.028052266666666,-41.07485014216664,1043.8
497,16.093,3.900000000000002,-28.3,-32.2,10.7688736,-40.93582112477685,1043.8
498,16.093,3.900000000000002,-28.3,-32.2,10.509694933333334,-40.79395241536725,1043.8
499,16.093,3.900000000000002,-28.3,-32.2,10.250516266666668,-40.64911378955294,1043.8
500,16.093,3.900000000000002,-28.3,-32.2,9.9913376,-40.50116556923444,1043.8
501,16.093,3.900000000000002,-28.3,-32.2,9.732158933333334,-40.349957670239824,1043.8
502,16.093,3.900000000000002,-28.3,-32.2,9.472980266666667,-40.195328525776645,1043.8
503,16.093,3.900000000000002,-28.3,-32.2,9.2138016,-40.037103865610106,1043.8
504,16.093,3.900000000000002,-28.3,-32.2,8.954622933333333,-39.87509532697163,1043.8
505,16.093,3.900000000000002,-28.3,-32.2,8.695444266666666,-39.709098868389916,1043.8
506,16.093,3.900000000000002,-28.3,-32.2,8.436265599999999,-39.53889295168558,1043.8
507,16.093,3.900000000000002,-28.3,-32.2,8.177086933333333,-39.3642364499652,1043.8
508,16.093,3.908333333333336,-28.291666666666668,-32.2,7.885510933333332,-39.151845988057445,1043.8
509,16.093,3.950000000000002,-28.25,-32.2,7.4643456,-38.797489464618636,1043.8
510,16.093,3.991666666666669,-28.208333333333336,-32.2,7.043180266666666,-38.42886501087982,1043.8
511,16.093,4.033333333333336,-28.166666666666668,-32.2,6.6220149333333325,-38.04434415889782,1043.8
512,16.093,4.075000000000002,-28.125,-32.2,6.2008496,-37.641994870532315,1043.8
513,16.093,4.116666666666669,-28.083333333333336,-32.2,5.779684266666666,-37.219499753190036,1043.8
514,16.093,4.158333333333335,-28.041666666666668,-32.2,5.3585189333333325,-36.77404441368992,1043.8
515,16.093,4.200000000000002,-28.0,-32.2,4.9373536,-36.302161716527436,1043.8
516,16.093,4.241666666666669,-27.958333333333336,-32.2,4.516188266666666,-35.79950905565539,1043.8
517,16.093,4.283333333333335,-27.916666666666668,-32.2,4.095022933333333,-35.26054046241994,1043.8
518,16.093,4.325000000000002,-27.875,-32.2,3.6738576,-34.678007106509995,1043.8
519,16.093,4.366666666666669,-27.833333333333336,-32.2,3.252692266666666,-34.042164548528525,1043.8
520,16.093,4.391666666666668,-27.826666666666668,-32.218333333333334,2.951397066666667,-33.573683539780944,1043.8
521,16.093,4.350000000000001,-27.96,-32.31,3.1295824000000003,-34.00362451265554,1043.8
522,16.093,4.308333333333335,-28.093333333333334,-32.40166666666667,3.3077677333333333,-34.42186409403198,1043.8
523,16.093,4.266666666666668,-28.226666666666667,-32.49333333333333,3.4859530666666667,-34.829575495147175,1043.8
524,16.093,4.2250000000000005,-28.36,-32.585,3.6641384,-35.227763421249044,1043.8
525,16.093,4.183333333333334,-28.49333333333333,-32.67666666666667,3.8423237333333335,-35.61729508559858,1043.8
526,16.093,4.141666666666667,-28.626666666666665,-32.76833333333333,4.0205090666666665,-35.99892436798955,1043.8
527,16.093,4.1,-28.76,-32.86,4.1986944,-36.37331086530973,1043.8
528,16.093,4.058333333333333,-28.89333333333333,-32.95166666666667,4.376879733333333,-36.74103508188766,1043.8
529,16.093,4.016666666666666,-29.026666666666667,-33.04333333333333,4.555065066666667,-37.10261066482629,1043.8
530,16.093,3.974999999999999,-29.16,-33.135,4.7332504,-37.45849435059468,1043.8
531,16.093,3.933333333333332,-29.293333333333333,-33.22666666666667,4.911435733333334,-37.80909411980795,1043.8
532,16.093,3.899999999999999,-29.391666666666666,-33.291666666666664,5.086381333333333,-38.10979479639905,1043.7949999999998
533,16.093,3.899999999999999,-29.35,-33.25,5.248368,-38.225887311362996,1043.77
534,16.093,3.899999999999999,-29.308333333333334,-33.20833333333333,5.410354666666667,-38.33750483699492,1043.745
535,16.093,3.899999999999999,-29.266666666666666,-33.166666666666664,5.572341333333333,-38.444886921305375,1043.72
536,16.093,3.899999999999999,-29.225,-33.125,5.734328,-38.54825366396493,1043.695
537,16.093,3.899999999999999,-29.183333333333334,-33.08333333333333,5.896314666666667,-38.64780779708825,1043.67
538,16.093,3.899999999999999,-29.141666666666666,-33.041666666666664,6.0583013333333335,-38.74373649275719,1043.645
539,16.093,3.899999999999999,-29.1,-33.0,6.220288,-38.836212939461426,1043.62
540,16.093,3.899999999999999,-29.058333333333334,-32.95833333333333,6.3822746666666665,-38.92539772220333,1043.595
541,16.093,3.899999999999999,-29.016666666666666,-32.916666666666664,6.544261333333333,-39.0114400350473,1043.57
542,16.093,3.899999999999999,-28.975,-32.875,6.706248,-39.09447875007078,1043.545
543,16.093,3.899999999999999,-28.933333333333334,-32.83333333333333,6.868234666666667,-39.17464336275793,1043.52
544,16.093,3.891666666666665,-28.89,-32.781666666666666,6.949228000000001,-39.18627588282034,1043.5
545,16.093,3.849999999999999,-28.84,-32.69,6.706248,-38.93047553087385,1043.5
546,16.093,3.808333333333332,-28.79,-32.59833333333333,6.463268,-38.66899477128683,1043.5
547,16.093,3.766666666666665,-28.74,-32.50666666666667,6.220288,-38.40142647110939,1043.5
548,16.093,3.724999999999999,-28.69,-32.415,5.977308000000001,-38.12731729360357,1043.5
549,16.093,3.683333333333332,-28.64,-32.32333333333333,5.7343280000000005,-37.84616033550327,1043.5
550,16.093,3.641666666666665,-28.59,-32.23166666666666,5.491348,-37.557386223039984,1043.5
551,16.093,3.5999999999999988,-28.54,-32.14,5.248368,-37.26035226002145,1043.5
552,16.093,3.558333333333332,-28.49,-32.04833333333333,5.005388,-36.95432908961584,1043.5
553,16.093,3.5166666666666653,-28.44,-31.956666666666667,4.762408000000001,-36.63848414859805,1043.5
554,16.093,3.4749999999999988,-28.39,-31.865,4.519428,-36.31186093497517,1043.5
555,16.093,3.433333333333332,-28.34,-31.773333333333333,4.276448,-35.97335274057884,1043.5
556,16.093,3.398333333333332,-28.291666666666668,-31.69,4.179256,-35.80114434103937,1043.4816666666666
557,16.093,3.389999999999999,-28.25,-31.64,4.665216,-36.30835404025783,1043.39
558,16.093,3.381666666666665,-28.208333333333336,-31.59,5.151176,-36.76808434377337,1043.2983333333334
559,16.093,3.3733333333333326,-28.166666666666668,-31.54,5.637136,-37.18824315332226,1043.2066666666667
560,16.093,3.365,-28.125,-31.49,6.123096,-37.5748672018143,1043.115
561,16.093,3.356666666666666,-28.083333333333336,-31.44,6.609056000000001,-37.93267534362127,1043.0233333333333
562,16.093,3.348333333333333,-28.041666666666668,-31.39,7.095016,-38.26543023946232,1042.9316666666666
563,16.093,3.34,-28.0,-31.34,7.580976,-38.576183192895556,1042.84
564,16.093,3.3316666666666666,-27.958333333333336,-31.29,8.066936,-38.867444859152386,1042.7483333333334
565,16.093,3.3233333333333337,-27.916666666666668,-31.24,8.552896,-39.14130732436898,1042.6566666666668
566,16.093,3.3150000000000004,-27.875,-31.19,9.038856,-39.39953334851212,1042.565
567,16.093,3.306666666666667,-27.833333333333336,-31.14,9.524816,-39.64362287234762,1042.4733333333334
568,16.093,3.3100000000000005,-27.826666666666668,-31.136666666666667,9.816392,-39.806790101640146,1042.4050000000002
569,16.093,3.3600000000000003,-27.96,-31.32,9.330432,-39.68477040452301,1042.43
570,16.093,3.41,-28.093333333333334,-31.50333333333333,8.844472,-39.54842805432947,1042.4550000000002
571,16.093,3.46,-28.226666666666667,-31.686666666666667,8.358512,-39.39632605123808,1042.48
572,16.093,3.51,-28.36,-31.87,7.872552,-39.226786217214084,1042.505
573,16.093,3.56,-28.49333333333333,-32.053333333333335,7.386592,-39.037830679778665,1042.53
574,16.093,3.61,-28.626666666666665,-32.236666666666665,6.900632,-38.82710420309561,1042.555
575,16.093,3.6599999999999993,-28.76,-32.42,6.414672,-38.59176924049178,1042.5800000000002
576,16.093,3.709999999999999,-28.89333333333333,-32.60333333333333,5.928712,-38.328361222839575,1042.605
577,16.093,3.759999999999999,-29.026666666666667,-32.78666666666666,5.442752,-38.032584325050365,1042.63
578,16.093,3.809999999999999,-29.16,-32.97,4.956792,-37.69901536733348,1042.655
579,16.093,3.859999999999999,-29.293333333333333,-33.15333333333333,4.470832,-37.320660775289156,1042.68
580,16.093,3.891666666666665,-29.4,-33.291666666666664,4.279687733333334,-37.22128314427321,1042.6866666666667
581,16.093,3.849999999999999,-29.4,-33.25,5.2678064,-38.30509236738419,1042.62
582,16.093,3.808333333333332,-29.4,-33.20833333333333,6.255925066666666,-39.229669394101386,1042.5533333333333
583,16.093,3.766666666666665,-29.4,-33.166666666666664,7.244043733333333,-40.038723227265834,1042.486666666667
584,16.093,3.724999999999999,-29.4,-33.125,8.2321624,-40.75982223201922,1042.42
585,16.093,3.683333333333332,-29.4,-33.08333333333333,9.220281066666663,-41.41153481582391,1042.3533333333337
586,16.093,3.641666666666665,-29.4,-33.041666666666664,10.208399733333334,-42.00699613072001,1042.2866666666666
587,16.093,3.5999999999999988,-29.4,-33.0,11.1965184,-42.555858514875084,1042.22
588,16.093,3.558333333333332,-29.4,-32.95833333333333,12.184637066666667,-43.065434310671264,1042.1533333333334
589,16.093,3.5166666666666653,-29.4,-32.916666666666664,13.172755733333332,-43.541402985622106,1042.0866666666668
590,16.093,3.4749999999999988,-29.4,-32.875,14.160874399999996,-43.98826844389308,1042.02
591,16.093,3.433333333333332,-29.4,-32.83333333333333,15.148993066666666,-44.40966581412499,1041.9533333333334
592,16.093,3.398333333333332,-29.391666666666666,-32.79,15.991323733333331,-44.740170607423536,1041.9033333333334
593,16.093,3.3899999999999992,-29.35,-32.739999999999995,16.2505024,-44.787772167442725,1041.92
594,16.093,3.3816666666666664,-29.308333333333334,-32.69,16.509681066666666,-44.83387210030003,1041.9366666666667
595,16.093,3.373333333333333,-29.266666666666666,-32.64,16.768859733333333,-44.87851219351343,1041.9533333333334
596,16.093,3.3650000000000007,-29.225,-32.59,17.0280384,-44.921732428863386,1041.97
597,16.093,3.356666666666668,-29.183333333333334,-32.54,17.287217066666667,-44.96357108680561,1041.986666666667
598,16.093,3.348333333333335,-29.141666666666666,-32.49,17.546395733333334,-45.004064843373705,1042.003333333333
599,16.093,3.340000000000002,-29.1,-32.44,17.8055744,-45.043248860214256,1042.02
600,16.093,3.331666666666669,-29.058333333333334,-32.39,18.06475306666667,-45.0811568683337,1042.0366666666666
601,16.093,3.3233333333333364,-29.016666666666666,-32.34,18.32393173333333,-45.11782124608007,1042.0533333333333
602,16.093,3.3150000000000035,-28.975,-32.29,18.5831104,-45.153273091831835,1042.07
603,16.093,3.30666666666667,-28.933333333333334,-32.24,18.84228906666667,-45.18754229182201,1042.0866666666666
604,16.093,3.310000000000004,-28.89,-32.2,18.965398933333336,-45.172287129074384,1042.0949999999998
605,16.093,3.360000000000004,-28.84,-32.2,18.5442336,-44.96162391713544,1042.07
606,16.093,3.410000000000004,-28.79,-32.2,18.123068266666667,-44.74842992369966,1042.0449999999998
607,16.093,3.4600000000000035,-28.74,-32.2,17.701902933333336,-44.53259236171206,1042.02
608,16.093,3.510000000000004,-28.69,-32.2,17.280737600000002,-44.313990674193825,1041.995
609,16.093,3.560000000000003,-28.64,-32.2,16.859572266666667,-44.092495796155504,1041.97
610,16.093,3.610000000000003,-28.59,-32.2,16.438406933333336,-43.86796932606454,1041.945
611,16.093,3.660000000000003,-28.54,-32.2,16.017241600000002,-43.640262593158326,1041.9199999999998
612,16.093,3.710000000000002,-28.49,-32.2,15.596076266666667,-43.40921560439675,1041.895
613,16.093,3.7600000000000025,-28.44,-32.2,15.174910933333337,-43.174655851815736,1041.87
614,16.093,3.8100000000000014,-28.39,-32.2,14.753745600000002,-42.936396957341216,1041.845
615,16.093,3.860000000000002,-28.34,-32.2,14.332580266666668,-42.694237127582404,1041.82
616,16.093,3.908333333333336,-28.273333333333333,-32.18166666666667,13.979449333333337,-42.45613926263548,1041.805
617,16.093,3.950000000000002,-28.14,-32.09,13.898456,-42.249061253866174,1041.83
618,16.093,3.991666666666669,-28.006666666666668,-31.99833333333333,13.817462666666668,-42.04197612415658,1041.855
619,16.093,4.033333333333336,-27.87333333333333,-31.90666666666667,13.736469333333334,-41.834883230138665,1041.88
620,16.093,4.075000000000002,-27.74,-31.815,13.655476,-41.62778191483201,1041.905
621,16.093,4.116666666666669,-27.606666666666666,-31.723333333333336,13.574482666666666,-41.4206715073021,1041.9299999999998
622,16.093,4.158333333333335,-27.473333333333333,-31.631666666666668,13.493489333333336,-41.21355132230846,1041.955
623,16.093,4.200000000000002,-27.34,-31.540000000000003,13.412496,-41.00642065994174,1041.98
624,16.093,4.241666666666669,-27.206666666666667,-31.44833333333333,13.331502666666667,-40.79927880524983,1042.005
625,16.093,4.283333333333335,-27.07333333333333,-31.35666666666667,13.250509333333332,-40.592125027852276,1042.03
626,16.093,4.325000000000002,-26.94,-31.265,13.169516,-40.384958581542705,1042.0549999999998
627,16.093,4.366666666666669,-26.806666666666665,-31.173333333333336,13.088522666666666,-40.177778703878744,1042.08
628,16.039366666666666,4.390000000000002,-26.681666666666665,-31.07166666666667,13.072324,-40.01030619281853,1042.0916666666665
629,15.7712,4.340000000000002,-26.59,-30.93,13.315304,-40.00049039993517,1042.05
630,15.503033333333333,4.290000000000001,-26.49833333333333,-30.78833333333333,13.558284,-39.98868211126819,1042.0083333333332
631,15.234866666666669,4.240000000000001,-26.406666666666663,-30.64666666666667,13.801264,-39.974942914631704,1041.9666666666665
632,14.9667,4.19,-26.315,-30.505,14.044244,-39.95933139398927,1041.925
633,14.698533333333334,4.14,-26.223333333333333,-30.363333333333333,14.287224,-39.94190332592158,1041.8833333333332
634,14.430366666666666,4.09,-26.131666666666668,-30.221666666666668,14.530204,-39.92271186011514,1041.8416666666665
635,14.1622,4.039999999999999,-26.04,-30.08,14.773184,-39.901807685416586,1041.8
636,13.894033333333333,3.989999999999999,-25.94833333333333,-29.938333333333333,15.016164,-39.8792391828254,1041.7583333333332
637,13.625866666666669,3.939999999999998,-25.85666666666667,-29.796666666666667,15.259144,-39.85505256664684,1041.7166666666665
638,13.3577,3.889999999999998,-25.765,-29.655,15.502123999999998,-39.829292014895046,1041.675
639,13.089533333333334,3.839999999999997,-25.673333333333336,-29.51333333333333,15.745104,-39.801999789920885,1041.6333333333332
640,12.714066666666668,3.801666666666664,-25.561666666666667,-29.363333333333333,16.023721066666667,-39.76032612118133,1041.5849999999998
641,11.9094,3.809999999999997,-25.37,-29.18,16.444886399999998,-39.663815638230595,1041.51
642,11.104733333333334,3.81833333333333,-25.17833333333333,-28.996666666666663,16.866051733333332,-39.56296505168807,1041.435
643,10.300066666666666,3.826666666666664,-24.986666666666668,-28.813333333333333,17.287217066666667,-39.45795647897373,1041.36
644,9.4954,3.8349999999999977,-24.795,-28.63,17.708382399999998,-39.34895987085311,1041.285
645,8.690733333333334,3.843333333333331,-24.60333333333333,-28.446666666666665,18.12954773333333,-39.236134098497516,1041.21
646,7.886066666666666,3.851666666666664,-24.41166666666667,-28.26333333333333,18.550713066666667,-39.11962792033739,1041.135
647,7.0814,3.859999999999998,-24.22,-28.08,18.9718784,-38.99958084442599,1041.06
648,6.2767333333333335,3.8683333333333314,-24.028333333333336,-27.896666666666665,19.39304373333333,-38.876123899673615,1040.985
649,5.472066666666667,3.8766666666666647,-23.836666666666662,-27.71333333333333,19.814209066666667,-38.749380327351375,1040.91
650,4.667400000000001,3.8849999999999993,-23.645,-27.53,20.2353744,-38.61946620262731,1040.835
651,3.862733333333333,3.893333333333332,-23.453333333333333,-27.346666666666664,20.65653973333333,-38.48649099452285,1040.76
652,3.192133333333333,3.9066666666666654,-23.28,-27.186666666666667,20.86388266666667,-38.31466152201399,1034.2133333333334
653,3.0578,3.939999999999999,-23.18,-27.12,20.215936000000003,-37.99559548647771,1001.78
654,2.9234666666666667,3.973333333333333,-23.08,-27.05333333333333,19.567989333333337,-37.672185099214786,969.3466666666668
655,2.8249555555555554,3.997777777777778,-22.982222222222223,-26.98,19.13602488888889,-37.412859334212584,945.5466666666666
656,2.869733333333333,3.986666666666667,-22.89333333333333,-26.88,19.567989333333337,-37.424715868512294,956.28
657,2.914511111111111,3.975555555555556,-22.80444444444445,-26.78,19.99995377777778,-37.43375112785061,967.0133333333332
658,2.9592888888888886,3.964444444444445,-22.71555555555556,-26.68,20.431918222222222,-37.44007079775855,977.7466666666668
659,3.0040666666666667,3.953333333333336,-22.626666666666665,-26.58,20.86388266666667,-37.443774368757374,988.48
660,3.048844444444444,3.942222222222224,-22.537777777777777,-26.48,21.295847111111115,-37.44495562111595,999.2133333333334
661,3.093622222222222,3.9311111111111128,-22.448888888888888,-26.380000000000003,21.72781155555556,-37.4437030626149,1009.9466666666668
662,3.1384,3.9200000000000017,-22.36,-26.28,22.159776,-37.440100324714216,1020.68
663,3.183177777777777,3.90888888888889,-22.27111111111111,-26.18,22.591740444444447,-37.43422652180852,1031.4133333333334
664,3.1921666666666666,3.903333333333336,-22.19333333333333,-26.096666666666668,22.937312,-37.41898373867981,1036.7666666666669
665,3.058,3.9200000000000017,-22.16,-26.08,22.937312,-37.374188459480074,1020.6
666,2.923833333333333,3.936666666666668,-22.126666666666665,-26.063333333333333,22.937312,-37.329393180280334,1004.4333333333334
667,2.7896666666666667,3.953333333333336,-22.093333333333334,-26.046666666666667,22.937312,-37.284597901080595,988.2666666666668
668,2.6555,3.9700000000000006,-22.06,-26.03,22.937312,-37.239802621880855,972.1
669,2.5213333333333336,3.986666666666667,-22.026666666666667,-26.01333333333333,22.937312,-37.19500734268112,955.9333333333334
670,2.4006000000000003,3.9966666666666666,-21.97,-25.966666666666665,23.04098346666667,-37.145261871981575,946.2133333333334
671,2.3336,3.98,-21.82,-25.8,23.5593408,-37.07377274982811,962.28
672,2.2666,3.963333333333333,-21.67,-25.633333333333333,24.07769813333333,-36.999133454296306,978.3466666666668
673,2.1996,3.946666666666666,-21.52,-25.466666666666665,24.59605546666667,-36.92145827250798,994.4133333333334
674,2.1326,3.929999999999999,-21.37,-25.3,25.1144128,-36.84085487503911,1010.48
675,2.0656,3.913333333333332,-21.22,-25.133333333333333,25.63277013333333,-36.75742482971385,1026.5466666666666
676,1.973666666666667,3.857142857142856,-21.09523809523809,-24.95238095238096,26.14001980952381,-36.70307144387813,1034.7666666666669
677,1.782,3.642857142857142,-21.071428571428573,-24.714285714285715,26.602838857142856,-36.77389796432106,1011.6
678,1.5903333333333334,3.428571428571428,-21.047619047619047,-24.476190476190474,27.065657904761903,-36.843129341408186,988.4333333333334
679,1.3986666666666667,3.214285714285714,-21.02380952380953,-24.23809523809524,27.528476952380952,-36.91081445179629,965.2666666666668
680,1.207,3.0,-21.0,-24.0,27.991296,-36.97699986798526,942.1
681,1.6095000000000002,3.0,-21.0,-24.0,27.505336,-36.873337269227186,942.1
682,2.012,3.0,-21.0,-24.0,27.019376,-36.76812462678018,942.1
683,2.358724137931034,3.137931034482758,-20.93103448275862,-24.06896551724138,26.51665875862069,-36.563748536773275,958.8241379310344
684,2.705448275862069,3.275862068965516,-20.86206896551724,-24.13793103448276,26.01394151724138,-36.35790986250956,975.548275862069
685,3.0521724137931034,3.4137931034482745,-20.79310344827586,-24.20689655172414,25.51122427586207,-36.15055264248771,992.2724137931034
686,3.398896551724138,3.5517241379310325,-20.724137931034484,-24.27586206896552,25.00850703448276,-35.941617697937,1008.9965517241378
687,3.745620689655172,3.689655172413792,-20.655172413793103,-24.344827586206897,24.50578979310345,-35.73104238011609,1025.7206896551722
688,4.123583333333333,3.8083333333333305,-20.575000000000003,-24.383333333333333,24.014523333333337,-35.506375560468356,1035.0583333333332
689,4.6265,3.849999999999998,-20.450000000000003,-24.3,23.56906,-35.23079287870179,1014.85
690,5.129416666666667,3.891666666666665,-20.325,-24.216666666666665,23.123596666666668,-34.954047315749165,994.6416666666668
691,5.632333333333333,3.933333333333332,-20.2,-24.133333333333333,22.67813333333333,-34.67609108174533,974.4333333333332
692,6.13525,3.975,-20.075,-24.05,22.23267,-34.39687359461094,954.225
693,6.302888888888889,3.994444444444445,-19.966666666666665,-23.961111111111112,22.084182222222225,-34.21421225720131,947.4277777777778
694,5.967611111111111,3.980555555555556,-19.883333333333333,-23.86388888888889,22.38115777777778,-34.177183164858974,960.7472222222224
695,5.632333333333333,3.9666666666666672,-19.8,-23.766666666666666,22.67813333333333,-34.139072611234795,974.0666666666668
696,5.297055555555556,3.952777777777779,-19.716666666666665,-23.669444444444444,22.97510888888889,-34.099904600402596,987.3861111111112
697,4.961777777777778,3.93888888888889,-19.633333333333333,-23.572222222222223,23.272084444444445,-34.05970228061361,1000.7055555555556
698,4.6265,3.9250000000000016,-19.55,-23.475,23.56906,-34.01848798553077,1014.025
699,4.291222222222222,3.911111111111113,-19.466666666666665,-23.37777777777778,23.86603555555556,-33.97628327297877,1027.3444444444444
700,3.895947368421053,3.9052631578947374,-19.37894736842105,-23.28421052631579,24.154769684210528,-33.92527787302348,1032.9052631578948
701,3.2606842105263154,3.9315789473684224,-19.27368421052632,-23.205263157894738,24.41053810526316,-33.84209500428163,1007.4315789473684
702,2.6254210526315784,3.957894736842106,-19.16842105263158,-23.126315789473683,24.66630652631579,-33.75813842477213,981.957894736842
703,1.990157894736842,3.9842105263157896,-19.063157894736843,-23.04736842105263,24.922074947368426,-33.67342129747419,956.4842105263158
704,1.6678780487804878,3.970731707317073,-19.01951219512195,-22.990243902439023,24.923821658536585,-33.61473774007098,945.9121951219512
705,1.815073170731708,3.897560975609757,-19.068292682926828,-22.965853658536584,24.54453580487805,-33.595116657500405,957.6926829268292
706,1.962268292682927,3.82439024390244,-19.117073170731707,-22.941463414634143,24.16524995121951,-33.5742003758726,969.4731707317072
707,2.1094634146341464,3.7512195121951226,-19.165853658536584,-22.917073170731708,23.78596409756097,-33.55195286433955,981.2536585365854
708,2.2566585365853657,3.678048780487806,-19.214634146341464,-22.89268292682927,23.40667824390244,-33.52833647111936,993.0341463414634
709,2.403853658536585,3.604878048780489,-19.26341463414634,-22.86829268292683,23.027392390243904,-33.5033118225899,1004.8146341463414
710,2.551048780487805,3.5317073170731725,-19.31219512195122,-22.84390243902439,22.648106536585367,-33.47683771431193,1016.5951219512194
711,2.698243902439025,3.4585365853658554,-19.360975609756096,-22.819512195121952,22.26882068292683,-33.44887099318867,1028.3756097560974
712,2.916583333333333,3.450000000000002,-19.366666666666667,-22.816666666666663,21.80340533333333,-33.339971098318465,1029.775
713,3.4195,3.700000000000001,-19.2,-22.9,20.993472,-32.90982382922311,989.65
714,3.9224166666666656,3.95,-19.03333333333333,-22.98333333333333,20.183538666666667,-32.47431715683486,949.525
715,4.8276666666666666,4.0,-19.0,-23.0,20.669498666666662,-32.55869759578556,941.5
716,5.8335,4.0,-19.0,-23.0,21.479432000000003,-32.76763682904947,941.5
717,6.5264444444444445,4.022222222222222,-18.994444444444444,-23.016666666666666,21.91139644444445,-32.86894162693473,946.8555555555556
718,6.750055555555556,4.077777777777778,-18.980555555555554,-23.058333333333334,21.77640755555556,-32.816577125179606,960.2444444444444
719,6.973666666666667,4.133333333333334,-18.966666666666665,-23.1,21.641418666666667,-32.764056042640945,973.6333333333332
720,7.197277777777778,4.18888888888889,-18.952777777777776,-23.141666666666666,21.50642977777778,-32.71137650571592,987.0222222222222
721,7.420888888888889,4.244444444444445,-18.938888888888886,-23.183333333333334,21.37144088888889,-32.658536606935066,1000.4111111111112
722,7.644500000000001,4.300000000000002,-18.925,-23.225,21.236452,-32.60553440413426,1013.8
723,7.868111111111112,4.355555555555558,-18.91111111111111,-23.266666666666666,21.101463111111112,-32.55236791960104,1027.1888888888889
724,8.047,4.391666666666668,-18.90833333333333,-23.3,20.977273333333333,-32.516644007596526,1037.8933333333334
725,8.047,4.350000000000002,-18.95,-23.3,20.89628,-32.55122572534394,1037.86
726,8.047,4.308333333333335,-18.991666666666664,-23.3,20.815286666666665,-32.585702228542374,1037.8266666666668
727,8.047,4.266666666666668,-19.03333333333333,-23.3,20.734293333333333,-32.620072845943156,1037.7933333333333
728,8.047,4.225000000000002,-19.075,-23.3,20.6533,-32.65433689911238,1037.76
729,8.047,4.183333333333335,-19.116666666666664,-23.3,20.572306666666663,-32.688493702324465,1037.7266666666667
730,8.047,4.141666666666669,-19.15833333333333,-23.3,20.49131333333333,-32.722542562453796,1037.6933333333334
731,8.047,4.100000000000002,-19.2,-23.3,20.41032,-32.756482778864225,1037.66
732,8.047,4.058333333333335,-19.241666666666664,-23.3,20.329326666666667,-32.79031364329649,1037.6266666666668
733,8.047,4.016666666666669,-19.28333333333333,-23.3,20.24833333333333,-32.82403443975353,1037.5933333333332
734,8.047,3.9750000000000014,-19.325,-23.3,20.16734,-32.85764444438357,1037.56
735,8.047,3.9333333333333353,-19.366666666666664,-23.3,20.086346666666667,-32.89114292536085,1037.5266666666666
736,8.154283333333334,3.890000000000002,-19.42,-23.31,19.989154666666668,-32.93561995405924,1037.5
737,8.6907,3.8400000000000016,-19.52,-23.36,19.827168,-33.02412419789272,1037.5
738,9.227116666666667,3.790000000000002,-19.62,-23.41,19.665181333333333,-33.11213880723656,1037.5
739,9.763533333333331,3.7400000000000007,-19.72,-23.46,19.503194666666666,-33.19965722264523,1037.5
740,10.29995,3.69,-19.82,-23.51,19.341208,-33.28667273561769,1037.5
741,10.836366666666668,3.64,-19.92,-23.56,19.17922133333333,-33.37317848388273,1037.5
742,11.372783333333334,3.5899999999999994,-20.02,-23.61,19.017234666666667,-33.459167446493126,1037.5
743,11.9092,3.539999999999999,-20.12,-23.66,18.855248,-33.54463243871921,1037.5
744,12.445616666666666,3.489999999999999,-20.22,-23.71,18.693261333333336,-33.62956610673198,1037.5
745,12.982033333333334,3.439999999999998,-20.32,-23.76,18.53127466666667,-33.71396092206481,1037.5
746,13.51845,3.389999999999998,-20.42,-23.81,18.369288,-33.7978091758428,1037.5
747,14.054866666666667,3.339999999999997,-20.520000000000003,-23.86,18.207301333333334,-33.88110297276782,1037.5
748,14.43035,3.3099999999999974,-20.59,-23.9,18.158705333333334,-33.958676036072326,1037.496666666667
749,14.1621,3.359999999999997,-20.540000000000003,-23.9,18.563672,-34.01388132800412,1037.48
750,13.89385,3.409999999999997,-20.49,-23.9,18.968638666666667,-34.06664419126349,1037.4633333333334
751,13.6256,3.4599999999999977,-20.44,-23.9,19.37360533333333,-34.11705676528884,1037.4466666666667
752,13.35735,3.5099999999999976,-20.39,-23.9,19.778572,-34.16520581803661,1037.43
753,13.0891,3.559999999999998,-20.34,-23.9,20.183538666666667,-34.21117316286349,1037.4133333333334
754,12.82085,3.609999999999998,-20.29,-23.9,20.58850533333333,-34.255036035362515,1037.3966666666663
755,12.5526,3.659999999999998,-20.24,-23.9,20.993472,-34.29686743470904,1037.38
756,12.28435,3.709999999999998,-20.19,-23.9,21.398438666666667,-34.33673643347589,1037.3633333333332
757,12.0161,3.7599999999999993,-20.14,-23.9,21.80340533333333,-34.37470845936974,1037.3466666666666
758,11.74785,3.8099999999999983,-20.09,-23.9,22.208372000000004,-34.41084555190575,1037.33
759,11.4796,3.859999999999999,-20.04,-23.9,22.61333866666667,-34.44520659666431,1037.3133333333333
760,11.345466666666669,3.898333333333332,-20.01,-23.90833333333333,22.90491466666667,-34.47694050842626,1037.3
761,11.7478,3.8899999999999983,-20.06,-23.95,22.742928000000003,-34.504179759626695,1037.3
762,12.150133333333336,3.881666666666665,-20.11,-23.991666666666664,22.58094133333333,-34.531097092313296,1037.3
763,12.552466666666668,3.873333333333332,-20.16,-24.03333333333333,22.418954666666668,-34.55768858856027,1037.3
764,12.9548,3.864999999999998,-20.21,-24.075,22.256968,-34.58395025189378,1037.3
765,13.357133333333334,3.8566666666666647,-20.26,-24.116666666666664,22.094981333333333,-34.609878005118105,1037.3
766,13.759466666666668,3.8483333333333314,-20.31,-24.15833333333333,21.93299466666667,-34.63546768806496,1037.3
767,14.1618,3.8399999999999976,-20.36,-24.2,21.771008,-34.66071505526274,1037.3
768,14.564133333333334,3.831666666666664,-20.41,-24.241666666666664,21.60902133333333,-34.68561577352218,1037.3
769,14.966466666666667,3.823333333333331,-20.46,-24.28333333333333,21.447034666666667,-34.71016541943483,1037.3
770,15.3688,3.814999999999997,-20.51,-24.325,21.285048,-34.734359476780426,1037.3
771,15.771133333333331,3.806666666666664,-20.56,-24.366666666666664,21.12306133333333,-34.75819333383919,1037.3
772,16.093,3.801666666666664,-20.60833333333333,-24.41,20.90923893333333,-34.76554062395515,1037.3016666666667
773,16.093,3.809999999999997,-20.65,-24.46,20.4880736,-34.7069795397864,1037.31
774,16.093,3.81833333333333,-20.691666666666663,-24.51,20.066908266666665,-34.646236232088334,1037.3183333333334
775,16.093,3.826666666666664,-20.73333333333333,-24.56,19.64574293333333,-34.58322807740373,1037.3266666666666
776,16.093,3.8349999999999977,-20.775,-24.61,19.2245776,-34.517867419071635,1037.335
777,16.093,3.843333333333331,-20.816666666666663,-24.66,18.803412266666665,-34.4500611415638,1037.3433333333332
778,16.093,3.851666666666664,-20.85833333333333,-24.71,18.38224693333333,-34.379710198339374,1037.3516666666667
779,16.093,3.859999999999998,-20.9,-24.76,17.9610816,-34.30670908694591,1037.36
780,16.093,3.8683333333333314,-20.941666666666663,-24.81,17.539916266666665,-34.23094526408005,1037.368333333333
781,16.093,3.8766666666666647,-20.98333333333333,-24.86,17.11875093333333,-34.1522984921127,1037.3766666666668
782,16.093,3.8849999999999993,-21.025,-24.91,16.6975856,-34.07064010714002,1037.385
783,16.093,3.893333333333332,-21.066666666666663,-24.96,16.276420266666666,-33.98583219689002,1037.3933333333334
784,16.093,3.899999999999999,-21.118333333333336,-25.01833333333333,15.9589264,-33.94612525069207,1037.3933333333334
785,16.093,3.899999999999999,-21.21,-25.11,16.0561184,-34.098627882522685,1037.36
786,16.093,3.899999999999999,-21.30166666666667,-25.201666666666668,16.1533104,-34.25108404192836,1037.3266666666668
787,16.093,3.9,-21.39333333333333,-25.293333333333333,16.2505024,-34.40349466276918,1037.2933333333333
788,16.093,3.9,-21.485,-25.385,16.347694399999998,-34.5558606609745,1037.26
789,16.093,3.9,-21.576666666666668,-25.476666666666667,16.4448864,-34.70818293497423,1037.2266666666667
790,16.093,3.9,-21.668333333333333,-25.56833333333333,16.5420784,-34.860462366117474,1037.1933333333334
791,16.093,3.900000000000001,-21.76,-25.66,16.6392704,-35.01269981907903,1037.16
792,16.093,3.900000000000001,-21.851666666666667,-25.75166666666667,16.7364624,-35.16489614225386,1037.1266666666668
793,16.093,3.900000000000001,-21.94333333333333,-25.843333333333334,16.8336544,-35.31705216814033,1037.0933333333332
794,16.093,3.9000000000000017,-22.035,-25.935,16.9308464,-35.46916871371231,1037.06
795,16.093,3.9000000000000017,-22.126666666666665,-26.026666666666667,17.0280384,-35.621246580780685,1037.0266666666666
796,16.093,3.891666666666669,-22.218333333333334,-26.110000000000003,17.17058666666667,-35.788137522656584,1036.9833333333331
797,16.093,3.850000000000002,-22.31,-26.16,17.49456,-36.013646516383744,1036.9
798,16.093,3.808333333333335,-22.401666666666667,-26.21,17.818533333333335,-36.237905529561395,1036.8166666666666
799,16.093,3.766666666666668,-22.49333333333333,-26.26,18.14250666666667,-36.46095996938497,1036.7333333333331
800,16.093,3.725000000000001,-22.585,-26.31,18.46648,-36.68285289900629,1036.65
801,16.093,3.683333333333334,-22.676666666666662,-26.36,18.79045333333333,-36.903625196178844,1036.5666666666666
802,16.093,3.641666666666667,-22.76833333333333,-26.41,19.114426666666667,-37.12331569866706,1036.4833333333331
803,16.093,3.6,-22.86,-26.46,19.4384,-37.34196133772579,1036.4
804,16.093,3.558333333333333,-22.951666666666668,-26.51,19.762373333333333,-37.55959726080938,1036.3166666666666
805,16.093,3.516666666666666,-23.043333333333333,-26.56,20.086346666666667,-37.77625694453886,1036.2333333333331
806,16.093,3.474999999999999,-23.135,-26.61,20.41032,-37.99197229884339,1036.15
807,16.093,3.433333333333332,-23.226666666666667,-26.66,20.734293333333333,-38.206773763092784,1036.0666666666666
808,16.066183333333335,3.3999999999999986,-23.3,-26.7,21.00967066666667,-38.38254502764963,1035.993333333333
809,15.9321,3.3999999999999986,-23.3,-26.7,21.090664,-38.40534335852202,1035.96
810,15.798016666666667,3.3999999999999986,-23.3,-26.7,21.171657333333336,-38.42806826462605,1035.9266666666667
811,15.663933333333333,3.3999999999999986,-23.3,-26.7,21.252650666666668,-38.450720261973146,1035.8933333333332
812,15.52985,3.3999999999999986,-23.3,-26.7,21.333644,-38.47329986099878,1035.86
813,15.395766666666669,3.3999999999999986,-23.3,-26.7,21.41463733333333,-38.49580756664359,1035.8266666666666
814,15.261683333333334,3.3999999999999986,-23.3,-26.7,21.495630666666667,-38.51824387843307,1035.7933333333333
815,15.1276,3.3999999999999986,-23.3,-26.7,21.576624,-38.54060929055578,1035.76
816,14.993516666666666,3.3999999999999986,-23.3,-26.7,21.65761733333333,-38.562904291940185,1035.7266666666667
817,14.859433333333332,3.3999999999999986,-23.3,-26.7,21.738610666666663,-38.585129366330065,1035.6933333333332
818,14.72535,3.3999999999999986,-23.3,-26.7,21.819604,-38.607284992358544,1035.66
819,14.591266666666666,3.3999999999999986,-23.3,-26.7,21.900597333333334,-38.62937164362087,1035.6266666666666
820,14.510816666666669,3.408333333333332,-23.3,-26.70833333333333,21.816364266666668,-38.60640009476887,1035.611666666667
821,14.6449,3.4499999999999984,-23.3,-26.75,21.0712256,-38.39987847502192,1035.6699999999998
822,14.778983333333333,3.4916666666666654,-23.3,-26.791666666666664,20.326086933333336,-38.18712827723637,1035.7283333333332
823,14.913066666666667,3.533333333333332,-23.3,-26.83333333333333,19.580948266666667,-37.96772263811271,1035.7866666666666
824,15.04715,3.5749999999999984,-23.3,-26.875,18.8358096,-37.74118778744366,1035.845
825,15.181233333333331,3.616666666666666,-23.3,-26.916666666666664,18.09067093333333,-37.50699579702239,1035.9033333333332
826,15.315316666666666,3.658333333333332,-23.3,-26.95833333333333,17.345532266666666,-37.264555857229354,1035.9616666666666
827,15.4494,3.6999999999999984,-23.3,-27.0,16.6003936,-37.01320370471302,1036.02
828,15.583483333333334,3.741666666666666,-23.3,-27.041666666666664,15.855254933333336,-36.75218870657434,1036.0783333333334
829,15.717566666666666,3.783333333333332,-23.3,-27.08333333333333,15.110116266666669,-36.48065794402996,1036.1366666666663
830,15.85165,3.8249999999999984,-23.3,-27.125,14.3649776,-36.197636411847824,1036.195
831,15.985733333333332,3.866666666666666,-23.3,-27.166666666666664,13.619838933333334,-35.902002128739355,1036.253333333333
832,16.093,3.899999999999999,-23.31,-27.21,12.971892266666666,-35.64647952152917,1036.3016666666667
833,16.093,3.899999999999999,-23.36,-27.26,12.7127136,-35.59990279679694,1036.31
834,16.093,3.899999999999999,-23.41,-27.31,12.453534933333334,-35.551200708840184,1036.3183333333334
835,16.093,3.9,-23.46,-27.36,12.194356266666666,-35.500293776736115,1036.3266666666666
836,16.093,3.9,-23.51,-27.41,11.9351776,-35.447097725437295,1036.335
837,16.093,3.9,-23.56,-27.46,11.675998933333334,-35.39152308414899,1036.3433333333332
838,16.093,3.9,-23.61,-27.51,11.416820266666669,-35.33347474126182,1036.3516666666667
839,16.093,3.900000000000001,-23.66,-27.56,11.1576416,-35.27285145003334,1036.36
840,16.093,3.900000000000001,-23.71,-27.61,10.898462933333334,-35.20954527828157,1036.368333333333
841,16.093,3.900000000000001,-23.76,-27.66,10.639284266666667,-35.14344099424714,1036.3766666666668
842,16.093,3.9000000000000017,-23.81,-27.71,10.3801056,-35.07441537946193,1036.385
843,16.093,3.9000000000000017,-23.86,-27.76,10.120926933333331,-35.00233645788153,1036.3933333333334
844,16.093,3.900000000000002,-23.918333333333333,-27.81833333333333,9.897385333333334,-34.956663221230194,1036.39
845,16.093,3.9000000000000017,-24.01,-27.91,9.816392,-35.02780739788959,1036.34
846,16.093,3.9000000000000017,-24.101666666666667,-28.00166666666667,9.735398666666669,-35.09849493865221,1036.29
847,16.093,3.900000000000001,-24.19333333333333,-28.093333333333334,9.654405333333331,-35.168719570434924,1036.24
848,16.093,3.900000000000001,-24.285,-28.185,9.573412,-35.23847487540805,1036.19
849,16.093,3.900000000000001,-24.376666666666665,-28.276666666666667,9.492418666666666,-35.30775428635796,1036.14
850,16.093,3.9,-24.468333333333334,-28.36833333333333,9.411425333333334,-35.37655108185947,1036.09
851,16.093,3.9,-24.56,-28.46,9.330432,-35.44485838124842,1036.04
852,16.093,3.9,-24.651666666666667,-28.551666666666662,9.249438666666666,-35.51266913938459,1035.99
853,16.093,3.9,-24.74333333333333,-28.64333333333333,9.168445333333333,-35.579976141193846,1035.94
854,16.093,3.899999999999999,-24.835,-28.735,9.087452,-35.64677199597864,1035.89
855,16.093,3.899999999999999,-24.926666666666662,-28.826666666666664,9.006458666666665,-35.71304913148436,1035.84
856,16.093,3.8899999999999983,-25.01,-28.9,8.957862666666665,-35.78778062764027,1035.7866666666666
857,16.093,3.84,-25.06,-28.9,9.038856,-35.89805779871481,1035.72
858,16.093,3.7899999999999983,-25.11,-28.9,9.119849333333333,-36.00806329281046,1035.6533333333332
859,16.093,3.739999999999998,-25.16,-28.9,9.200842666666668,-36.11780198921262,1035.5866666666666
860,16.093,3.689999999999998,-25.21,-28.9,9.281836,-36.22727864230926,1035.52
861,16.093,3.639999999999998,-25.26,-28.9,9.362829333333334,-36.336497885814595,1035.4533333333334
862,16.093,3.5899999999999976,-25.31,-28.9,9.443822666666666,-36.44546423681528,1035.3866666666663
863,16.093,3.539999999999998,-25.36,-28.9,9.524816,-36.554182099647946,1035.32
864,16.093,3.489999999999997,-25.41,-28.9,9.605809333333331,-36.66265576961647,1035.253333333333
865,16.093,3.4399999999999973,-25.46,-28.9,9.686802666666669,-36.770889436557,1035.1866666666667
866,16.093,3.389999999999997,-25.51,-28.9,9.767796,-36.87888718825798,1035.12
867,16.093,3.339999999999997,-25.56,-28.9,9.848789333333334,-36.98665301374247,1035.0533333333333
868,16.093,3.3183333333333307,-25.55333333333333,-28.871666666666663,9.949221066666668,-37.033893194140994,1034.993333333333
869,16.093,3.409999999999997,-25.32,-28.73,10.1274064,-36.838469793110185,1034.96
870,16.093,3.5016666666666643,-25.08666666666667,-28.58833333333333,10.305591733333332,-36.64078970120827,1034.9266666666667
871,16.093,3.593333333333331,-24.85333333333333,-28.446666666666665,10.483777066666669,-36.44091597067667,1034.8933333333332
872,16.093,3.684999999999998,-24.62,-28.305,10.6619624,-36.23890874819419,1034.86
873,16.093,3.7766666666666646,-24.386666666666667,-28.16333333333333,10.840147733333334,-36.034825456502226,1034.8266666666666
874,16.093,3.8683333333333314,-24.153333333333336,-28.021666666666665,11.018333066666669,-35.82872096184251,1034.7933333333333
875,16.093,3.959999999999998,-23.92,-27.88,11.1965184,-35.620647728528084,1034.76
876,16.093,4.051666666666665,-23.686666666666667,-27.738333333333333,11.374703733333334,-35.410655961826656,1034.7266666666667
877,16.093,4.143333333333332,-23.453333333333333,-27.596666666666664,11.552889066666667,-35.19879374020991,1034.6933333333332
878,16.093,4.234999999999999,-23.22,-27.455,11.7310744,-34.985107137913396,1034.66
879,16.093,4.326666666666665,-22.986666666666668,-27.313333333333333,11.909259733333334,-34.76964033865382,1034.6266666666666
880,16.093,4.4016666666666655,-22.808333333333334,-27.21,11.999972266666669,-34.583492690613696,1034.5983333333334
881,16.093,4.409999999999998,-22.85,-27.26,11.740793600000002,-34.519499432910436,1034.59
882,16.093,4.418333333333332,-22.891666666666666,-27.31,11.481614933333336,-34.45312466562418,1034.5816666666665
883,16.093,4.426666666666666,-22.933333333333334,-27.36,11.222436266666667,-34.38427106115782,1034.5733333333333
884,16.093,4.434999999999999,-22.975,-27.41,10.9632576,-34.31283489446979,1034.565
885,16.093,4.4433333333333325,-23.016666666666666,-27.46,10.704078933333331,-34.23870545853492,1034.5566666666666
886,16.093,4.451666666666666,-23.058333333333334,-27.51,10.444900266666666,-34.16176441072927,1034.5483333333332
887,16.093,4.459999999999999,-23.1,-27.56,10.1857216,-34.08188504003389,1034.54
888,16.093,4.468333333333333,-23.141666666666666,-27.61,9.926542933333334,-33.998931443176716,1034.5316666666668
889,16.093,4.476666666666667,-23.183333333333334,-27.66,9.667364266666668,-33.91275759568647,1034.5233333333333
890,16.093,4.484999999999999,-23.225,-27.71,9.4081856,-33.823206301233085,1034.515
891,16.093,4.493333333333333,-23.266666666666666,-27.76,9.149006933333332,-33.73010799946096,1034.506666666667
892,16.093,4.498333333333333,-23.273333333333333,-27.77166666666667,9.025897066666666,-33.668267502621234,1034.485
893,16.093,4.49,-23.14,-27.63,9.4470624,-33.738558972625185,1034.41
894,16.093,4.481666666666667,-23.006666666666668,-27.488333333333333,9.868227733333333,-33.79897472979438,1034.335
895,16.093,4.473333333333334,-22.87333333333333,-27.346666666666668,10.289393066666666,-33.850248542920774,1034.26
896,16.093,4.465000000000001,-22.74,-27.205,10.7105584,-33.89303123462837,1034.185
897,16.093,4.456666666666668,-22.606666666666666,-27.063333333333333,11.131723733333333,-33.927902943227835,1034.11
898,16.093,4.448333333333334,-22.473333333333333,-26.921666666666667,11.552889066666667,-33.955383179675046,1034.035
899,16.093,4.440000000000001,-22.34,-26.78,11.9740544,-33.97593914141288,1033.96
900,16.093,4.431666666666668,-22.206666666666667,-26.63833333333333,12.395219733333334,-33.98999263545109,1033.885
901,16.093,4.423333333333335,-22.07333333333333,-26.496666666666663,12.816385066666667,-33.99792588235295,1033.81
902,16.093,4.415000000000002,-21.94,-26.355,13.2375504,-34.00008641261202,1033.735
903,16.093,4.406666666666669,-21.806666666666665,-26.21333333333333,13.658715733333334,-33.996791221527175,1033.66
904,16.093,4.410000000000002,-21.681666666666665,-26.09166666666667,13.979449333333337,-33.9605643341728,1033.6033333333332
905,16.093,4.460000000000002,-21.59,-26.05,13.898456,-33.811249662354975,1033.62
906,16.093,4.510000000000002,-21.49833333333333,-26.008333333333336,13.817462666666668,-33.6618959973933,1033.6366666666663
907,16.093,4.560000000000001,-21.406666666666663,-25.96666666666667,13.736469333333334,-33.51250252830386,1033.6533333333332
908,16.093,4.610000000000001,-21.315,-25.925,13.655476,-33.363068428555366,1033.6699999999998
909,16.093,4.660000000000001,-21.223333333333333,-25.883333333333336,13.574482666666666,-33.21359285569291,1033.6866666666665
910,16.093,4.710000000000001,-21.131666666666668,-25.84166666666667,13.493489333333336,-33.06407495095067,1033.7033333333334
911,16.093,4.760000000000001,-21.04,-25.8,13.412496,-32.91451383885273,1033.72
912,16.093,4.8100000000000005,-20.94833333333333,-25.758333333333336,13.331502666666667,-32.7649086268021,1033.736666666667
913,16.093,4.86,-20.85666666666667,-25.71666666666667,13.250509333333332,-32.615258404656984,1033.753333333333
914,16.093,4.91,-20.765,-25.675,13.169516,-32.465562244294176,1033.77
915,16.093,4.96,-20.673333333333336,-25.633333333333336,13.088522666666666,-32.315819199159066,1033.7866666666666
916,16.093,5.0,-20.58,-25.58,13.039926666666666,-32.17682828063232,1033.7966666666666
917,16.093,5.0,-20.48,-25.48,13.12092,-32.08083853586251,1033.78
918,16.093,5.0,-20.380000000000003,-25.380000000000003,13.201913333333334,-31.984552000369227,1033.763333333333
919,16.093,5.0,-20.28,-25.28,13.282906666666667,-31.887971553915257,1033.746666666667
920,16.093,5.0,-20.18,-25.18,13.3639,-31.79110002888106,1033.73
921,16.093,5.0,-20.08,-25.08,13.444893333333336,-31.693940211338457,1033.7133333333334
922,16.093,5.0,-19.98,-24.98,13.525886666666668,-31.59649484209352,1033.6966666666665
923,16.093,5.0,-19.88,-24.88,13.60688,-31.498766617699744,1033.6799999999998
924,16.093,5.0,-19.78,-24.78,13.687873333333334,-31.400758191442613,1033.6633333333332
925,16.093,5.0,-19.68,-24.68,13.768866666666668,-31.302472174296284,1033.6466666666663
926,16.093,5.0,-19.58,-24.58,13.84986,-31.20391113585368,1033.63
927,16.093,5.0,-19.48,-24.48,13.930853333333337,-31.10507760523057,1033.6133333333332
928,16.066183333333335,5.0,-19.37333333333333,-24.37333333333333,14.079881066666667,-31.022249339428654,1033.5849999999998
929,15.9321,5.0,-19.24,-24.24,14.501046400000002,-31.001625173678754,1033.51
930,15.798016666666667,5.0,-19.106666666666666,-24.106666666666666,14.922211733333334,-30.976521169106775,1033.435
931,15.663933333333333,5.0,-18.973333333333333,-23.973333333333333,15.343377066666667,-30.947153997474217,1033.36
932,15.52985,5.0,-18.84,-23.84,15.764542400000002,-30.913723930776065,1033.285
933,15.395766666666669,5.0,-18.706666666666667,-23.706666666666667,16.185707733333334,-30.876416490830472,1033.21
934,15.261683333333334,5.0,-18.57333333333333,-23.57333333333333,16.60687306666667,-30.83540389436134,1033.135
935,15.1276,5.0,-18.44,-23.44,17.0280384,-30.790846323452925,1033.06
936,14.993516666666666,5.0,-18.306666666666665,-23.306666666666665,17.449203733333334,-30.742893046262616,1032.985
937,14.859433333333332,5.0,-18.17333333333333,-23.17333333333333,17.87036906666667,-30.69168340881931,1032.91
938,14.72535,5.0,-18.04,-23.04,18.291534400000003,-30.637347715416862,1032.835
939,14.591266666666666,5.0,-17.906666666666666,-22.906666666666663,18.71269973333333,-30.58000801238782,1032.76
940,14.376716666666669,5.0,-17.77166666666667,-22.77166666666667,19.11442666666667,-30.512273388820624,1032.6883333333333
941,13.8403,5.0,-17.63,-22.63,19.4384,-30.41231731978141,1032.63
942,13.303883333333332,5.0,-17.488333333333333,-22.488333333333333,19.762373333333336,-30.310613404047224,1032.5716666666667
943,12.767466666666667,5.0,-17.346666666666668,-22.346666666666668,20.08634666666667,-30.207209021805227,1032.513333333333
944,12.23105,5.0,-17.205000000000002,-22.205,20.41032,-30.102149464414822,1032.455
945,11.694633333333334,5.0,-17.063333333333333,-22.063333333333333,20.734293333333337,-29.995478058951562,1032.3966666666668
946,11.158216666666666,5.0,-16.921666666666667,-21.921666666666667,21.05826666666667,-29.88723628347828,1032.3383333333334
947,10.6218,5.0,-16.78,-21.78,21.382240000000003,-29.777463873866516,1032.28
948,10.085383333333333,5.0,-16.638333333333335,-21.63833333333333,21.70621333333333,-29.666198922906467,1032.2216666666666
949,9.548966666666669,5.0,-16.496666666666666,-21.496666666666663,22.03018666666667,-29.553477972369578,1032.1633333333334
950,9.01255,5.0,-16.355,-21.355,22.35416,-29.439336098621354,1032.105
951,8.476133333333333,5.0,-16.213333333333335,-21.21333333333333,22.67813333333333,-29.323806992323668,1032.0466666666666
952,8.1811,5.01,-16.081666666666667,-21.09166666666667,22.804482933333336,-29.175739758195803,1031.996666666667
953,8.851600000000001,5.0600000000000005,-15.990000000000002,-21.05,22.1403376,-28.90053709270807,1031.98
954,9.5221,5.11,-15.898333333333335,-21.008333333333336,21.47619226666667,-28.62208510710158,1031.9633333333334
955,10.1926,5.16,-15.806666666666668,-20.96666666666667,20.81204693333333,-28.3401847898868,1031.9466666666667
956,10.8631,5.210000000000001,-15.715000000000002,-20.925,20.1479016,-28.054618525144,1031.93
957,11.5336,5.260000000000001,-15.623333333333337,-20.883333333333336,19.483756266666667,-27.7651476838603,1031.9133333333334
958,12.2041,5.3100000000000005,-15.531666666666668,-20.84166666666667,18.819610933333337,-27.471509809941658,1031.8966666666663
959,12.8746,5.360000000000001,-15.44,-20.8,18.1554656,-27.173415315778957,1031.88
960,13.5451,5.410000000000001,-15.348333333333334,-20.758333333333336,17.49132026666667,-26.870543580548038,1031.8633333333332
961,14.2156,5.460000000000001,-15.256666666666668,-20.71666666666667,16.827174933333335,-26.562538316143357,1031.8466666666666
962,14.8861,5.510000000000002,-15.165,-20.675,16.1630296,-26.249002028440785,1031.83
963,15.5566,5.560000000000001,-15.073333333333334,-20.633333333333336,15.498884266666668,-25.92948935215062,1031.8133333333333
964,16.066183333333335,5.590000000000002,-14.99,-20.58,15.003205066666666,-25.667491416887145,1031.78
965,15.9321,5.540000000000001,-14.94,-20.48,15.1813904,-25.65833133484597,1031.6799999999998
966,15.798016666666667,5.490000000000001,-14.89,-20.380000000000003,15.359575733333331,-25.64849816888091,1031.58
967,15.663933333333333,5.44,-14.84,-20.28,15.537761066666668,-25.638005371127377,1031.48
968,15.52985,5.390000000000001,-14.79,-20.18,15.7159464,-25.626865965792412,1031.38
969,15.395766666666669,5.34,-14.74,-20.08,15.894131733333332,-25.6150925675299,1031.28
970,15.261683333333334,5.29,-14.69,-19.98,16.072317066666667,-25.602697398828752,1031.1799999999998
971,15.1276,5.239999999999999,-14.64,-19.88,16.250502400000002,-25.589692306477346,1031.08
972,14.993516666666666,5.19,-14.59,-19.78,16.428687733333334,-25.576088777162933,1030.98
973,14.859433333333332,5.139999999999999,-14.54,-19.68,16.60687306666667,-25.56189795226036,1030.88
974,14.72535,5.089999999999999,-14.49,-19.58,16.7850584,-25.54713064186047,1030.78
975,14.591266666666666,5.039999999999998,-14.44,-19.48,16.963243733333336,-25.531797338085013,1030.6799999999998
976,14.457183333333331,4.989999999999998,-14.391666666666667,-19.381666666666664,17.070154933333335,-25.498303959544494,1030.5966666666666
977,14.3231,4.939999999999999,-14.35,-19.29,16.8919696,-25.393969243419335,1030.58
978,14.189016666666667,4.889999999999999,-14.308333333333334,-19.19833333333333,16.713784266666668,-25.28928865689616,1030.5633333333333
979,14.054933333333333,4.839999999999999,-14.266666666666667,-19.106666666666666,16.535598933333333,-25.184254780973646,1030.5466666666666
980,13.92085,4.789999999999999,-14.225,-19.015,16.3574136,-25.078859963072425,1030.53
981,13.786766666666669,4.739999999999999,-14.183333333333334,-18.92333333333333,16.179228266666666,-24.973096307108566,1030.513333333333
982,13.652683333333334,4.69,-14.141666666666667,-18.831666666666667,16.001042933333334,-24.866955663031895,1030.496666666667
983,13.5186,4.64,-14.1,-18.74,15.8228576,-24.760429615794116,1030.48
984,13.384516666666666,4.59,-14.058333333333334,-18.648333333333333,15.644672266666667,-24.6535094737089,1030.4633333333334
985,13.250433333333334,4.54,-14.016666666666667,-18.55666666666667,15.466486933333334,-24.546186256163114,1030.4466666666667
986,13.11635,4.49,-13.975,-18.465,15.2883016,-24.438450680635114,1030.43
987,12.982266666666668,4.44,-13.933333333333334,-18.37333333333333,15.110116266666669,-24.33029314897257,1030.4133333333334
988,12.7677,4.391666666666667,-13.908333333333331,-18.3,15.067999733333334,-24.28501605999862,1030.3916666666669
989,12.2312,4.3500000000000005,-13.95,-18.3,15.5701584,-24.49045640066153,1030.35
990,11.6947,4.308333333333334,-13.991666666666667,-18.3,16.072317066666667,-24.692141169129275,1030.3083333333334
991,11.1582,4.266666666666667,-14.033333333333331,-18.3,16.574475733333333,-24.89028868339053,1030.2666666666669
992,10.6217,4.2250000000000005,-14.075,-18.3,17.0766344,-25.085098576480465,1030.225
993,10.0852,4.183333333333334,-14.116666666666667,-18.3,17.578793066666666,-25.27675388844797,1030.1833333333334
994,9.5487,4.141666666666668,-14.158333333333331,-18.3,18.08095173333333,-25.465422871821236,1030.1416666666669
995,9.0122,4.1000000000000005,-14.2,-18.3,18.5831104,-25.651260556588134,1030.1
996,8.4757,4.058333333333334,-14.241666666666667,-18.3,19.08526906666667,-25.83441011228549,1030.0583333333334
997,7.9392,4.016666666666668,-14.283333333333331,-18.3,19.58742773333333,-26.015004038089298,1030.0166666666669
998,7.4027,3.975000000000001,-14.325,-18.3,20.0895864,-26.193165206430645,1029.975
999,6.8662,3.9333333333333336,-14.366666666666667,-18.3,20.591745066666668,-26.369007781336755,1029.9333333333334
1000,6.309947368421053,3.905263157894737,-14.378947368421054,-18.28421052631579,21.310624842105263,-26.55365871249993,1024.9
1001,5.674684210526316,3.9315789473684215,-14.273684210526316,-18.205263157894738,22.89638905263158,-26.767233907586725,999.9
1002,5.039421052631579,3.9578947368421056,-14.16842105263158,-18.126315789473683,24.482153263157898,-26.959085002283665,974.9
1003,4.4041578947368425,3.9842105263157896,-14.06315789473684,-18.04736842105263,26.06791747368421,-27.131675437114744,949.9
1004,3.8621,4.0,-14.0,-18.0,26.922184,-27.208611053047182,934.86
1005,3.45985,4.0,-14.0,-18.0,26.679204,-27.162765324481242,934.76
1006,3.0576,4.0,-14.0,-18.0,26.436224,-27.11656751160048,934.66
1007,2.6553500000000003,4.0,-14.0,-18.0,26.193244,-27.07001163682458,934.56
1008,2.375714285714286,3.990476190476192,-13.99047619047619,-17.98095238095238,26.23258361904762,-27.064625791365998,943.5095238095238
1009,2.28,3.966666666666667,-13.966666666666669,-17.933333333333334,26.695402666666663,-27.12044562479743,966.0333333333332
1010,2.184285714285714,3.942857142857143,-13.942857142857145,-17.885714285714286,27.15822171428572,-27.174892586651616,988.5571428571428
1011,2.0885714285714285,3.9190476190476193,-13.91904761904762,-17.83809523809524,27.62104076190476,-27.228008470226257,1011.0809523809525
1012,2.2466666666666666,3.9083333333333337,-13.908333333333331,-17.816666666666666,27.570130666666667,-27.204023809003317,1021.2166666666666
1013,3.42,3.95,-13.95,-17.9,25.464304,-26.86033149749248,981.8
1014,4.593333333333334,3.991666666666666,-13.991666666666667,-17.983333333333334,23.358477333333337,-26.486963163833977,942.3833333333332
1015,4.733294117647059,4.0,-14.0,-18.0,23.41755482352941,-26.510677417893728,934.464705882353
1016,4.614911764705883,4.0,-14.0,-18.0,24.01785835294118,-26.636192663290423,934.420588235294
1017,4.496529411764706,4.0,-14.0,-18.0,24.618161882352943,-26.75909980468493,934.3764705882352
1018,4.378147058823529,4.0,-14.0,-18.0,25.218465411764708,-26.879514694164463,934.3323529411764
1019,4.259764705882353,4.0,-14.0,-18.0,25.818768941176472,-26.997545427656107,934.2882352941176
1020,4.141382352941176,4.0,-14.0,-18.0,26.41907247058824,-27.113293030897854,934.2441176470588
1021,4.023,4.0,-14.0,-18.0,27.019376,-27.22685207065962,934.2
1022,4.023,4.142857142857143,-13.964285714285714,-18.107142857142858,25.561496,-26.898800163259136,967.95
1023,4.023,4.285714285714286,-13.928571428571429,-18.214285714285715,24.103616,-26.5575067538818,1001.7
1024,4.492416666666666,4.366666666666667,-13.908333333333331,-18.275,23.034504,-26.305935049831774,1020.85
1025,6.839500000000001,4.2,-13.95,-18.15,23.520464000000004,-26.465046521514793,981.6
1026,9.186583333333337,4.033333333333333,-13.991666666666667,-18.025,24.006424000000003,-26.622583785839034,942.35
1027,10.192416666666666,4.041666666666666,-14.033333333333331,-18.075,23.682450666666668,-26.611311544628656,942.4416666666666
1028,10.8629375,4.09375,-14.075,-18.16875,23.155994000000003,-26.55601330007073,952.36875
1029,11.533458333333334,4.145833333333333,-14.116666666666667,-18.2625,22.62953733333333,-26.49834663893968,962.2958333333332
1030,12.203979166666668,4.197916666666666,-14.158333333333331,-18.35625,22.10308066666667,-26.438212181252908,972.2229166666666
1031,12.8745,4.249999999999999,-14.2,-18.45,21.576624,-26.375503816261556,982.15
1032,13.545020833333334,4.302083333333332,-14.241666666666667,-18.54375,21.05016733333333,-26.310108067886667,992.0770833333332
1033,14.215541666666669,4.354166666666665,-14.283333333333331,-18.6375,20.52371066666667,-26.24190338270072,1002.0041666666666
1034,14.8860625,4.406249999999998,-14.325,-18.73125,19.997254,-26.170759328740182,1011.93125
1035,15.556583333333332,4.458333333333332,-14.366666666666667,-18.825,19.470797333333337,-26.09653569130319,1021.8583333333332
1036,16.012533333333334,4.489999999999998,-14.4,-18.89,19.13386506666667,-26.056168500260792,1029.7949999999998
1037,15.6102,4.439999999999999,-14.4,-18.84,19.555030400000003,-26.161650644325277,1029.77
1038,15.207866666666666,4.389999999999999,-14.4,-18.79,19.97619573333333,-26.265241416083498,1029.745
1039,14.805533333333331,4.339999999999999,-14.4,-18.74,20.39736106666667,-26.36701355314704,1029.72
1040,14.4032,4.289999999999999,-14.4,-18.69,20.818526400000003,-26.46703556375838,1029.695
1041,14.000866666666669,4.239999999999999,-14.4,-18.64,21.239691733333338,-26.565372052642697,1029.67
1042,13.598533333333334,4.19,-14.4,-18.59,21.66085706666667,-26.662084015837706,1029.645
1043,13.1962,4.14,-14.4,-18.54,22.082022400000003,-26.75722910799671,1029.62
1044,12.793866666666666,4.09,-14.4,-18.49,22.50318773333333,-26.850861885207166,1029.595
1045,12.391533333333332,4.04,-14.4,-18.44,22.92435306666667,-26.943034025980726,1029.57
1046,11.9892,3.99,-14.4,-18.39,23.345518400000003,-27.033794532739485,1029.545
1047,11.586866666666667,3.94,-14.4,-18.34,23.766683733333338,-27.12318991583814,1029.52
1048,11.238183333333334,3.9,-14.4,-18.3,24.084177600000004,-27.189704741845308,1029.495
1049,11.1041,3.9,-14.4,-18.3,23.986985600000004,-27.16942168170072,1029.47
1050,10.970016666666668,3.9,-14.4,-18.3,23.8897936,-27.149069468944887,1029.445
1051,10.835933333333331,3.9,-14.4,-18.3,23.7926016,-27.1286475850295,1029.42
1052,10.70185,3.9,-14.4,-18.3,23.6954096,-27.108155505380058,1029.395
1053,10.567766666666667,3.9,-14.4,-18.3,23.5982176,-27.087592699300718,1029.37
1054,10.433683333333336,3.9,-14.4,-18.3,23.5010256,-27.06695862987741,1029.345
1055,10.2996,3.9,-14.4,-18.3,23.4038336,-27.046252753878843,1029.32
1056,10.165516666666669,3.9,-14.4,-18.3,23.306641600000003,-27.02547452165561,1029.295
1057,10.031433333333334,3.9,-14.4,-18.3,23.209449600000003,-27.004623377037234,1029.27
1058,9.89735,3.9,-14.4,-18.3,23.112257600000003,-26.983698757227124,1029.245
1059,9.763266666666668,3.9,-14.4,-18.3,23.015065600000003,-26.962700092695364,1029.22
1060,9.629183333333334,3.9,-14.391666666666667,-18.291666666666668,22.9567504,-26.938865477293184,1029.2083333333337
1061,9.4951,3.9,-14.35,-18.25,23.053942400000004,-26.903886240296224,1029.25
1062,9.361016666666668,3.9,-14.308333333333334,-18.208333333333336,23.151134400000004,-26.86879206203652,1029.2916666666667
1063,9.226933333333331,3.9,-14.266666666666667,-18.166666666666668,23.248326400000003,-26.833583730228867,1029.3333333333337
1064,9.09285,3.9,-14.225,-18.125,23.345518400000003,-26.798262023597562,1029.375
1065,8.958766666666667,3.9,-14.183333333333334,-18.083333333333336,23.442710400000003,-26.76282771201728,1029.4166666666667
1066,8.824683333333335,3.9,-14.141666666666667,-18.041666666666668,23.539902400000003,-26.7272815566511,1029.4583333333337
1067,8.6906,3.9,-14.1,-18.0,23.6370944,-26.69162431008582,1029.5
1068,8.556516666666667,3.9,-14.058333333333334,-17.958333333333336,23.7342864,-26.65585671646463,1029.5416666666667
1069,8.422433333333334,3.9,-14.016666666666667,-17.916666666666668,23.8314784,-26.61997951161717,1029.5833333333337
1070,8.288350000000001,3.9,-13.975,-17.875,23.9286704,-26.583993423187067,1029.625
1071,8.154266666666668,3.9,-13.933333333333334,-17.833333333333336,24.0258624,-26.547899170757013,1029.6666666666667
1072,8.047,3.928947368421053,-13.876315789473685,-17.80526315789474,24.072923789473688,-26.480666165610486,1027.2368421052631
1073,8.047,4.0736842105263165,-13.757894736842106,-17.83157894736842,23.919462736842107,-26.289269056343485,1014.921052631579
1074,8.047,4.218421052631579,-13.639473684210529,-17.857894736842105,23.76600168421053,-26.097878035065243,1002.6052631578948
1075,8.047,4.363157894736842,-13.521052631578948,-17.88421052631579,23.61254063157895,-25.906492508537255,990.2894736842104
1076,8.047,4.507894736842106,-13.402631578947368,-17.910526315789475,23.45907957894737,-25.715111868896507,977.9736842105264
1077,8.047,4.652631578947369,-13.284210526315787,-17.936842105263157,23.30561852631579,-25.523735493243088,965.657894736842
1078,8.047,4.797368421052632,-13.16578947368421,-17.96315789473684,23.152157473684213,-25.33236274321378,953.342105263158
1079,8.047,4.942105263157895,-13.047368421052632,-17.989473684210527,22.998696421052635,-25.140992964541123,941.0263157894738
1080,8.266409090909091,4.85,-13.122727272727271,-17.972727272727273,23.09635345454545,-25.262773423906985,948.8636363636364
1081,8.632090909090909,4.6000000000000005,-13.327272727272728,-17.927272727272726,23.36142254545455,-25.593326449167456,970.1363636363636
1082,8.997772727272729,4.3500000000000005,-13.53181818181818,-17.881818181818183,23.62649163636364,-25.92389098158906,991.409090909091
1083,9.363454545454546,4.1000000000000005,-13.736363636363636,-17.836363636363636,23.89156072727273,-26.254470253203642,1012.6818181818182
1084,9.8706,3.906666666666667,-13.906666666666666,-17.813333333333333,23.961067733333337,-26.498532637381505,1023.46
1085,10.9436,3.94,-13.94,-17.88,23.248326400000003,-26.394080949698346,992.26
1086,12.0166,3.9733333333333336,-13.973333333333333,-17.946666666666665,22.53558506666667,-26.28549378883067,961.06
1087,12.94651111111111,3.997777777777778,-14.022222222222222,-18.02,21.943793777777778,-26.220418064483447,938.1933333333334
1088,13.304066666666667,3.9866666666666655,-14.133333333333333,-18.12,21.83580266666667,-26.34494149581457,948.66
1089,13.661622222222222,3.9755555555555553,-14.244444444444444,-18.22,21.72781155555556,-26.469238042180706,959.1266666666668
1090,14.019177777777776,3.964444444444444,-14.355555555555556,-18.32,21.619820444444446,-26.593305989152807,969.5933333333334
1091,14.376733333333334,3.9533333333333327,-14.466666666666669,-18.42,21.51182933333333,-26.71714359946384,980.06
1092,14.734288888888887,3.942222222222221,-14.577777777777778,-18.52,21.403838222222223,-26.84074911258181,990.5266666666666
1093,15.091844444444444,3.93111111111111,-14.688888888888888,-18.62,21.29584711111111,-26.964120744272535,1000.9933333333332
1094,15.4494,3.919999999999999,-14.8,-18.72,21.187856,-27.08725668615186,1011.46
1095,15.806955555555556,3.908888888888888,-14.911111111111111,-18.82,21.07986488888889,-27.210155105227,1021.9266666666666
1096,16.093,3.899999999999999,-15.0,-18.9,20.993472,-27.30830157629913,1030.3
1097,16.093,3.899999999999999,-15.0,-18.9,20.993472,-27.30830157629913,1030.3
1098,16.093,3.899999999999999,-15.0,-18.9,20.993472,-27.30830157629913,1030.3
1099,16.093,3.899999999999999,-15.0,-18.9,20.993472,-27.30830157629913,1030.3
1100,16.093,3.899999999999999,-15.0,-18.9,20.993472,-27.30830157629913,1030.3
1101,16.093,3.899999999999999,-15.0,-18.9,20.993472,-27.30830157629913,1030.3
1102,16.093,3.899999999999999,-15.0,-18.9,20.993472,-27.30830157629913,1030.3
1103,16.093,3.899999999999999,-15.0,-18.9,20.993472,-27.30830157629913,1030.3
